20161128
Time (EST),Temp.,Windchill,Dew Point,Humidity,Pressure,Visibility,Wind Dir,Wind Speed,Gust Speed,Precip,Events,Conditions

12:51 AM,41.0°F,  -,27.0°F,57%,30.14in,10.0mi,North,  -,  -,N/A,	,Clear

1:51 AM,39.9°F,36.7°F,27.0°F,60%,30.16in,10.0mi,Variable,4.6mph,  -,N/A,	,Clear

2:51 AM,39.0°F,36.8°F,28.0°F,65%,30.16in,10.0mi,Variable,3.5mph,  -,N/A,	,Clear

3:51 AM,41.0°F,38.0°F,28.0°F,60%,30.16in,10.0mi,WNW,4.6mph,  -,N/A,	,Clear

4:51 AM,39.9°F,35.8°F,28.0°F,63%,30.17in,10.0mi,West,5.8mph,  -,N/A,	,Clear

5:51 AM,39.9°F,35.8°F,28.0°F,63%,30.18in,10.0mi,WNW,5.8mph,  -,N/A,	,Clear

6:51 AM,39.0°F,  -,28.0°F,65%,30.19in,10.0mi,Calm,Calm,  -,N/A,	,Clear

7:51 AM,39.0°F,34.8°F,28.9°F,67%,30.20in,10.0mi,WNW,5.8mph,  -,N/A,	,Clear

8:51 AM,43.0°F,40.3°F,30.0°F,60%,30.21in,10.0mi,NW,4.6mph,  -,N/A,	,Clear

9:51 AM,44.1°F,41.5°F,30.9°F,60%,30.22in,9.0mi,WNW,4.6mph,  -,N/A,	,Clear

10:51 AM,46.9°F,  -,30.9°F,54%,30.21in,9.0mi,Calm,Calm,  -,N/A,	,Clear

11:51 AM,48.9°F,  -,28.9°F,46%,30.18in,10.0mi,West,3.5mph,  -,N/A,	,Clear

12:51 PM,51.1°F,  -,28.9°F,43%,30.15in,10.0mi,Calm,Calm,  -,N/A,	,Clear

1:51 PM,51.1°F,  -,28.9°F,43%,30.15in,10.0mi,Variable,3.5mph,  -,N/A,	,Clear

2:51 PM,51.1°F,  -,28.9°F,43%,30.13in,10.0mi,Variable,5.8mph,  -,N/A,	,Clear

3:51 PM,50.0°F,  -,30.0°F,46%,30.12in,10.0mi,South,4.6mph,  -,N/A,	,Clear

4:51 PM,48.0°F,  -,30.9°F,52%,30.13in,10.0mi,South,6.9mph,  -,N/A,	,Clear

5:51 PM,46.9°F,  -,34.0°F,61%,30.14in,10.0mi,Variable,3.5mph,  -,N/A,	,Clear

6:51 PM,48.0°F,  -,33.1°F,56%,30.15in,10.0mi,Calm,Calm,  -,N/A,	,Clear

7:51 PM,46.9°F,  -,33.1°F,59%,30.15in,10.0mi,Variable,4.6mph,  -,N/A,	,Clear

8:51 PM,48.0°F,  -,35.1°F,61%,30.15in,10.0mi,North,  -,  -,N/A,	,Clear

9:51 PM,48.9°F,  -,36.0°F,61%,30.15in,10.0mi,Calm,Calm,  -,N/A,	,Clear

10:51 PM,50.0°F,  -,37.9°F,63%,30.14in,10.0mi,Calm,Calm,  -,N/A,	,Partly Cloudy

11:51 PM,51.1°F,  -,39.0°F,63%,30.14in,10.0mi,North,  -,  -,N/A,	,Overcast

