20160923
Time (EDT),Temp.,Heat Index,Dew Point,Humidity,Pressure,Visibility,Wind Dir,Wind Speed,Gust Speed,Precip,Events,Conditions

12:51 AM,68.0°F,  -,57.0°F,68%,30.07in,10.0mi,Calm,Calm,  -,N/A,	,Clear

1:51 AM,69.1°F,  -,53.1°F,57%,30.06in,10.0mi,Calm,Calm,  -,N/A,	,Clear

2:51 AM,66.9°F,  -,55.0°F,66%,30.05in,10.0mi,Calm,Calm,  -,N/A,	,Clear

3:51 AM,66.0°F,  -,54.0°F,65%,30.04in,10.0mi,Calm,Calm,  -,N/A,	,Clear

4:51 AM,66.0°F,  -,52.0°F,60%,30.05in,9.0mi,Calm,Calm,  -,N/A,	,Clear

5:51 AM,64.0°F,  -,54.0°F,70%,30.06in,10.0mi,WNW,3.5mph,  -,N/A,	,Clear

6:51 AM,64.0°F,  -,55.9°F,75%,30.06in,9.0mi,Calm,Calm,  -,N/A,	,Clear

7:51 AM,66.0°F,  -,59.0°F,78%,30.05in,8.0mi,Calm,Calm,  -,N/A,	,Clear

8:51 AM,69.1°F,  -,61.0°F,75%,30.05in,9.0mi,Variable,3.5mph,  -,N/A,	,Clear

9:51 AM,72.0°F,  -,55.9°F,57%,30.04in,9.0mi,Calm,Calm,  -,N/A,	,Clear

10:51 AM,77.0°F,  -,52.0°F,42%,30.01in,10.0mi,Variable,3.5mph,  -,N/A,	,Clear

11:51 AM,80.1°F,79.9°F,53.1°F,39%,30.00in,9.0mi,Variable,3.5mph,  -,N/A,	,Clear

12:51 PM,82.9°F,81.8°F,53.1°F,36%,29.99in,10.0mi,Calm,Calm,  -,N/A,	,Clear

1:51 PM,86.0°F,  -,51.1°F,30%,29.96in,10.0mi,Variable,4.6mph,  -,N/A,	,Clear

2:51 PM,86.0°F,  -,52.0°F,31%,29.95in,10.0mi,Calm,Calm,  -,N/A,	,Clear

3:51 PM,86.0°F,84.7°F,55.9°F,36%,29.93in,10.0mi,Calm,Calm,  -,N/A,	,Clear

4:51 PM,84.9°F,84.4°F,59.0°F,41%,29.92in,10.0mi,Variable,3.5mph,  -,N/A,	,Clear

5:51 PM,82.0°F,82.7°F,61.0°F,49%,29.93in,9.0mi,Variable,4.6mph,  -,N/A,	,Clear

6:51 PM,79.0°F,  -,60.1°F,52%,29.94in,9.0mi,Calm,Calm,  -,N/A,	,Clear

7:51 PM,77.0°F,  -,60.1°F,56%,29.94in,10.0mi,Calm,Calm,  -,N/A,	,Clear

8:51 PM,77.0°F,  -,60.1°F,56%,29.95in,9.0mi,Calm,Calm,  -,N/A,	,Clear

9:51 PM,77.0°F,  -,61.0°F,58%,29.95in,9.0mi,Calm,Calm,  -,N/A,	,Clear

10:51 PM,77.0°F,  -,63.0°F,62%,29.97in,10.0mi,NNE,6.9mph,  -,N/A,	,Mostly Cloudy

11:51 PM,73.0°F,  -,61.0°F,66%,29.99in,10.0mi,Variable,4.6mph,  -,N/A,	,Overcast

