20160731
Time (EDT),Temp.,Dew Point,Humidity,Pressure,Visibility,Wind Dir,Wind Speed,Gust Speed,Precip,Events,Conditions

12:12 AM,73.9°F,72.0°F,93%,30.05in,2.5mi,Variable,3.5mph,  -,N/A,	,Mostly Cloudy

12:44 AM,73.9°F,72.0°F,93%,30.06in,3.0mi,SSE,5.8mph,  -,N/A,	,Overcast

12:51 AM,73.9°F,72.0°F,93%,30.03in,3.0mi,South,5.8mph,  -,N/A,	,Overcast

1:10 AM,73.9°F,72.0°F,93%,30.04in,4.0mi,Variable,4.6mph,  -,N/A,	,Overcast

1:26 AM,73.9°F,72.0°F,93%,30.04in,4.0mi,SE,4.6mph,  -,N/A,	,Mostly Cloudy

1:51 AM,73.9°F,72.0°F,93%,30.00in,3.0mi,Calm,Calm,  -,N/A,	,Overcast

2:51 AM,73.9°F,72.0°F,93%,29.99in,5.0mi,Variable,3.5mph,  -,N/A,	,Overcast

3:07 AM,73.9°F,72.0°F,93%,30.02in,5.0mi,Variable,3.5mph,  -,N/A,	,Overcast

3:51 AM,73.9°F,71.1°F,91%,29.99in,6.0mi,Variable,4.6mph,  -,N/A,	,Overcast

4:19 AM,73.0°F,70.0°F,90%,30.01in,7.0mi,North,  -,  -,N/A,	,Overcast

4:48 AM,73.4°F,71.6°F,94%,30.02in,6.0mi,Calm,Calm,  -,N/A,	,Overcast

4:51 AM,73.9°F,71.1°F,91%,29.99in,6.0mi,Variable,3.5mph,  -,N/A,	,Overcast

5:03 AM,73.9°F,71.1°F,91%,30.02in,6.0mi,Calm,Calm,  -,N/A,	,Overcast

5:51 AM,73.9°F,72.0°F,93%,30.00in,5.0mi,Calm,Calm,  -,0.01in,	,Overcast

6:07 AM,73.9°F,71.1°F,91%,30.03in,4.0mi,Variable,3.5mph,  -,N/A,	,Overcast

6:23 AM,73.9°F,71.1°F,91%,30.04in,5.0mi,Calm,Calm,  -,N/A,	,Overcast

6:30 AM,73.9°F,71.1°F,91%,30.03in,5.0mi,Variable,4.6mph,  -,N/A,	,Overcast

6:51 AM,73.9°F,71.1°F,91%,30.00in,5.0mi,Variable,3.5mph,  -,N/A,	,Overcast

7:51 AM,75.0°F,72.0°F,90%,30.01in,4.0mi,Calm,Calm,  -,N/A,	,Overcast

8:16 AM,75.0°F,72.0°F,90%,30.05in,5.0mi,Variable,3.5mph,  -,0.00in,Rain,Light Rain

8:51 AM,75.0°F,72.0°F,90%,30.02in,4.0mi,Variable,4.6mph,  -,0.00in,	,Overcast

9:31 AM,75.9°F,71.1°F,85%,30.04in,7.0mi,SSE,10.4mph,  -,N/A,	,Overcast

9:51 AM,75.9°F,71.1°F,85%,30.01in,7.0mi,Variable,4.6mph,  -,N/A,	,Overcast

10:27 AM,73.9°F,72.0°F,93%,30.04in,4.0mi,SSE,6.9mph,  -,0.03in,Rain,Light Rain

10:39 AM,75.0°F,71.1°F,87%,30.04in,6.0mi,SE,9.2mph,  -,0.03in,	,Overcast

10:51 AM,75.9°F,70.0°F,82%,30.01in,6.0mi,SE,8.1mph,  -,0.03in,	,Haze

11:51 AM,75.9°F,70.0°F,82%,30.02in,7.0mi,Variable,4.6mph,  -,N/A,	,Overcast

12:09 PM,75.0°F,71.1°F,87%,30.05in,2.0mi,Variable,6.9mph,  -,0.02in,Rain,Light Rain

12:29 PM,73.9°F,72.0°F,93%,30.04in,1.5mi,SE,8.1mph,  -,0.07in,Rain,Light Rain

12:39 PM,75.0°F,72.0°F,90%,30.04in,3.0mi,SE,9.2mph,  -,0.09in,Rain,Light Rain

12:51 PM,75.0°F,73.0°F,94%,30.01in,5.0mi,North,  -,  -,0.09in,	,Overcast

1:51 PM,75.9°F,71.1°F,85%,30.01in,7.0mi,Calm,Calm,  -,0.00in,	,Overcast

2:00 PM,75.9°F,71.1°F,85%,30.03in,7.0mi,Variable,4.6mph,  -,N/A,	,Overcast

2:43 PM,77.0°F,71.1°F,82%,30.03in,8.0mi,Variable,4.6mph,  -,N/A,	,Overcast

2:51 PM,77.0°F,71.1°F,82%,30.00in,8.0mi,Variable,4.6mph,  -,N/A,	,Overcast

3:02 PM,75.9°F,71.1°F,85%,30.03in,8.0mi,Variable,4.6mph,  -,N/A,	,Overcast

3:46 PM,78.8°F,69.8°F,74%,30.01in,9.0mi,Calm,Calm,  -,N/A,	,Overcast

3:51 PM,77.0°F,70.0°F,79%,29.98in,8.0mi,Variable,4.6mph,  -,N/A,	,Overcast

4:16 PM,77.0°F,70.0°F,79%,30.01in,8.0mi,Variable,3.5mph,  -,N/A,	,Overcast

4:32 PM,77.0°F,70.0°F,79%,30.01in,8.0mi,Variable,4.6mph,  -,N/A,	,Overcast

4:51 PM,78.1°F,70.0°F,76%,29.99in,8.0mi,North,  -,  -,N/A,	,Overcast

5:51 PM,75.9°F,71.1°F,85%,29.99in,8.0mi,Variable,5.8mph,  -,0.01in,	,Overcast

6:51 PM,75.9°F,71.1°F,85%,29.98in,7.0mi,Variable,5.8mph,  -,0.00in,Rain,Light Rain

7:06 PM,75.9°F,71.1°F,85%,30.02in,8.0mi,Variable,6.9mph,  -,0.00in,	,Overcast

7:51 PM,75.0°F,70.0°F,84%,29.99in,10.0mi,SE,5.8mph,  -,0.00in,	,Overcast

8:51 PM,75.0°F,70.0°F,84%,30.00in,10.0mi,East,4.6mph,  -,N/A,	,Overcast

9:07 PM,75.0°F,69.1°F,82%,30.04in,10.0mi,Variable,5.8mph,  -,N/A,	,Overcast

9:16 PM,75.0°F,69.1°F,82%,30.04in,10.0mi,ESE,8.1mph,  -,N/A,	,Overcast

9:35 PM,73.9°F,69.1°F,85%,30.07in,0.8mi,Variable,6.9mph,  -,0.00in,Rain,Light Rain

9:51 PM,72.0°F,70.0°F,93%,30.03in,1.2mi,WNW,5.8mph,  -,0.81in,Rain,Light Rain

9:55 PM,72.0°F,70.0°F,93%,30.05in,2.5mi,Calm,Calm,  -,0.01in,Rain,Light Rain

10:04 PM,72.0°F,70.0°F,93%,30.05in,4.0mi,Variable,5.8mph,  -,0.01in,Rain,Light Rain

10:51 PM,72.0°F,70.0°F,93%,30.04in,3.0mi,NE,8.1mph,  -,0.04in,Rain,Rain

11:51 PM,71.1°F,69.1°F,93%,30.04in,6.0mi,East,5.8mph,  -,0.04in,Rain,Light Rain

