20161216
Time (EST),Temp.,Windchill,Dew Point,Humidity,Pressure,Visibility,Wind Dir,Wind Speed,Gust Speed,Precip,Events,Conditions

12:51 AM,19.0°F,8.2°F,1.9°F,47%,30.18in,10.0mi,WNW,9.2mph,24.2mph,N/A,	,Clear

1:51 AM,19.0°F,8.2°F,1.9°F,47%,30.22in,10.0mi,WNW,9.2mph,18.4mph,N/A,	,Clear

2:51 AM,18.0°F,7.7°F,1.9°F,50%,30.25in,10.0mi,West,8.1mph,  -,N/A,	,Clear

3:51 AM,18.0°F,8.7°F,3.0°F,52%,30.28in,10.0mi,Variable,6.9mph,19.6mph,N/A,	,Clear

4:51 AM,17.1°F,7.6°F,1.9°F,52%,30.31in,10.0mi,Variable,6.9mph,21.9mph,N/A,	,Clear

5:51 AM,17.1°F,8.7°F,3.0°F,54%,30.34in,10.0mi,Variable,5.8mph,  -,N/A,	,Clear

6:51 AM,17.1°F,5.0°F,3.0°F,54%,30.37in,10.0mi,WNW,10.4mph,  -,N/A,	,Clear

7:51 AM,17.1°F,8.7°F,3.9°F,56%,30.40in,10.0mi,Variable,5.8mph,  -,N/A,	,Clear

8:51 AM,18.0°F,9.8°F,3.9°F,54%,30.43in,10.0mi,WNW,5.8mph,  -,N/A,	,Clear

9:51 AM,19.0°F,8.2°F,3.9°F,52%,30.45in,10.0mi,WNW,9.2mph,  -,N/A,	,Clear

10:51 AM,19.9°F,11.1°F,3.9°F,50%,30.46in,10.0mi,Variable,6.9mph,  -,N/A,	,Clear

11:51 AM,21.9°F,14.5°F,5.0°F,48%,30.42in,10.0mi,West,5.8mph,  -,N/A,	,Clear

12:51 PM,24.1°F,15.2°F,5.0°F,44%,30.40in,10.0mi,WNW,8.1mph,  -,N/A,	,Clear

1:51 PM,26.1°F,18.4°F,5.0°F,41%,30.41in,10.0mi,WNW,6.9mph,  -,N/A,	,Clear

2:51 PM,26.1°F,  -,5.0°F,41%,30.40in,10.0mi,Calm,Calm,  -,N/A,	,Clear

3:51 PM,26.1°F,  -,5.0°F,41%,30.41in,10.0mi,Calm,Calm,  -,N/A,	,Scattered Clouds

4:51 PM,25.0°F,  -,5.0°F,43%,30.43in,10.0mi,North,  -,  -,N/A,	,Partly Cloudy

5:51 PM,25.0°F,  -,6.1°F,45%,30.41in,10.0mi,Calm,Calm,  -,N/A,	,Mostly Cloudy

6:51 PM,25.0°F,17.1°F,6.1°F,45%,30.42in,10.0mi,Variable,6.9mph,  -,N/A,	,Clear

7:51 PM,25.0°F,16.3°F,6.1°F,45%,30.42in,10.0mi,SW,8.1mph,  -,N/A,	,Mostly Cloudy

8:51 PM,25.0°F,19.3°F,7.0°F,46%,30.39in,10.0mi,Variable,4.6mph,  -,N/A,	,Overcast

9:51 PM,26.1°F,21.9°F,7.0°F,44%,30.38in,10.0mi,Variable,3.5mph,  -,N/A,	,Overcast

10:51 PM,26.1°F,20.5°F,6.1°F,43%,30.38in,10.0mi,Variable,4.6mph,  -,N/A,	,Overcast

11:51 PM,26.1°F,20.5°F,3.9°F,39%,30.36in,10.0mi,Variable,4.6mph,  -,N/A,	,Overcast

