20160503
Time (EDT),Temp.,Dew Point,Humidity,Pressure,Visibility,Wind Dir,Wind Speed,Gust Speed,Precip,Events,Conditions

12:51 AM,55.0°F,53.1°F,93%,29.93in,2.0mi,Calm,Calm,  -,0.04in,Rain,Light Rain

1:18 AM,55.0°F,53.1°F,93%,29.93in,3.0mi,East,4.6mph,  -,0.02in,Rain,Light Rain

1:27 AM,55.0°F,53.1°F,93%,29.94in,2.5mi,ESE,3.5mph,  -,0.03in,Rain,Light Rain

1:38 AM,54.0°F,52.0°F,93%,29.94in,3.0mi,South,6.9mph,  -,0.03in,Rain,Light Rain

1:51 AM,53.1°F,52.0°F,96%,29.91in,3.0mi,Calm,Calm,  -,0.04in,Rain,Light Rain

1:54 AM,53.1°F,52.0°F,96%,29.93in,2.5mi,Calm,Calm,  -,0.00in,Rain,Light Rain

2:11 AM,54.0°F,52.0°F,93%,29.91in,1.8mi,NE,4.6mph,  -,0.03in,Rain,Light Rain

2:24 AM,54.0°F,52.0°F,93%,29.91in,2.0mi,Calm,Calm,  -,0.04in,Rain,Light Rain

2:34 AM,53.1°F,52.0°F,96%,29.90in,2.0mi,East,3.5mph,  -,0.06in,Rain,Light Rain

2:44 AM,53.1°F,51.1°F,93%,29.90in,3.0mi,ESE,4.6mph,  -,0.07in,Rain,Light Rain

2:51 AM,53.1°F,51.1°F,93%,29.88in,2.5mi,Variable,3.5mph,  -,0.07in,Rain,Light Rain

2:58 AM,53.1°F,51.1°F,93%,29.90in,2.0mi,Variable,5.8mph,  -,0.02in,Rain,Rain

3:12 AM,53.1°F,51.1°F,93%,29.90in,2.0mi,Variable,4.6mph,  -,0.04in,Rain,Rain

3:32 AM,53.1°F,52.0°F,96%,29.90in,2.5mi,Calm,Calm,  -,0.06in,Rain,Light Rain

3:51 AM,53.1°F,51.1°F,93%,29.87in,2.5mi,ENE,4.6mph,  -,0.08in,Rain,Light Rain

4:23 AM,53.1°F,51.1°F,93%,29.88in,1.8mi,Variable,3.5mph,  -,0.06in,Rain,Rain

4:32 AM,53.1°F,51.1°F,93%,29.88in,2.0mi,Variable,3.5mph,  -,0.08in,Rain,Rain

4:51 AM,53.1°F,51.1°F,93%,29.86in,2.0mi,Variable,4.6mph,  -,0.13in,Rain,Rain

5:19 AM,52.0°F,51.1°F,97%,29.89in,3.0mi,Variable,4.6mph,  -,0.05in,Rain,Light Rain

5:51 AM,52.0°F,50.0°F,93%,29.88in,2.5mi,SE,5.8mph,  -,0.11in,Rain,Rain

6:05 AM,51.1°F,50.0°F,96%,29.89in,2.0mi,ESE,4.6mph,  -,0.05in,Rain,Rain

6:21 AM,51.1°F,50.0°F,96%,29.89in,5.0mi,Variable,3.5mph,  -,0.09in,Rain,Light Rain

6:26 AM,51.1°F,50.0°F,96%,29.90in,5.0mi,Variable,3.5mph,  -,0.09in,Rain,Light Rain

6:35 AM,51.1°F,50.0°F,96%,29.89in,6.0mi,East,8.1mph,  -,0.09in,Rain,Light Rain

6:51 AM,52.0°F,50.0°F,93%,29.87in,4.0mi,Variable,5.8mph,  -,0.11in,Rain,Light Rain

7:37 AM,52.0°F,50.0°F,93%,29.89in,6.0mi,ENE,8.1mph,  -,0.01in,Rain,Light Rain

7:51 AM,52.0°F,50.0°F,93%,29.87in,5.0mi,Variable,6.9mph,  -,0.01in,Rain,Light Rain

8:51 AM,52.0°F,50.0°F,93%,29.86in,5.0mi,Variable,6.9mph,  -,0.01in,Rain,Light Rain

9:51 AM,52.0°F,48.9°F,89%,29.85in,3.0mi,East,8.1mph,  -,0.02in,Rain,Light Rain

10:06 AM,52.0°F,48.9°F,89%,29.88in,2.0mi,ENE,8.1mph,  -,0.00in,Rain,Light Rain

10:13 AM,52.0°F,50.0°F,93%,29.88in,1.5mi,East,6.9mph,  -,0.01in,Rain,Light Rain

10:51 AM,51.1°F,48.9°F,92%,29.86in,1.8mi,ENE,10.4mph,  -,0.02in,Rain,Light Rain

11:10 AM,52.0°F,48.9°F,89%,29.88in,2.0mi,East,9.2mph,17.3mph,0.00in,Rain,Light Rain

11:48 AM,51.8°F,50.0°F,94%,29.88in,4.0mi,Variable,6.9mph,  -,0.01in,	,Overcast

11:51 AM,52.0°F,50.0°F,93%,29.85in,4.0mi,East,8.1mph,  -,0.01in,	,Overcast

12:51 PM,52.0°F,48.9°F,89%,29.83in,8.0mi,ENE,10.4mph,17.3mph,N/A,	,Overcast

1:51 PM,51.1°F,48.0°F,89%,29.83in,8.0mi,East,8.1mph,17.3mph,N/A,	,Overcast

2:51 PM,52.0°F,48.9°F,89%,29.82in,4.0mi,ENE,10.4mph,16.1mph,N/A,	,Overcast

3:26 PM,53.1°F,48.0°F,83%,29.84in,9.0mi,ENE,9.2mph,  -,N/A,	,Overcast

3:51 PM,53.1°F,48.9°F,86%,29.82in,10.0mi,NE,6.9mph,  -,N/A,	,Overcast

4:51 PM,54.0°F,48.0°F,80%,29.81in,10.0mi,ENE,9.2mph,  -,N/A,	,Overcast

5:51 PM,54.0°F,48.0°F,80%,29.82in,10.0mi,East,8.1mph,  -,N/A,	,Overcast

6:04 PM,54.0°F,48.0°F,80%,29.85in,10.0mi,ENE,4.6mph,  -,N/A,	,Overcast

6:51 PM,53.1°F,48.9°F,86%,29.83in,6.0mi,ESE,6.9mph,  -,N/A,	,Overcast

7:34 PM,53.1°F,50.0°F,89%,29.86in,2.5mi,East,4.6mph,  -,N/A,	,Overcast

7:47 PM,51.8°F,48.2°F,88%,29.86in,3.0mi,East,4.6mph,  -,N/A,	,Overcast

7:51 PM,52.0°F,48.9°F,89%,29.84in,3.0mi,Variable,4.6mph,  -,N/A,	,Overcast

7:59 PM,52.0°F,48.9°F,89%,29.86in,5.0mi,ENE,4.6mph,  -,N/A,	,Overcast

8:43 PM,52.0°F,48.9°F,89%,29.86in,8.0mi,ESE,5.8mph,  -,N/A,	,Overcast

8:51 PM,52.0°F,48.9°F,89%,29.84in,8.0mi,Variable,3.5mph,  -,N/A,	,Overcast

8:58 PM,52.0°F,48.9°F,89%,29.87in,7.0mi,ESE,4.6mph,  -,N/A,	,Overcast

9:15 PM,53.1°F,48.9°F,86%,29.87in,6.0mi,ENE,4.6mph,  -,N/A,	,Overcast

9:51 PM,52.0°F,48.9°F,89%,29.85in,6.0mi,ENE,3.5mph,  -,N/A,	,Overcast

10:51 PM,52.0°F,48.9°F,89%,29.84in,6.0mi,East,3.5mph,  -,N/A,	,Overcast

11:51 PM,52.0°F,48.9°F,89%,29.83in,4.0mi,East,4.6mph,  -,N/A,	,Overcast

