20160415
Time (EDT),Temp.,Windchill,Dew Point,Humidity,Pressure,Visibility,Wind Dir,Wind Speed,Gust Speed,Precip,Events,Conditions

12:51 AM,45.0°F,42.6°F,30.0°F,56%,30.40in,10.0mi,SSE,4.6mph,  -,N/A,	,Clear

1:51 AM,46.0°F,  -,30.0°F,54%,30.40in,10.0mi,Calm,Calm,  -,N/A,	,Clear

2:51 AM,45.0°F,43.5°F,33.1°F,63%,30.38in,10.0mi,WNW,3.5mph,  -,N/A,	,Clear

3:51 AM,45.0°F,43.5°F,33.1°F,63%,30.38in,10.0mi,NW,3.5mph,  -,N/A,	,Clear

4:51 AM,44.1°F,  -,35.1°F,71%,30.39in,10.0mi,Calm,Calm,  -,N/A,	,Clear

5:51 AM,43.0°F,41.3°F,35.1°F,74%,30.40in,10.0mi,NE,3.5mph,  -,N/A,	,Clear

6:51 AM,44.1°F,  -,35.1°F,71%,30.41in,10.0mi,Calm,Calm,  -,N/A,	,Clear

7:51 AM,46.9°F,  -,35.1°F,63%,30.43in,10.0mi,ENE,4.6mph,  -,N/A,	,Clear

8:51 AM,50.0°F,  -,32.0°F,50%,30.44in,10.0mi,ENE,5.8mph,  -,N/A,	,Clear

9:51 AM,52.0°F,  -,30.0°F,43%,30.46in,10.0mi,ENE,11.5mph,16.1mph,N/A,	,Clear

10:51 AM,53.1°F,  -,23.0°F,31%,30.47in,10.0mi,ENE,6.9mph,  -,N/A,	,Clear

11:51 AM,57.0°F,  -,18.0°F,22%,30.47in,10.0mi,ENE,9.2mph,  -,N/A,	,Clear

12:51 PM,57.0°F,  -,14.0°F,18%,30.45in,10.0mi,Variable,3.5mph,  -,N/A,	,Clear

1:51 PM,60.1°F,  -,19.0°F,20%,30.43in,10.0mi,North,  -,  -,N/A,	,Clear

2:51 PM,62.1°F,  -,21.0°F,21%,30.41in,10.0mi,Variable,4.6mph,  -,N/A,	,Clear

3:51 PM,64.0°F,  -,21.9°F,20%,30.38in,10.0mi,Calm,Calm,  -,N/A,	,Clear

4:51 PM,63.0°F,  -,17.1°F,17%,30.37in,10.0mi,Variable,3.5mph,  -,N/A,	,Clear

5:51 PM,62.1°F,  -,24.1°F,23%,30.37in,10.0mi,Calm,Calm,  -,N/A,	,Clear

6:51 PM,59.0°F,  -,26.1°F,28%,30.36in,10.0mi,Calm,Calm,  -,N/A,	,Clear

7:51 PM,55.9°F,  -,27.0°F,33%,30.37in,10.0mi,South,5.8mph,  -,N/A,	,Clear

8:51 PM,48.9°F,  -,33.1°F,54%,30.40in,10.0mi,SSE,6.9mph,  -,N/A,	,Clear

9:51 PM,48.0°F,  -,33.1°F,56%,30.41in,10.0mi,Calm,Calm,  -,N/A,	,Clear

11:51 PM,46.9°F,  -,35.1°F,63%,30.41in,10.0mi,South,3.5mph,  -,N/A,	,Clear

