20161202
Time (EST),Temp.,Windchill,Dew Point,Humidity,Pressure,Visibility,Wind Dir,Wind Speed,Gust Speed,Precip,Events,Conditions

12:51 AM,42.1°F,36.1°F,26.1°F,53%,29.85in,10.0mi,West,10.4mph,19.6mph,N/A,	,Clear

1:51 AM,41.0°F,34.3°F,26.1°F,55%,29.86in,10.0mi,West,11.5mph,  -,N/A,	,Clear

2:51 AM,41.0°F,35.2°F,27.0°F,57%,29.88in,10.0mi,West,9.2mph,  -,N/A,	,Clear

3:51 AM,39.9°F,34.5°F,27.0°F,60%,29.87in,10.0mi,West,8.1mph,  -,N/A,	,Clear

4:51 AM,39.9°F,33.9°F,27.0°F,60%,29.88in,10.0mi,West,9.2mph,  -,N/A,	,Partly Cloudy

5:51 AM,41.0°F,38.0°F,27.0°F,57%,29.89in,10.0mi,West,4.6mph,  -,N/A,	,Clear

6:51 AM,41.0°F,38.0°F,28.0°F,60%,29.90in,10.0mi,Variable,4.6mph,  -,N/A,	,Clear

7:51 AM,41.0°F,36.4°F,28.0°F,60%,29.91in,10.0mi,Variable,6.9mph,  -,N/A,	,Clear

8:51 AM,42.1°F,37.7°F,28.0°F,58%,29.91in,10.0mi,Variable,6.9mph,  -,N/A,	,Clear

9:51 AM,44.1°F,40.1°F,28.9°F,55%,29.93in,10.0mi,Variable,6.9mph,21.9mph,N/A,	,Clear

10:51 AM,46.9°F,  -,30.0°F,52%,29.91in,10.0mi,West,9.2mph,  -,N/A,	,Clear

11:51 AM,48.9°F,  -,28.9°F,46%,29.88in,10.0mi,WNW,9.2mph,23.0mph,N/A,	,Clear

12:51 PM,50.0°F,  -,28.0°F,43%,29.86in,10.0mi,Variable,6.9mph,25.3mph,N/A,	,Mostly Cloudy

1:51 PM,50.0°F,  -,28.0°F,43%,29.86in,10.0mi,WNW,10.4mph,20.7mph,N/A,	,Overcast

2:51 PM,50.0°F,  -,27.0°F,41%,29.86in,10.0mi,WNW,9.2mph,21.9mph,N/A,	,Mostly Cloudy

3:51 PM,50.0°F,  -,28.0°F,43%,29.86in,10.0mi,WNW,9.2mph,  -,N/A,	,Overcast

4:51 PM,48.9°F,  -,26.1°F,41%,29.88in,10.0mi,West,9.2mph,24.2mph,N/A,	,Partly Cloudy

5:51 PM,48.0°F,  -,26.1°F,42%,29.88in,10.0mi,WNW,10.4mph,19.6mph,N/A,	,Clear

6:51 PM,46.9°F,  -,27.0°F,46%,29.89in,10.0mi,West,12.7mph,21.9mph,N/A,	,Mostly Cloudy

7:51 PM,46.9°F,  -,28.0°F,48%,29.89in,10.0mi,West,12.7mph,21.9mph,N/A,	,Mostly Cloudy

8:51 PM,46.0°F,40.6°F,28.0°F,50%,29.90in,10.0mi,WNW,11.5mph,20.7mph,N/A,	,Overcast

9:51 PM,45.0°F,41.8°F,28.0°F,52%,29.91in,10.0mi,Variable,5.8mph,16.1mph,N/A,	,Mostly Cloudy

10:51 PM,44.1°F,41.5°F,28.9°F,55%,29.91in,10.0mi,Variable,4.6mph,  -,N/A,	,Overcast

11:51 PM,44.1°F,  -,28.9°F,55%,29.91in,10.0mi,North,  -,  -,N/A,	,Overcast

