20160422
Time (EDT),Temp.,Dew Point,Humidity,Pressure,Visibility,Wind Dir,Wind Speed,Gust Speed,Precip,Events,Conditions

12:51 AM,66.0°F,46.0°F,48%,29.98in,10.0mi,West,5.8mph,  -,N/A,	,Clear

1:51 AM,66.0°F,46.9°F,50%,29.96in,10.0mi,Variable,6.9mph,  -,N/A,	,Partly Cloudy

2:51 AM,66.0°F,46.9°F,50%,29.96in,10.0mi,West,3.5mph,  -,N/A,	,Partly Cloudy

3:51 AM,64.9°F,48.0°F,54%,29.94in,10.0mi,Calm,Calm,  -,N/A,	,Clear

4:51 AM,64.9°F,48.0°F,54%,29.93in,10.0mi,Calm,Calm,  -,N/A,	,Clear

5:51 AM,63.0°F,48.9°F,60%,29.93in,10.0mi,Calm,Calm,  -,N/A,	,Clear

6:51 AM,63.0°F,52.0°F,67%,29.94in,10.0mi,Calm,Calm,  -,N/A,	,Clear

7:51 AM,64.9°F,54.0°F,68%,29.94in,10.0mi,West,3.5mph,  -,N/A,	,Clear

8:51 AM,66.9°F,55.0°F,66%,29.93in,9.0mi,Variable,4.6mph,  -,N/A,	,Clear

9:51 AM,69.1°F,55.0°F,61%,29.92in,8.0mi,Variable,5.8mph,  -,N/A,	,Clear

10:51 AM,72.0°F,55.0°F,55%,29.91in,9.0mi,Variable,3.5mph,  -,N/A,	,Clear

11:51 AM,75.9°F,55.0°F,48%,29.89in,9.0mi,SSW,8.1mph,  -,N/A,	,Clear

12:51 PM,77.0°F,55.0°F,47%,29.87in,9.0mi,North,  -,  -,N/A,	,Clear

1:51 PM,78.1°F,54.0°F,43%,29.86in,10.0mi,Variable,5.8mph,  -,N/A,	,Clear

2:51 PM,77.0°F,55.0°F,47%,29.84in,8.0mi,SSE,6.9mph,  -,N/A,	,Clear

3:51 PM,77.0°F,54.0°F,45%,29.82in,10.0mi,North,  -,  -,N/A,	,Clear

4:51 PM,77.0°F,54.0°F,45%,29.81in,10.0mi,Variable,5.8mph,  -,N/A,	,Clear

5:51 PM,75.9°F,54.0°F,46%,29.81in,10.0mi,Variable,4.6mph,  -,N/A,	,Clear

6:51 PM,75.9°F,52.0°F,43%,29.81in,10.0mi,Variable,4.6mph,  -,N/A,	,Mostly Cloudy

7:51 PM,73.9°F,55.0°F,52%,29.81in,10.0mi,Variable,5.8mph,  -,N/A,	,Mostly Cloudy

8:51 PM,73.9°F,54.0°F,50%,29.82in,10.0mi,North,  -,  -,N/A,	,Overcast

9:51 PM,72.0°F,55.0°F,55%,29.83in,10.0mi,Variable,3.5mph,  -,N/A,	,Overcast

10:51 PM,71.1°F,55.0°F,57%,29.82in,10.0mi,Variable,5.8mph,  -,N/A,	,Partly Cloudy

11:51 PM,71.1°F,54.0°F,55%,29.81in,10.0mi,Variable,5.8mph,  -,N/A,	,Mostly Cloudy

