20160728
Time (EDT),Temp.,Heat Index,Dew Point,Humidity,Pressure,Visibility,Wind Dir,Wind Speed,Gust Speed,Precip,Events,Conditions

12:51 AM,80.1°F,82.7°F,68.0°F,67%,29.90in,9.0mi,Calm,Calm,  -,N/A,	,Clear

1:51 AM,80.1°F,82.9°F,69.1°F,69%,29.91in,9.0mi,West,3.5mph,  -,N/A,	,Clear

2:51 AM,80.1°F,83.2°F,70.0°F,71%,29.91in,8.0mi,Variable,4.6mph,  -,N/A,	,Clear

3:51 AM,78.1°F,  -,71.1°F,79%,29.90in,8.0mi,West,4.6mph,  -,N/A,	,Clear

4:51 AM,78.1°F,  -,71.1°F,79%,29.91in,7.0mi,Calm,Calm,  -,N/A,	,Clear

5:51 AM,77.0°F,  -,71.1°F,82%,29.91in,7.0mi,Calm,Calm,  -,N/A,	,Clear

6:51 AM,78.1°F,  -,72.0°F,81%,29.91in,6.0mi,Calm,Calm,  -,N/A,	,Haze

7:51 AM,80.1°F,83.2°F,70.0°F,71%,29.92in,6.0mi,Calm,Calm,  -,N/A,	,Haze

8:51 AM,82.9°F,85.4°F,66.9°F,58%,29.92in,8.0mi,Calm,Calm,  -,N/A,	,Clear

9:51 AM,84.9°F,85.9°F,63.0°F,48%,29.92in,8.0mi,WNW,3.5mph,  -,N/A,	,Clear

10:51 AM,87.1°F,87.5°F,62.1°F,43%,29.91in,9.0mi,North,4.6mph,  -,N/A,	,Clear

11:51 AM,90.0°F,90.0°F,61.0°F,38%,29.90in,8.0mi,Variable,3.5mph,  -,N/A,	,Clear

12:51 PM,93.0°F,92.7°F,60.1°F,33%,29.89in,9.0mi,NNE,5.8mph,  -,N/A,	,Clear

1:51 PM,95.0°F,93.4°F,55.9°F,27%,29.86in,9.0mi,Variable,4.6mph,  -,N/A,	,Clear

2:51 PM,91.9°F,94.1°F,64.9°F,41%,29.84in,8.0mi,Variable,4.6mph,  -,N/A,	,Partly Cloudy

3:51 PM,87.1°F,89.9°F,66.9°F,51%,29.85in,8.0mi,Variable,3.5mph,  -,N/A,	,Clear

4:51 PM,84.0°F,88.4°F,70.0°F,63%,29.85in,7.0mi,Variable,4.6mph,  -,N/A,	,Clear

5:51 PM,82.9°F,86.5°F,69.1°F,63%,29.87in,7.0mi,Variable,5.8mph,  -,N/A,	,Mostly Cloudy

6:51 PM,80.1°F,83.2°F,70.0°F,71%,29.88in,6.0mi,North,  -,  -,0.00in,Rain,Light Rain

7:51 PM,80.1°F,82.3°F,66.9°F,64%,29.88in,8.0mi,West,6.9mph,  -,0.00in,	,Clear

8:51 PM,79.0°F,  -,66.9°F,66%,29.87in,7.0mi,West,3.5mph,  -,N/A,	,Partly Cloudy

9:51 PM,79.0°F,  -,66.9°F,66%,29.88in,3.0mi,Variable,3.5mph,  -,0.00in,	,Haze

10:51 PM,79.0°F,  -,68.0°F,69%,29.88in,3.0mi,Variable,4.6mph,  -,N/A,	,Haze

11:51 PM,77.0°F,  -,70.0°F,79%,29.88in,4.0mi,Calm,Calm,  -,N/A,	,Haze

