20160621
Time (EDT),Temp.,Heat Index,Dew Point,Humidity,Pressure,Visibility,Wind Dir,Wind Speed,Gust Speed,Precip,Events,Conditions

12:51 AM,79.0°F,  -,55.9°F,45%,29.84in,10.0mi,Variable,5.8mph,  -,N/A,	,Partly Cloudy

1:51 AM,78.1°F,  -,55.9°F,46%,29.83in,10.0mi,West,8.1mph,19.6mph,N/A,	,Partly Cloudy

2:51 AM,77.0°F,  -,57.0°F,50%,29.80in,10.0mi,West,9.2mph,  -,N/A,	,Partly Cloudy

3:51 AM,77.0°F,  -,57.9°F,52%,29.79in,10.0mi,Variable,5.8mph,  -,N/A,	,Mostly Cloudy

4:51 AM,77.0°F,  -,59.0°F,54%,29.78in,10.0mi,Variable,6.9mph,  -,N/A,	,Mostly Cloudy

5:51 AM,75.9°F,  -,60.1°F,58%,29.79in,10.0mi,West,5.8mph,  -,N/A,	,Partly Cloudy

6:51 AM,75.0°F,  -,62.1°F,64%,29.83in,6.0mi,Variable,5.8mph,  -,0.00in,Rain,Light Rain

7:51 AM,72.0°F,  -,60.1°F,66%,29.75in,9.0mi,SW,3.5mph,  -,0.00in,	,Scattered Clouds

8:51 AM,73.0°F,  -,57.9°F,59%,29.82in,9.0mi,Variable,4.6mph,  -,N/A,	,Clear

9:51 AM,75.9°F,  -,54.0°F,46%,29.83in,10.0mi,WNW,8.1mph,  -,N/A,	,Clear

10:51 AM,79.0°F,  -,54.0°F,42%,29.84in,10.0mi,North,  -,  -,N/A,	,Clear

11:51 AM,82.9°F,  -,52.0°F,34%,29.85in,10.0mi,Variable,3.5mph,  -,N/A,	,Clear

12:51 PM,82.9°F,81.8°F,53.1°F,36%,29.83in,10.0mi,Variable,5.8mph,  -,N/A,	,Mostly Cloudy

1:51 PM,84.9°F,83.2°F,53.1°F,33%,29.81in,10.0mi,WNW,10.4mph,  -,N/A,	,Clear

2:51 PM,86.0°F,84.0°F,53.1°F,32%,29.78in,10.0mi,Variable,3.5mph,  -,N/A,	,Partly Cloudy

3:51 PM,86.0°F,84.5°F,55.0°F,35%,29.75in,10.0mi,Variable,3.5mph,  -,N/A,	,Clear

4:51 PM,84.9°F,83.6°F,55.0°F,36%,29.75in,9.0mi,Variable,3.5mph,  -,N/A,	,Scattered Clouds

5:51 PM,81.0°F,81.6°F,60.1°F,49%,29.75in,9.0mi,Variable,5.8mph,  -,N/A,	,Scattered Clouds

6:51 PM,80.1°F,81.5°F,63.0°F,56%,29.75in,8.0mi,Calm,Calm,  -,N/A,	,Partly Cloudy

7:51 PM,80.1°F,81.5°F,63.0°F,56%,29.75in,8.0mi,Calm,Calm,  -,N/A,	,Clear

8:51 PM,80.1°F,  -,44.1°F,28%,29.78in,10.0mi,Variable,4.6mph,  -,N/A,	,Partly Cloudy

9:51 PM,78.1°F,  -,46.0°F,32%,29.80in,10.0mi,North,  -,  -,N/A,	,Scattered Clouds

10:51 PM,77.0°F,  -,46.0°F,33%,29.81in,10.0mi,Variable,4.6mph,  -,N/A,	,Partly Cloudy

11:51 PM,73.9°F,  -,45.0°F,35%,29.81in,10.0mi,NE,3.5mph,  -,N/A,	,Clear

