20160423
Time (EDT),Temp.,Dew Point,Humidity,Pressure,Visibility,Wind Dir,Wind Speed,Gust Speed,Precip,Events,Conditions

12:51 AM,66.9°F,55.9°F,68%,29.81in,8.0mi,Variable,3.5mph,  -,0.00in,Rain,Light Rain

1:51 AM,64.0°F,60.1°F,87%,29.80in,4.0mi,Variable,4.6mph,  -,0.05in,Rain,Light Rain

2:51 AM,64.0°F,60.1°F,87%,29.79in,4.0mi,Variable,4.6mph,  -,0.01in,Rain,Light Rain

3:04 AM,64.0°F,60.1°F,87%,29.81in,4.0mi,WNW,3.5mph,  -,0.00in,Rain,Light Rain

3:18 AM,63.0°F,60.1°F,90%,29.81in,2.0mi,Calm,Calm,  -,0.03in,Rain,Rain

3:38 AM,63.0°F,60.1°F,90%,29.80in,3.0mi,West,5.8mph,  -,0.06in,Rain,Light Rain

3:46 AM,62.6°F,60.8°F,94%,29.80in,2.5mi,WSW,3.5mph,  -,0.07in,Rain,Light Rain

3:51 AM,63.0°F,61.0°F,93%,29.78in,2.5mi,Variable,3.5mph,  -,0.08in,Rain,Light Rain

3:58 AM,63.0°F,60.1°F,90%,29.80in,3.0mi,West,6.9mph,  -,0.00in,Rain,Light Rain

4:51 AM,63.0°F,60.1°F,90%,29.77in,4.0mi,Variable,3.5mph,  -,0.00in,Rain,Light Rain

5:38 AM,63.0°F,60.1°F,90%,29.79in,4.0mi,Calm,Calm,  -,0.01in,	,Overcast

5:51 AM,62.1°F,59.0°F,90%,29.78in,4.0mi,Calm,Calm,  -,0.01in,	,Overcast

6:18 AM,62.1°F,59.0°F,90%,29.80in,6.0mi,Variable,5.8mph,  -,0.00in,	,Overcast

6:51 AM,62.1°F,57.0°F,84%,29.78in,8.0mi,Variable,4.6mph,  -,0.00in,	,Overcast

7:51 AM,61.0°F,57.0°F,87%,29.81in,5.0mi,Variable,3.5mph,  -,0.00in,Rain,Light Rain

8:51 AM,61.0°F,57.0°F,87%,29.82in,6.0mi,Variable,4.6mph,  -,0.01in,Rain,Light Rain

9:51 AM,61.0°F,55.0°F,81%,29.83in,10.0mi,Variable,5.8mph,  -,0.00in,	,Overcast

10:51 AM,61.0°F,53.1°F,75%,29.85in,10.0mi,North,  -,  -,0.00in,	,Overcast

11:51 AM,64.0°F,50.0°F,60%,29.85in,10.0mi,Variable,6.9mph,  -,N/A,	,Scattered Clouds

12:51 PM,64.9°F,48.9°F,56%,29.84in,10.0mi,NNE,8.1mph,  -,N/A,	,Mostly Cloudy

1:51 PM,66.0°F,46.0°F,48%,29.84in,10.0mi,NNW,9.2mph,19.6mph,N/A,	,Partly Cloudy

2:51 PM,70.0°F,46.0°F,42%,29.82in,10.0mi,NE,8.1mph,  -,N/A,	,Clear

3:51 PM,69.1°F,45.0°F,42%,29.81in,10.0mi,NE,9.2mph,  -,N/A,	,Mostly Cloudy

4:51 PM,66.9°F,43.0°F,42%,29.81in,10.0mi,NE,10.4mph,  -,N/A,	,Partly Cloudy

5:51 PM,68.0°F,39.9°F,36%,29.83in,10.0mi,NNE,13.8mph,19.6mph,N/A,	,Clear

6:51 PM,64.9°F,39.0°F,39%,29.85in,10.0mi,NE,9.2mph,21.9mph,N/A,	,Partly Cloudy

7:51 PM,62.1°F,37.0°F,39%,29.88in,10.0mi,NNE,11.5mph,18.4mph,N/A,	,Clear

8:51 PM,61.0°F,36.0°F,39%,29.91in,10.0mi,NE,8.1mph,17.3mph,N/A,	,Clear

9:51 PM,59.0°F,36.0°F,42%,29.93in,10.0mi,Variable,4.6mph,  -,N/A,	,Clear

10:51 PM,57.9°F,30.9°F,36%,29.95in,10.0mi,North,11.5mph,20.7mph,N/A,	,Clear

11:51 PM,57.0°F,28.9°F,34%,29.96in,10.0mi,North,10.4mph,18.4mph,N/A,	,Clear

