20160213
Time (EST),Temp.,Windchill,Dew Point,Humidity,Pressure,Visibility,Wind Dir,Wind Speed,Gust Speed,Precip,Events,Conditions

12:51 AM,21.9°F,15.7°F,8.1°F,55%,29.90in,10.0mi,Variable,4.6mph,  -,N/A,	,Overcast

1:51 AM,21.0°F,14.6°F,10.0°F,63%,29.89in,10.0mi,Variable,4.6mph,  -,N/A,	,Overcast

2:51 AM,21.0°F,12.4°F,10.9°F,65%,29.87in,10.0mi,Variable,6.9mph,  -,N/A,	,Scattered Clouds

3:51 AM,21.0°F,14.6°F,12.0°F,68%,29.86in,10.0mi,Variable,4.6mph,  -,N/A,	,Clear

4:51 AM,21.0°F,11.4°F,12.0°F,68%,29.87in,10.0mi,West,8.1mph,  -,N/A,	,Clear

5:51 AM,21.0°F,11.4°F,10.9°F,65%,29.89in,10.0mi,West,8.1mph,  -,N/A,	,Clear

6:51 AM,21.0°F,10.6°F,7.0°F,55%,29.92in,10.0mi,NW,9.2mph,23.0mph,N/A,	,Clear

7:51 AM,21.0°F,7.6°F,1.0°F,42%,29.96in,10.0mi,WNW,15.0mph,29.9mph,N/A,	,Clear

8:51 AM,21.0°F,7.6°F,-0.0°F,40%,29.99in,10.0mi,NW,15.0mph,25.3mph,N/A,	,Clear

9:51 AM,21.0°F,8.1°F,-2.0°F,36%,30.01in,10.0mi,NW,13.8mph,21.9mph,N/A,	,Overcast

10:51 AM,19.9°F,5.7°F,-6.0°F,32%,30.03in,10.0mi,WNW,16.1mph,32.2mph,N/A,	,Partly Cloudy

11:51 AM,19.9°F,8.6°F,-8.0°F,29%,30.04in,10.0mi,West,10.4mph,27.6mph,N/A,	,Mostly Cloudy

12:51 PM,18.0°F,1.3°F,-11.0°F,27%,30.06in,10.0mi,NW,20.7mph,33.4mph,N/A,	,Mostly Cloudy

1:51 PM,18.0°F,2.6°F,-11.0°F,27%,30.07in,10.0mi,NW,17.3mph,33.4mph,N/A,	,Clear

2:51 PM,17.1°F,2.0°F,-13.0°F,26%,30.10in,10.0mi,West,16.1mph,32.2mph,N/A,	,Scattered Clouds

3:51 PM,15.1°F,0.5°F,-13.0°F,28%,30.14in,10.0mi,NW,13.8mph,27.6mph,N/A,	,Scattered Clouds

4:51 PM,12.0°F,-5.1°F,-17.0°F,26%,30.19in,10.0mi,NW,17.3mph,33.4mph,N/A,	,Clear

5:51 PM,10.0°F,-7.6°F,-16.1°F,30%,30.23in,10.0mi,NW,17.3mph,35.7mph,N/A,	,Clear

6:51 PM,9.0°F,-8.5°F,-16.1°F,31%,30.27in,10.0mi,NW,16.1mph,28.8mph,N/A,	,Clear

7:51 PM,7.0°F,-6.6°F,-15.0°F,36%,30.30in,10.0mi,NW,9.2mph,26.5mph,N/A,	,Partly Cloudy

8:51 PM,6.1°F,-12.2°F,-16.1°F,36%,30.31in,10.0mi,NW,16.1mph,35.7mph,N/A,	,Clear

9:51 PM,6.1°F,-11.6°F,-15.0°F,38%,30.31in,10.0mi,NW,15.0mph,23.0mph,N/A,	,Clear

10:51 PM,6.1°F,-8.7°F,-14.1°F,39%,30.29in,10.0mi,WNW,10.4mph,24.2mph,N/A,	,Clear

11:51 PM,6.1°F,-6.8°F,-15.0°F,38%,30.29in,10.0mi,WNW,8.1mph,18.4mph,N/A,	,Clear

