20161020
Time (EDT),Temp.,Dew Point,Humidity,Pressure,Visibility,Wind Dir,Wind Speed,Gust Speed,Precip,Events,Conditions

12:51 AM,64.9°F,48.0°F,54%,30.13in,10.0mi,ENE,4.6mph,  -,N/A,	,Clear

1:51 AM,64.0°F,48.9°F,58%,30.14in,10.0mi,ENE,4.6mph,  -,N/A,	,Clear

2:51 AM,63.0°F,48.9°F,60%,30.12in,10.0mi,Variable,5.8mph,  -,N/A,	,Clear

3:51 AM,63.0°F,48.9°F,60%,30.13in,10.0mi,Variable,4.6mph,  -,N/A,	,Clear

4:51 AM,63.0°F,48.9°F,60%,30.14in,10.0mi,ENE,5.8mph,  -,N/A,	,Scattered Clouds

5:51 AM,63.0°F,50.0°F,63%,30.14in,10.0mi,East,8.1mph,  -,N/A,	,Mostly Cloudy

6:51 AM,62.1°F,52.0°F,70%,30.15in,10.0mi,ENE,5.8mph,  -,N/A,	,Partly Cloudy

7:51 AM,63.0°F,52.0°F,67%,30.14in,10.0mi,Variable,6.9mph,  -,N/A,	,Scattered Clouds

8:51 AM,64.0°F,54.0°F,70%,30.14in,10.0mi,East,11.5mph,  -,N/A,	,Partly Cloudy

9:51 AM,66.0°F,54.0°F,65%,30.15in,10.0mi,Variable,6.9mph,  -,N/A,	,Mostly Cloudy

10:51 AM,68.0°F,55.0°F,63%,30.14in,10.0mi,Variable,5.8mph,  -,N/A,	,Clear

11:51 AM,68.0°F,55.0°F,63%,30.13in,10.0mi,ENE,8.1mph,  -,N/A,	,Overcast

12:51 PM,69.1°F,55.9°F,63%,30.11in,10.0mi,East,8.1mph,  -,N/A,	,Mostly Cloudy

1:24 PM,69.1°F,57.0°F,65%,30.12in,9.0mi,ENE,8.1mph,  -,N/A,	,Overcast

1:51 PM,69.1°F,57.9°F,68%,30.09in,9.0mi,Variable,5.8mph,  -,N/A,	,Overcast

2:51 PM,70.0°F,60.1°F,71%,30.08in,8.0mi,Variable,6.9mph,  -,N/A,	,Overcast

3:51 PM,69.1°F,60.1°F,73%,30.06in,7.0mi,Variable,5.8mph,  -,N/A,	,Overcast

4:05 PM,69.1°F,60.1°F,73%,30.09in,7.0mi,ENE,5.8mph,  -,N/A,	,Overcast

4:51 PM,68.0°F,61.0°F,78%,30.05in,6.0mi,East,8.1mph,  -,N/A,	,Haze

5:51 PM,68.0°F,62.1°F,81%,30.04in,7.0mi,ESE,5.8mph,  -,N/A,	,Overcast

6:51 PM,66.9°F,62.1°F,84%,30.03in,7.0mi,Variable,5.8mph,17.3mph,N/A,	,Overcast

7:51 PM,66.9°F,61.0°F,81%,30.02in,6.0mi,Variable,6.9mph,  -,N/A,	,Haze

8:51 PM,66.0°F,61.0°F,84%,30.01in,6.0mi,Variable,6.9mph,  -,N/A,	,Haze

9:51 PM,66.9°F,62.1°F,84%,30.00in,6.0mi,ESE,8.1mph,  -,N/A,	,Haze

10:51 PM,66.9°F,63.0°F,87%,29.99in,6.0mi,Variable,3.5mph,  -,N/A,	,Overcast

11:51 PM,68.0°F,63.0°F,84%,29.98in,7.0mi,Variable,3.5mph,  -,N/A,	,Overcast

