20160612
Time (EDT),Temp.,Heat Index,Dew Point,Humidity,Pressure,Visibility,Wind Dir,Wind Speed,Gust Speed,Precip,Events,Conditions

12:51 AM,82.0°F,83.8°F,64.9°F,56%,29.72in,10.0mi,Variable,3.5mph,  -,N/A,	,Unknown

1:51 AM,79.0°F,  -,63.0°F,58%,29.70in,10.0mi,SW,4.6mph,  -,N/A,	,Unknown

2:51 AM,79.0°F,  -,62.1°F,56%,29.68in,10.0mi,Variable,5.8mph,  -,N/A,	,Unknown

3:51 AM,79.0°F,  -,64.0°F,60%,29.66in,10.0mi,West,8.1mph,  -,N/A,	,Unknown

4:51 AM,78.1°F,  -,64.0°F,62%,29.64in,10.0mi,Variable,5.8mph,  -,N/A,	,Unknown

5:14 AM,78.1°F,  -,64.0°F,62%,29.66in,1.8mi,Variable,5.8mph,18.4mph,N/A,	,Haze

5:20 AM,78.1°F,  -,64.0°F,62%,29.67in,5.0mi,WSW,9.2mph,17.3mph,N/A,	,Haze

5:51 AM,78.1°F,  -,64.0°F,62%,29.64in,8.0mi,Variable,6.9mph,  -,N/A,	,Unknown

6:04 AM,78.1°F,  -,64.0°F,62%,29.67in,2.5mi,WSW,5.8mph,  -,N/A,	,Haze

6:11 AM,78.1°F,  -,64.0°F,62%,29.67in,8.0mi,West,8.1mph,17.3mph,N/A,	,Unknown

6:51 AM,78.1°F,  -,64.9°F,64%,29.64in,8.0mi,North,  -,  -,N/A,	,Unknown

7:51 AM,79.0°F,  -,64.9°F,62%,29.64in,9.0mi,North,  -,  -,N/A,	,Unknown

8:51 AM,81.0°F,82.5°F,64.0°F,56%,29.61in,9.0mi,Variable,4.6mph,18.4mph,N/A,	,Unknown

9:51 AM,81.0°F,81.0°F,57.0°F,44%,29.61in,9.0mi,West,10.4mph,24.2mph,N/A,	,Unknown

10:51 AM,82.0°F,  -,39.0°F,22%,29.62in,10.0mi,North,  -,  -,N/A,	,Unknown

11:51 AM,82.0°F,  -,43.0°F,25%,29.62in,10.0mi,West,11.5mph,24.2mph,N/A,	,Unknown

12:51 PM,82.0°F,  -,42.1°F,24%,29.61in,10.0mi,North,  -,  -,N/A,	,Unknown

1:51 PM,82.0°F,  -,43.0°F,25%,29.61in,10.0mi,Variable,5.8mph,23.0mph,N/A,	,Unknown

2:51 PM,80.1°F,  -,45.0°F,29%,29.62in,10.0mi,North,  -,  -,N/A,	,Unknown

3:51 PM,78.1°F,  -,46.0°F,32%,29.65in,10.0mi,NW,9.2mph,23.0mph,N/A,	,Unknown

4:19 PM,78.1°F,  -,46.9°F,33%,29.69in,1.8mi,Variable,6.9mph,19.6mph,N/A,	,Haze

4:34 PM,77.0°F,  -,45.0°F,32%,29.69in,10.0mi,North,9.2mph,23.0mph,N/A,	,Unknown

4:51 PM,75.9°F,  -,46.0°F,35%,29.67in,10.0mi,North,11.5mph,24.2mph,N/A,	,Unknown

5:51 PM,73.0°F,  -,45.0°F,37%,29.69in,10.0mi,North,  -,  -,N/A,	,Unknown

6:51 PM,71.1°F,  -,46.0°F,41%,29.73in,10.0mi,NNW,8.1mph,24.2mph,N/A,	,Unknown

7:51 PM,69.1°F,  -,44.1°F,40%,29.75in,10.0mi,Variable,6.9mph,20.7mph,N/A,	,Unknown

8:51 PM,66.9°F,  -,44.1°F,44%,29.77in,10.0mi,North,8.1mph,17.3mph,N/A,	,Unknown

9:51 PM,64.9°F,  -,44.1°F,47%,29.79in,10.0mi,North,10.4mph,29.9mph,N/A,	,Unknown

10:51 PM,64.0°F,  -,44.1°F,48%,29.81in,10.0mi,Variable,6.9mph,  -,N/A,	,Unknown

11:51 PM,63.0°F,  -,44.1°F,50%,29.80in,10.0mi,NW,11.5mph,24.2mph,N/A,	,Unknown

