20160920
Time (EDT),Temp.,Heat Index,Dew Point,Humidity,Pressure,Visibility,Wind Dir,Wind Speed,Gust Speed,Precip,Events,Conditions

12:51 AM,69.1°F,  -,66.9°F,93%,30.09in,7.0mi,Calm,Calm,  -,N/A,	,Scattered Clouds

1:51 AM,69.1°F,  -,66.9°F,93%,30.08in,6.0mi,Calm,Calm,  -,N/A,	,Overcast

2:47 AM,69.8°F,  -,66.2°F,88%,30.10in,9.0mi,ENE,4.6mph,  -,N/A,	,Mostly Cloudy

2:51 AM,69.1°F,  -,66.9°F,93%,30.07in,9.0mi,ENE,6.9mph,  -,N/A,	,Mostly Cloudy

3:51 AM,68.0°F,  -,66.9°F,96%,30.07in,9.0mi,NE,4.6mph,  -,N/A,	,Overcast

4:51 AM,69.1°F,  -,66.9°F,93%,30.07in,9.0mi,Calm,Calm,  -,N/A,	,Overcast

5:13 AM,68.0°F,  -,66.9°F,96%,30.10in,9.0mi,Calm,Calm,  -,N/A,	,Mostly Cloudy

5:43 AM,68.0°F,  -,66.9°F,96%,30.10in,9.0mi,Calm,Calm,  -,N/A,	,Mostly Cloudy

5:51 AM,68.0°F,  -,66.9°F,96%,30.08in,9.0mi,Calm,Calm,  -,N/A,	,Mostly Cloudy

6:09 AM,68.0°F,  -,66.9°F,96%,30.10in,8.0mi,NNE,3.5mph,  -,N/A,	,Overcast

6:51 AM,69.1°F,  -,66.9°F,93%,30.08in,8.0mi,NE,3.5mph,  -,N/A,	,Overcast

7:51 AM,70.0°F,  -,66.9°F,90%,30.11in,7.0mi,NNW,6.9mph,  -,N/A,	,Overcast

8:23 AM,69.1°F,  -,66.9°F,93%,30.14in,7.0mi,Variable,4.6mph,  -,N/A,	,Overcast

8:51 AM,69.1°F,  -,66.0°F,90%,30.12in,7.0mi,North,5.8mph,  -,N/A,	,Overcast

9:16 AM,71.1°F,  -,66.9°F,87%,30.15in,8.0mi,Calm,Calm,  -,N/A,	,Scattered Clouds

9:51 AM,72.0°F,  -,66.0°F,81%,30.13in,9.0mi,Variable,4.6mph,  -,N/A,	,Scattered Clouds

10:51 AM,73.9°F,  -,66.0°F,76%,30.14in,9.0mi,NE,4.6mph,  -,N/A,	,Clear

11:51 AM,78.1°F,  -,66.0°F,66%,30.12in,10.0mi,Variable,5.8mph,  -,N/A,	,Clear

12:51 PM,80.1°F,82.1°F,66.0°F,62%,30.12in,10.0mi,Calm,Calm,  -,N/A,	,Clear

1:51 PM,80.1°F,82.3°F,66.9°F,64%,30.10in,10.0mi,North,3.5mph,  -,N/A,	,Clear

2:51 PM,82.0°F,83.8°F,64.9°F,56%,30.09in,10.0mi,Calm,Calm,  -,N/A,	,Partly Cloudy

3:51 PM,81.0°F,83.0°F,66.0°F,60%,30.08in,10.0mi,Calm,Calm,  -,N/A,	,Clear

4:51 PM,80.1°F,81.7°F,64.0°F,58%,30.08in,10.0mi,Variable,3.5mph,  -,N/A,	,Mostly Cloudy

5:51 PM,78.1°F,  -,66.0°F,66%,30.09in,10.0mi,Calm,Calm,  -,N/A,	,Scattered Clouds

6:51 PM,75.9°F,  -,68.0°F,76%,30.09in,8.0mi,Variable,3.5mph,  -,N/A,	,Clear

7:51 PM,75.0°F,  -,68.0°F,79%,30.10in,8.0mi,Calm,Calm,  -,N/A,	,Clear

8:51 PM,73.9°F,  -,68.0°F,82%,30.11in,8.0mi,Calm,Calm,  -,N/A,	,Clear

9:51 PM,73.9°F,  -,66.9°F,79%,30.11in,8.0mi,Calm,Calm,  -,N/A,	,Clear

10:51 PM,73.9°F,  -,66.9°F,79%,30.11in,9.0mi,Calm,Calm,  -,N/A,	,Clear

11:51 PM,73.0°F,  -,66.9°F,81%,30.11in,9.0mi,Calm,Calm,  -,N/A,	,Clear

