20160408
Time (EDT),Temp.,Windchill,Dew Point,Humidity,Pressure,Visibility,Wind Dir,Wind Speed,Gust Speed,Precip,Events,Conditions

12:51 AM,50.0°F,  -,36.0°F,59%,29.49in,10.0mi,Variable,4.6mph,24.2mph,N/A,	,Clear

1:51 AM,48.9°F,  -,35.1°F,59%,29.48in,10.0mi,WSW,10.4mph,18.4mph,N/A,	,Clear

2:51 AM,48.0°F,  -,36.0°F,63%,29.49in,10.0mi,West,9.2mph,  -,N/A,	,Clear

3:51 AM,48.0°F,  -,35.1°F,61%,29.49in,10.0mi,WSW,8.1mph,17.3mph,N/A,	,Overcast

4:51 AM,45.0°F,41.8°F,32.0°F,60%,29.50in,10.0mi,Variable,5.8mph,18.4mph,N/A,	,Clear

5:51 AM,45.0°F,42.6°F,28.9°F,53%,29.52in,10.0mi,Variable,4.6mph,  -,N/A,	,Clear

6:51 AM,46.4°F,42.4°F,19.4°F,34%,29.69in,10.0mi,WNW,8.1mph,23.0mph,N/A,	,Overcast

7:51 AM,44.1°F,38.6°F,30.0°F,58%,29.55in,10.0mi,WSW,10.4mph,19.6mph,N/A,	,Clear

8:51 AM,45.0°F,  -,30.0°F,56%,29.57in,10.0mi,North,  -,  -,N/A,	,Mostly Cloudy

9:51 AM,46.9°F,  -,30.0°F,52%,29.58in,10.0mi,West,8.1mph,17.3mph,N/A,	,Overcast

10:51 AM,46.0°F,40.2°F,27.0°F,47%,29.61in,10.0mi,West,12.7mph,21.9mph,0.01in,	,Overcast

11:51 AM,46.0°F,42.5°F,25.0°F,44%,29.61in,10.0mi,Variable,6.9mph,20.7mph,N/A,	,Overcast

12:51 PM,46.9°F,  -,25.0°F,42%,29.61in,10.0mi,West,8.1mph,  -,N/A,	,Overcast

1:51 PM,44.1°F,39.0°F,21.9°F,42%,29.63in,10.0mi,West,9.2mph,20.7mph,N/A,	,Overcast

2:51 PM,45.0°F,39.7°F,21.0°F,39%,29.64in,10.0mi,West,10.4mph,25.3mph,N/A,	,Mostly Cloudy

3:51 PM,44.1°F,39.0°F,19.9°F,38%,29.66in,10.0mi,WNW,9.2mph,28.8mph,N/A,	,Overcast

4:51 PM,46.0°F,43.1°F,19.9°F,35%,29.66in,10.0mi,Variable,5.8mph,19.6mph,N/A,	,Overcast

5:51 PM,46.4°F,42.4°F,19.4°F,34%,29.69in,10.0mi,WNW,8.1mph,23.0mph,N/A,	,Overcast

6:51 PM,46.0°F,42.5°F,19.9°F,35%,29.72in,10.0mi,Variable,6.9mph,  -,N/A,	,Overcast

7:51 PM,45.0°F,39.3°F,19.9°F,37%,29.75in,10.0mi,WNW,11.5mph,20.7mph,N/A,	,Overcast

8:51 PM,44.1°F,41.5°F,19.9°F,38%,29.78in,10.0mi,WNW,4.6mph,  -,N/A,	,Clear

9:51 PM,43.0°F,41.3°F,19.9°F,40%,29.79in,10.0mi,West,3.5mph,  -,N/A,	,Clear

10:51 PM,43.0°F,  -,19.9°F,40%,29.79in,10.0mi,Calm,Calm,  -,N/A,	,Clear

11:51 PM,41.0°F,  -,21.0°F,45%,29.78in,10.0mi,Calm,Calm,  -,N/A,	,Clear

