20160128
Time (EST),Temp.,Windchill,Dew Point,Humidity,Pressure,Visibility,Wind Dir,Wind Speed,Gust Speed,Precip,Events,Conditions

12:51 AM,34.0°F,  -,19.0°F,54%,30.13in,10.0mi,Calm,Calm,  -,N/A,	,Clear

1:51 AM,34.0°F,31.0°F,16.0°F,48%,30.11in,10.0mi,NNE,3.5mph,  -,N/A,	,Clear

2:51 AM,33.1°F,30.0°F,18.0°F,54%,30.10in,10.0mi,SSE,3.5mph,  -,N/A,	,Clear

3:51 AM,33.1°F,  -,17.1°F,52%,30.07in,10.0mi,Calm,Calm,  -,N/A,	,Clear

4:51 AM,33.1°F,27.7°F,16.0°F,50%,30.05in,10.0mi,South,5.8mph,  -,N/A,	,Clear

5:51 AM,34.0°F,  -,16.0°F,48%,30.04in,10.0mi,Calm,Calm,  -,N/A,	,Clear

6:51 AM,34.0°F,31.0°F,19.0°F,54%,30.04in,10.0mi,South,3.5mph,  -,N/A,	,Clear

7:51 AM,33.1°F,  -,23.0°F,66%,30.02in,10.0mi,Calm,Calm,  -,N/A,	,Clear

8:51 AM,36.0°F,  -,23.0°F,59%,30.00in,10.0mi,Calm,Calm,  -,N/A,	,Clear

9:51 AM,36.0°F,33.3°F,23.0°F,59%,29.99in,10.0mi,Variable,3.5mph,  -,N/A,	,Clear

10:51 AM,39.0°F,32.8°F,23.0°F,53%,29.98in,10.0mi,WSW,9.2mph,18.4mph,N/A,	,Clear

11:51 AM,39.9°F,35.1°F,21.0°F,47%,29.93in,10.0mi,Variable,6.9mph,  -,N/A,	,Clear

12:51 PM,41.0°F,34.7°F,18.0°F,40%,29.89in,10.0mi,West,10.4mph,16.1mph,N/A,	,Clear

1:51 PM,41.0°F,33.5°F,18.0°F,40%,29.86in,10.0mi,West,13.8mph,  -,N/A,	,Clear

2:51 PM,42.1°F,35.7°F,19.9°F,41%,29.83in,10.0mi,WSW,11.5mph,17.3mph,N/A,	,Clear

3:51 PM,41.0°F,  -,19.0°F,41%,29.81in,10.0mi,North,  -,  -,N/A,	,Clear

4:51 PM,39.9°F,35.8°F,19.0°F,43%,29.78in,10.0mi,Variable,5.8mph,  -,N/A,	,Clear

5:51 PM,39.9°F,36.7°F,19.0°F,43%,29.78in,10.0mi,Variable,4.6mph,  -,N/A,	,Clear

6:51 PM,41.0°F,37.1°F,19.9°F,43%,29.77in,10.0mi,West,5.8mph,  -,N/A,	,Overcast

7:51 PM,39.9°F,37.8°F,19.9°F,45%,29.75in,10.0mi,Variable,3.5mph,  -,N/A,	,Clear

8:51 PM,39.9°F,36.7°F,21.0°F,47%,29.73in,10.0mi,Variable,4.6mph,  -,N/A,	,Mostly Cloudy

9:51 PM,39.0°F,  -,21.0°F,49%,29.69in,10.0mi,Calm,Calm,  -,N/A,	,Scattered Clouds

10:51 PM,39.0°F,36.8°F,21.9°F,50%,29.68in,10.0mi,Variable,3.5mph,  -,N/A,	,Overcast

11:51 PM,39.9°F,37.8°F,21.9°F,49%,29.68in,10.0mi,WSW,3.5mph,  -,N/A,	,Mostly Cloudy

