20161018
Time (EDT),Temp.,Heat Index,Dew Point,Humidity,Pressure,Visibility,Wind Dir,Wind Speed,Gust Speed,Precip,Events,Conditions

12:51 AM,71.1°F,  -,60.1°F,68%,29.90in,9.0mi,WSW,6.9mph,  -,N/A,	,Clear

1:51 AM,70.0°F,  -,60.1°F,71%,29.90in,9.0mi,Variable,4.6mph,  -,N/A,	,Clear

2:51 AM,69.1°F,  -,60.1°F,73%,29.91in,9.0mi,West,3.5mph,  -,N/A,	,Clear

3:51 AM,68.0°F,  -,60.1°F,76%,29.90in,8.0mi,Variable,4.6mph,  -,N/A,	,Clear

4:51 AM,68.0°F,  -,60.1°F,76%,29.91in,9.0mi,Calm,Calm,  -,N/A,	,Clear

5:51 AM,66.9°F,  -,59.0°F,76%,29.92in,9.0mi,Variable,3.5mph,  -,N/A,	,Clear

6:51 AM,66.9°F,  -,59.0°F,76%,29.92in,8.0mi,WSW,4.6mph,  -,N/A,	,Clear

7:51 AM,68.0°F,  -,59.0°F,73%,29.93in,7.0mi,West,4.6mph,  -,N/A,	,Clear

8:51 AM,70.0°F,  -,60.1°F,71%,29.94in,6.0mi,Calm,Calm,  -,N/A,	,Haze

9:51 AM,73.0°F,  -,61.0°F,66%,29.94in,6.0mi,Calm,Calm,  -,N/A,	,Haze

10:51 AM,73.9°F,  -,62.1°F,66%,29.92in,7.0mi,Variable,3.5mph,  -,N/A,	,Clear

11:51 AM,77.0°F,  -,62.1°F,60%,29.91in,7.0mi,Calm,Calm,  -,N/A,	,Clear

12:51 PM,80.1°F,81.2°F,62.1°F,54%,29.88in,7.0mi,SSE,5.8mph,  -,N/A,	,Clear

1:51 PM,81.0°F,81.9°F,62.1°F,52%,29.87in,8.0mi,South,6.9mph,  -,N/A,	,Clear

2:51 PM,80.1°F,81.5°F,63.0°F,56%,29.85in,8.0mi,South,6.9mph,  -,N/A,	,Clear

3:51 PM,79.0°F,  -,63.0°F,58%,29.83in,8.0mi,Calm,Calm,  -,N/A,	,Clear

4:51 PM,78.1°F,  -,62.1°F,58%,29.83in,8.0mi,Variable,5.8mph,  -,N/A,	,Clear

5:51 PM,75.9°F,  -,62.1°F,62%,29.82in,8.0mi,SSE,3.5mph,  -,N/A,	,Clear

6:51 PM,75.0°F,  -,63.0°F,66%,29.84in,9.0mi,Variable,3.5mph,  -,N/A,	,Clear

7:51 PM,73.0°F,  -,63.0°F,71%,29.86in,9.0mi,Variable,3.5mph,  -,N/A,	,Clear

8:51 PM,73.0°F,  -,63.0°F,71%,29.88in,9.0mi,Variable,5.8mph,  -,N/A,	,Clear

9:51 PM,73.0°F,  -,63.0°F,71%,29.88in,9.0mi,North,  -,  -,N/A,	,Clear

10:51 PM,73.0°F,  -,62.1°F,68%,29.88in,9.0mi,SW,8.1mph,21.9mph,N/A,	,Clear

11:51 PM,71.1°F,  -,63.0°F,75%,29.88in,9.0mi,Variable,6.9mph,  -,N/A,	,Clear

