20161028
Time (EDT),Temp.,Windchill,Dew Point,Humidity,Pressure,Visibility,Wind Dir,Wind Speed,Gust Speed,Precip,Events,Conditions

12:00 AM,54.0°F,  -,53.1°F,97%,30.03in,2.0mi,WNW,8.1mph,  -,N/A,	,Overcast

12:24 AM,52.0°F,  -,50.0°F,93%,30.02in,3.0mi,Calm,Calm,  -,N/A,	,Overcast

12:33 AM,51.1°F,  -,50.0°F,96%,30.02in,2.5mi,WNW,4.6mph,  -,N/A,	,Overcast

12:41 AM,51.1°F,  -,48.9°F,92%,30.02in,4.0mi,Variable,5.8mph,  -,N/A,	,Overcast

12:51 AM,51.1°F,  -,48.9°F,92%,30.01in,4.0mi,Variable,3.5mph,  -,N/A,	,Overcast

1:13 AM,50.0°F,  -,48.0°F,93%,30.03in,6.0mi,WNW,4.6mph,  -,N/A,	,Overcast

1:51 AM,50.0°F,  -,48.0°F,93%,30.02in,7.0mi,North,  -,  -,N/A,	,Mostly Cloudy

2:51 AM,46.0°F,43.1°F,43.0°F,89%,30.02in,10.0mi,Variable,5.8mph,  -,N/A,	,Partly Cloudy

3:51 AM,45.0°F,41.8°F,43.0°F,93%,30.03in,10.0mi,WNW,5.8mph,  -,N/A,	,Mostly Cloudy

4:51 AM,45.0°F,41.8°F,42.1°F,90%,30.03in,10.0mi,West,5.8mph,  -,N/A,	,Mostly Cloudy

5:51 AM,46.0°F,43.1°F,42.1°F,86%,30.05in,10.0mi,WNW,5.8mph,  -,N/A,	,Overcast

6:51 AM,45.0°F,40.6°F,39.9°F,82%,30.07in,10.0mi,NW,8.1mph,19.6mph,N/A,	,Scattered Clouds

7:51 AM,45.0°F,40.1°F,36.0°F,71%,30.09in,10.0mi,NW,9.2mph,21.9mph,N/A,	,Overcast

8:51 AM,45.0°F,39.7°F,36.0°F,71%,30.12in,10.0mi,NW,10.4mph,17.3mph,N/A,	,Clear

9:51 AM,46.0°F,43.9°F,32.0°F,58%,30.13in,10.0mi,Variable,4.6mph,21.9mph,N/A,	,Mostly Cloudy

10:29 AM,46.0°F,39.6°F,30.9°F,56%,30.14in,10.0mi,NW,15.0mph,34.5mph,N/A,	,Mostly Cloudy

10:51 AM,46.0°F,39.9°F,30.9°F,56%,30.12in,10.0mi,WNW,13.8mph,26.5mph,N/A,	,Mostly Cloudy

11:51 AM,46.0°F,41.0°F,28.9°F,51%,30.13in,10.0mi,NW,10.4mph,28.8mph,N/A,	,Overcast

12:51 PM,46.0°F,39.3°F,30.0°F,54%,30.12in,10.0mi,WNW,16.1mph,27.6mph,N/A,	,Overcast

1:51 PM,46.0°F,41.9°F,28.9°F,51%,30.11in,10.0mi,NW,8.1mph,18.4mph,N/A,	,Overcast

2:51 PM,46.0°F,40.6°F,28.9°F,51%,30.11in,10.0mi,WNW,11.5mph,31.1mph,N/A,	,Overcast

3:37 PM,46.9°F,  -,30.0°F,52%,30.14in,10.0mi,WNW,10.4mph,34.5mph,N/A,	,Mostly Cloudy

3:51 PM,46.9°F,  -,30.0°F,52%,30.12in,10.0mi,Variable,6.9mph,24.2mph,N/A,	,Mostly Cloudy

4:51 PM,46.0°F,40.2°F,30.0°F,54%,30.14in,10.0mi,WNW,12.7mph,24.2mph,N/A,	,Partly Cloudy

5:51 PM,45.0°F,41.8°F,30.0°F,56%,30.15in,10.0mi,Variable,5.8mph,  -,N/A,	,Clear

6:51 PM,45.0°F,39.7°F,30.9°F,58%,30.17in,10.0mi,WNW,10.4mph,19.6mph,N/A,	,Clear

7:51 PM,45.0°F,38.9°F,30.9°F,58%,30.19in,10.0mi,NW,12.7mph,19.6mph,N/A,	,Clear

8:51 PM,44.1°F,40.1°F,30.9°F,60%,30.21in,10.0mi,Variable,6.9mph,18.4mph,N/A,	,Clear

9:51 PM,44.1°F,  -,30.9°F,60%,30.22in,10.0mi,North,  -,  -,N/A,	,Clear

10:51 PM,43.0°F,39.5°F,30.9°F,62%,30.21in,10.0mi,Variable,5.8mph,  -,N/A,	,Clear

11:51 PM,43.0°F,38.8°F,32.0°F,65%,30.21in,10.0mi,WNW,6.9mph,  -,N/A,	,Clear

