20160229
Time (EST),Temp.,Dew Point,Humidity,Pressure,Visibility,Wind Dir,Wind Speed,Gust Speed,Precip,Events,Conditions

12:51 AM,51.1°F,30.9°F,46%,29.72in,10.0mi,WSW,9.2mph,18.4mph,N/A,	,Clear

1:51 AM,51.1°F,30.9°F,46%,29.69in,10.0mi,WSW,6.9mph,20.7mph,N/A,	,Clear

2:51 AM,50.0°F,30.9°F,48%,29.66in,10.0mi,SW,8.1mph,  -,N/A,	,Clear

3:51 AM,50.0°F,30.0°F,46%,29.64in,10.0mi,Variable,5.8mph,  -,N/A,	,Clear

4:51 AM,50.0°F,30.0°F,46%,29.62in,10.0mi,WSW,11.5mph,18.4mph,N/A,	,Clear

5:51 AM,51.1°F,30.0°F,44%,29.60in,10.0mi,SW,11.5mph,23.0mph,N/A,	,Clear

6:51 AM,50.0°F,30.0°F,46%,29.60in,10.0mi,WSW,9.2mph,  -,N/A,	,Clear

7:51 AM,50.0°F,30.0°F,46%,29.60in,10.0mi,WSW,12.7mph,20.7mph,N/A,	,Clear

8:51 AM,52.0°F,30.9°F,45%,29.61in,10.0mi,WSW,8.1mph,  -,N/A,	,Mostly Cloudy

9:51 AM,52.0°F,30.9°F,45%,29.62in,10.0mi,WSW,9.2mph,18.4mph,N/A,	,Overcast

10:51 AM,50.0°F,34.0°F,54%,29.63in,8.0mi,Variable,4.6mph,16.1mph,0.00in,Rain,Light Rain

11:51 AM,46.9°F,39.9°F,77%,29.63in,4.0mi,Variable,4.6mph,  -,0.05in,Rain,Light Rain

12:51 PM,52.0°F,39.9°F,63%,29.61in,10.0mi,West,9.2mph,  -,0.00in,	,Mostly Cloudy

1:51 PM,57.0°F,39.9°F,53%,29.62in,10.0mi,WSW,13.8mph,19.6mph,N/A,	,Clear

2:51 PM,60.1°F,37.9°F,44%,29.64in,10.0mi,Variable,6.9mph,21.9mph,N/A,	,Mostly Cloudy

3:51 PM,60.1°F,34.0°F,38%,29.67in,10.0mi,West,10.4mph,23.0mph,N/A,	,Mostly Cloudy

4:51 PM,57.9°F,30.9°F,36%,29.71in,10.0mi,West,9.2mph,16.1mph,N/A,	,Scattered Clouds

5:51 PM,55.0°F,27.0°F,34%,29.76in,10.0mi,Variable,4.6mph,17.3mph,N/A,	,Clear

6:51 PM,53.1°F,26.1°F,35%,29.82in,10.0mi,Variable,6.9mph,  -,N/A,	,Clear

7:51 PM,51.1°F,24.1°F,35%,29.86in,10.0mi,West,8.1mph,19.6mph,N/A,	,Clear

8:51 PM,48.9°F,26.1°F,41%,29.88in,10.0mi,Variable,6.9mph,23.0mph,N/A,	,Clear

9:51 PM,48.0°F,26.1°F,42%,29.90in,10.0mi,West,11.5mph,24.2mph,N/A,	,Clear

10:51 PM,48.0°F,26.1°F,42%,29.93in,10.0mi,West,9.2mph,17.3mph,N/A,	,Clear

11:51 PM,46.9°F,26.1°F,44%,29.94in,10.0mi,West,9.2mph,  -,N/A,	,Clear

