20160520
Time (EDT),Temp.,Dew Point,Humidity,Pressure,Visibility,Wind Dir,Wind Speed,Gust Speed,Precip,Events,Conditions

12:51 AM,59.0°F,39.0°F,48%,30.16in,10.0mi,WNW,4.6mph,  -,N/A,	,Clear

1:51 AM,57.9°F,37.0°F,46%,30.15in,10.0mi,Variable,5.8mph,  -,N/A,	,Clear

2:51 AM,57.9°F,37.0°F,46%,30.15in,10.0mi,WNW,3.5mph,  -,N/A,	,Clear

3:51 AM,57.9°F,36.0°F,44%,30.16in,10.0mi,NW,4.6mph,  -,N/A,	,Clear

4:51 AM,54.0°F,39.0°F,57%,30.19in,10.0mi,Variable,3.5mph,  -,N/A,	,Clear

5:51 AM,54.0°F,37.0°F,53%,30.21in,10.0mi,NW,3.5mph,  -,N/A,	,Clear

6:51 AM,55.0°F,37.9°F,53%,30.22in,10.0mi,Calm,Calm,  -,N/A,	,Clear

7:51 AM,57.0°F,39.9°F,53%,30.24in,10.0mi,WNW,3.5mph,  -,N/A,	,Clear

8:51 AM,59.0°F,39.9°F,49%,30.26in,10.0mi,Calm,Calm,  -,N/A,	,Clear

9:51 AM,64.0°F,39.0°F,40%,30.26in,10.0mi,NW,5.8mph,  -,N/A,	,Clear

10:51 AM,66.9°F,41.0°F,39%,30.26in,10.0mi,ENE,8.1mph,  -,N/A,	,Clear

11:51 AM,70.0°F,39.9°F,33%,30.25in,10.0mi,Variable,3.5mph,  -,N/A,	,Clear

12:51 PM,73.9°F,39.0°F,28%,30.23in,10.0mi,ENE,9.2mph,  -,N/A,	,Clear

1:51 PM,75.0°F,37.0°F,25%,30.22in,10.0mi,Variable,3.5mph,  -,N/A,	,Clear

2:51 PM,75.0°F,37.9°F,26%,30.22in,10.0mi,Variable,5.8mph,  -,N/A,	,Clear

3:51 PM,75.0°F,37.9°F,26%,30.19in,10.0mi,ENE,3.5mph,  -,N/A,	,Clear

4:51 PM,75.0°F,37.9°F,26%,30.19in,10.0mi,Variable,3.5mph,  -,N/A,	,Clear

5:51 PM,71.1°F,39.9°F,32%,30.19in,10.0mi,South,5.8mph,  -,N/A,	,Clear

6:51 PM,68.0°F,39.9°F,36%,30.19in,10.0mi,Variable,4.6mph,  -,N/A,	,Clear

7:51 PM,66.0°F,39.9°F,38%,30.19in,10.0mi,Variable,3.5mph,  -,N/A,	,Clear

8:51 PM,64.9°F,39.9°F,40%,30.19in,10.0mi,Variable,4.6mph,  -,N/A,	,Clear

9:51 PM,64.0°F,39.0°F,40%,30.20in,10.0mi,Variable,5.8mph,  -,N/A,	,Clear

10:51 PM,64.0°F,37.9°F,38%,30.20in,10.0mi,West,3.5mph,  -,N/A,	,Clear

11:51 PM,63.0°F,39.0°F,41%,30.20in,10.0mi,Variable,6.9mph,  -,N/A,	,Clear

