20160224
Time (EST),Temp.,Windchill,Dew Point,Humidity,Pressure,Visibility,Wind Dir,Wind Speed,Gust Speed,Precip,Events,Conditions

12:40 AM,36.0°F,27.1°F,32.0°F,86%,30.19in,3.0mi,ENE,13.8mph,28.8mph,0.02in,	,Overcast

12:51 AM,36.0°F,27.1°F,33.1°F,89%,30.17in,3.0mi,ENE,13.8mph,23.0mph,0.02in,	,Overcast

1:51 AM,36.0°F,27.1°F,33.1°F,89%,30.14in,4.0mi,ENE,13.8mph,20.7mph,0.02in,	,Overcast

2:38 AM,36.0°F,26.3°F,33.1°F,89%,30.13in,2.5mi,ENE,16.1mph,21.9mph,0.01in,	,Overcast

2:51 AM,36.0°F,26.3°F,33.1°F,89%,30.11in,2.5mi,East,16.1mph,21.9mph,0.02in,	,Overcast

3:09 AM,37.0°F,27.7°F,34.0°F,89%,30.12in,2.0mi,ENE,16.1mph,24.2mph,0.01in,	,Overcast

3:35 AM,37.0°F,28.5°F,34.0°F,89%,30.11in,3.0mi,ENE,13.8mph,20.7mph,0.02in,	,Overcast

3:51 AM,37.0°F,29.3°F,34.0°F,89%,30.09in,2.5mi,East,11.5mph,20.7mph,0.02in,	,Overcast

4:43 AM,37.0°F,28.5°F,34.0°F,89%,30.09in,3.0mi,ENE,13.8mph,24.2mph,0.02in,	,Overcast

4:51 AM,37.0°F,28.5°F,34.0°F,89%,30.07in,3.0mi,ENE,13.8mph,18.4mph,0.02in,	,Overcast

5:27 AM,37.9°F,28.9°F,35.1°F,89%,30.08in,2.5mi,East,16.1mph,  -,0.01in,	,Overcast

5:35 AM,37.9°F,30.0°F,35.1°F,89%,30.08in,4.0mi,ENE,12.7mph,24.2mph,0.01in,	,Overcast

5:51 AM,37.9°F,30.9°F,35.1°F,89%,30.06in,2.5mi,ENE,10.4mph,17.3mph,0.01in,	,Overcast

6:02 AM,37.9°F,30.5°F,35.1°F,89%,30.07in,1.8mi,ENE,11.5mph,18.4mph,0.01in,	,Overcast

6:22 AM,37.9°F,32.1°F,35.1°F,89%,30.06in,2.5mi,ENE,8.1mph,17.3mph,0.02in,	,Overcast

6:47 AM,37.4°F,29.3°F,35.6°F,93%,30.05in,3.0mi,ENE,12.7mph,18.4mph,0.02in,	,Overcast

6:51 AM,37.9°F,30.5°F,35.1°F,89%,30.03in,3.0mi,ENE,11.5mph,  -,0.02in,	,Overcast

7:01 AM,37.9°F,31.5°F,35.1°F,89%,30.05in,2.5mi,East,9.2mph,  -,N/A,	,Overcast

7:33 AM,37.9°F,30.9°F,35.1°F,89%,30.04in,1.5mi,ENE,10.4mph,17.3mph,0.00in,	,Overcast

7:51 AM,37.9°F,29.2°F,35.1°F,89%,30.01in,1.8mi,East,15.0mph,25.3mph,0.01in,Rain,Light Rain

7:58 AM,37.9°F,30.5°F,35.1°F,89%,30.03in,2.5mi,ENE,11.5mph,25.3mph,0.00in,	,Overcast

8:09 AM,37.9°F,29.6°F,35.1°F,89%,30.02in,4.0mi,East,13.8mph,25.3mph,0.00in,	,Overcast

8:31 AM,37.9°F,30.5°F,36.0°F,93%,30.02in,2.5mi,ENE,11.5mph,21.9mph,0.01in,Rain,Light Rain

8:40 AM,37.9°F,29.6°F,36.0°F,93%,30.01in,1.5mi,ENE,13.8mph,23.0mph,0.01in,Rain,Light Rain

8:49 AM,39.2°F,33.0°F,35.6°F,87%,30.01in,2.0mi,East,9.2mph,23.0mph,0.02in,Rain,Light Rain

8:51 AM,39.0°F,32.3°F,36.0°F,89%,29.99in,1.8mi,ENE,10.4mph,21.9mph,0.02in,Rain,Light Rain

9:42 AM,39.0°F,32.3°F,37.0°F,93%,29.97in,3.0mi,East,10.4mph,25.3mph,0.02in,Rain,Light Rain

9:51 AM,39.9°F,32.9°F,37.0°F,89%,29.94in,4.0mi,ENE,11.5mph,20.7mph,0.02in,	,Overcast

10:14 AM,39.9°F,32.1°F,37.0°F,89%,29.96in,2.0mi,ENE,13.8mph,20.7mph,0.01in,	,Overcast

10:28 AM,39.9°F,33.4°F,37.0°F,89%,29.95in,1.5mi,East,10.4mph,18.4mph,0.01in,	,Overcast

10:51 AM,39.9°F,33.9°F,37.9°F,93%,29.90in,1.5mi,East,9.2mph,  -,0.02in,Rain,Light Rain

11:47 AM,41.0°F,35.2°F,37.4°F,87%,29.88in,2.5mi,ENE,9.2mph,20.7mph,0.12in,Rain,Light Rain

11:51 AM,41.0°F,35.2°F,37.9°F,89%,29.85in,4.0mi,ENE,9.2mph,20.7mph,0.13in,Rain,Light Rain

11:56 AM,41.0°F,34.7°F,37.9°F,89%,29.87in,1.8mi,ENE,10.4mph,17.3mph,0.00in,Rain,Rain

12:37 PM,41.0°F,34.7°F,39.0°F,93%,29.84in,0.8mi,ENE,10.4mph,  -,0.21in,Rain,Rain

12:42 PM,42.1°F,38.4°F,39.0°F,89%,29.83in,1.2mi,ENE,5.8mph,16.1mph,0.23in,Rain,Rain

12:51 PM,41.0°F,33.5°F,39.0°F,93%,29.80in,1.0mi,ENE,13.8mph,18.4mph,0.26in,Rain,Rain

1:06 PM,42.1°F,35.7°F,39.0°F,89%,29.81in,1.2mi,ENE,11.5mph,19.6mph,0.03in,Rain,Light Rain

1:33 PM,42.1°F,36.1°F,39.9°F,92%,29.78in,3.0mi,ENE,10.4mph,  -,0.08in,Rain,Light Rain

1:44 PM,43.0°F,38.2°F,39.9°F,89%,29.78in,1.8mi,East,8.1mph,  -,0.10in,Rain,Rain

1:51 PM,43.0°F,41.3°F,39.9°F,89%,29.75in,1.5mi,Variable,3.5mph,  -,0.13in,Rain,Rain

2:02 PM,43.0°F,  -,41.0°F,93%,29.77in,2.5mi,Calm,Calm,  -,0.01in,Rain,Light Rain

2:12 PM,44.1°F,41.5°F,41.0°F,89%,29.76in,4.0mi,Variable,4.6mph,  -,0.01in,	,Overcast

2:51 PM,45.0°F,41.8°F,42.1°F,90%,29.71in,2.0mi,East,5.8mph,  -,0.02in,Rain,Light Rain

2:59 PM,45.0°F,41.8°F,43.0°F,93%,29.73in,1.2mi,East,5.8mph,  -,0.02in,Rain,Light Rain

3:09 PM,46.0°F,42.5°F,43.0°F,89%,29.72in,3.0mi,East,6.9mph,  -,0.02in,	,Overcast

3:20 PM,46.9°F,  -,44.1°F,90%,29.70in,2.5mi,ESE,5.8mph,  -,0.02in,	,Overcast

3:51 PM,54.0°F,  -,52.0°F,93%,29.67in,3.0mi,South,8.1mph,17.3mph,0.02in,	,Overcast

4:17 PM,55.0°F,  -,53.1°F,93%,29.67in,1.8mi,Variable,5.8mph,21.9mph,0.00in,Rain,Light Rain

4:27 PM,55.0°F,  -,53.1°F,93%,29.66in,3.0mi,South,8.1mph,17.3mph,0.02in,Rain,Light Rain

4:51 PM,55.0°F,  -,53.1°F,93%,29.62in,1.8mi,South,10.4mph,21.9mph,0.03in,Rain,Light Rain

5:09 PM,54.0°F,  -,52.0°F,93%,29.63in,2.0mi,South,10.4mph,23.0mph,0.04in,Rain,Light Rain

5:31 PM,54.0°F,  -,52.0°F,93%,29.63in,6.0mi,South,12.7mph,32.2mph,0.10in,Rain,Light Rain

5:40 PM,55.0°F,  -,53.1°F,93%,29.63in,6.0mi,South,8.1mph,24.2mph,0.10in,	,Overcast

5:51 PM,55.0°F,  -,53.1°F,93%,29.59in,4.0mi,South,11.5mph,24.2mph,0.10in,	,Overcast

6:49 PM,55.4°F,  -,53.6°F,94%,29.59in,2.5mi,South,16.1mph,28.8mph,0.01in,	,Overcast

6:51 PM,55.0°F,  -,53.1°F,93%,29.57in,3.0mi,South,16.1mph,28.8mph,0.01in,	,Overcast

7:05 PM,55.0°F,  -,53.1°F,93%,29.59in,2.5mi,South,10.4mph,21.9mph,0.00in,Rain,Light Rain

7:32 PM,55.9°F,  -,54.0°F,93%,29.54in,4.0mi,Variable,5.8mph,  -,0.06in,Rain,Light Rain

7:51 PM,55.9°F,  -,54.0°F,93%,29.50in,4.0mi,Variable,5.8mph,  -,0.07in,	,Overcast

8:09 PM,57.9°F,  -,55.9°F,93%,29.49in,2.5mi,SSE,10.4mph,24.2mph,0.02in,Rain,Light Rain

8:18 PM,57.0°F,  -,54.0°F,89%,29.49in,5.0mi,South,11.5mph,26.5mph,0.02in,	,Overcast

8:51 PM,57.9°F,  -,55.0°F,90%,29.46in,5.0mi,South,8.1mph,23.0mph,0.04in,Rain,Light Rain

9:51 PM,57.0°F,  -,55.0°F,93%,29.39in,4.0mi,Variable,5.8mph,27.6mph,0.04in,Rain,Light Rain

10:02 PM,57.0°F,  -,55.0°F,93%,29.41in,5.0mi,North,  -,  -,0.00in,Rain,Light Rain

10:24 PM,57.9°F,  -,55.9°F,93%,29.40in,2.5mi,South,12.7mph,35.7mph,0.04in,Rain,Light Rain

10:28 PM,57.9°F,  -,55.0°F,90%,29.40in,4.0mi,South,13.8mph,36.8mph,0.04in,Rain,Light Rain

10:51 PM,57.9°F,  -,55.0°F,90%,29.36in,3.0mi,South,10.4mph,29.9mph,0.08in,Rain,Light Rain

11:14 PM,57.0°F,  -,54.0°F,89%,29.36in,1.8mi,North,  -,  -,0.03in,Rain,Rain

11:23 PM,57.0°F,  -,55.0°F,93%,29.35in,3.0mi,North,  -,  -,0.06in,Rain,Light Rain

11:51 PM,59.0°F,  -,55.9°F,90%,29.32in,10.0mi,Variable,4.6mph,23.0mph,0.09in,	,Overcast

