20160414
Time (EDT),Temp.,Windchill,Dew Point,Humidity,Pressure,Visibility,Wind Dir,Wind Speed,Gust Speed,Precip,Events,Conditions

12:51 AM,46.0°F,44.8°F,30.0°F,54%,30.32in,10.0mi,WNW,3.5mph,  -,N/A,	,Partly Cloudy

1:51 AM,46.0°F,44.8°F,30.0°F,54%,30.30in,10.0mi,WNW,3.5mph,  -,N/A,	,Clear

2:51 AM,45.0°F,  -,30.0°F,56%,30.29in,10.0mi,Calm,Calm,  -,N/A,	,Clear

3:51 AM,45.0°F,43.5°F,28.0°F,52%,30.30in,10.0mi,Variable,3.5mph,  -,N/A,	,Clear

4:51 AM,45.0°F,41.8°F,21.9°F,40%,30.31in,10.0mi,Variable,5.8mph,  -,N/A,	,Clear

5:51 AM,45.0°F,40.6°F,21.9°F,40%,30.32in,10.0mi,NE,8.1mph,  -,N/A,	,Overcast

6:51 AM,44.6°F,39.2°F,24.8°F,46%,30.33in,10.0mi,ENE,10.4mph,  -,N/A,	,Overcast

7:51 AM,45.0°F,39.7°F,33.1°F,63%,30.36in,10.0mi,ENE,10.4mph,  -,N/A,	,Clear

8:51 AM,46.9°F,  -,33.1°F,59%,30.38in,10.0mi,NE,11.5mph,19.6mph,N/A,	,Scattered Clouds

9:51 AM,48.0°F,  -,27.0°F,44%,30.38in,10.0mi,ENE,9.2mph,  -,N/A,	,Clear

10:51 AM,51.1°F,  -,25.0°F,36%,30.39in,10.0mi,ENE,8.1mph,  -,N/A,	,Clear

11:51 AM,54.0°F,  -,25.0°F,33%,30.38in,10.0mi,ENE,6.9mph,  -,N/A,	,Clear

12:51 PM,57.0°F,  -,24.1°F,28%,30.36in,10.0mi,SSE,3.5mph,  -,N/A,	,Clear

1:51 PM,60.1°F,  -,25.0°F,26%,30.34in,10.0mi,NE,5.8mph,  -,N/A,	,Clear

2:51 PM,60.1°F,  -,19.9°F,21%,30.32in,10.0mi,Variable,4.6mph,  -,N/A,	,Clear

3:51 PM,61.0°F,  -,18.0°F,19%,30.29in,10.0mi,Variable,4.6mph,  -,N/A,	,Clear

4:51 PM,62.1°F,  -,19.9°F,20%,30.29in,10.0mi,Variable,3.5mph,  -,N/A,	,Clear

5:51 PM,57.0°F,  -,30.0°F,36%,30.29in,10.0mi,SSE,9.2mph,  -,N/A,	,Clear

6:51 PM,54.0°F,  -,28.0°F,37%,30.30in,10.0mi,South,8.1mph,  -,N/A,	,Clear

7:51 PM,50.0°F,  -,32.0°F,50%,30.32in,10.0mi,SSE,9.2mph,17.3mph,N/A,	,Clear

8:51 PM,48.0°F,  -,32.0°F,54%,30.35in,10.0mi,South,10.4mph,17.3mph,N/A,	,Clear

9:51 PM,46.9°F,  -,30.9°F,54%,30.38in,10.0mi,Variable,5.8mph,16.1mph,N/A,	,Clear

10:51 PM,46.0°F,42.5°F,35.1°F,66%,30.39in,10.0mi,Variable,6.9mph,  -,N/A,	,Clear

11:51 PM,45.0°F,  -,32.0°F,60%,30.40in,10.0mi,Calm,Calm,  -,N/A,	,Clear

