20160115
Time (EST),Temp.,Windchill,Dew Point,Humidity,Pressure,Visibility,Wind Dir,Wind Speed,Gust Speed,Precip,Events,Conditions

12:51 AM,36.0°F,33.3°F,21.0°F,55%,29.94in,10.0mi,ESE,3.5mph,  -,N/A,	,Clear

1:51 AM,37.0°F,33.3°F,19.9°F,50%,29.94in,10.0mi,Variable,4.6mph,  -,N/A,	,Clear

2:51 AM,36.0°F,33.3°F,23.0°F,59%,29.95in,10.0mi,Variable,3.5mph,  -,N/A,	,Clear

3:51 AM,35.1°F,31.0°F,23.0°F,61%,29.93in,10.0mi,NE,4.6mph,  -,N/A,	,Clear

4:51 AM,35.1°F,31.0°F,23.0°F,61%,29.93in,10.0mi,NNE,4.6mph,  -,N/A,	,Partly Cloudy

5:51 AM,37.0°F,34.5°F,24.1°F,59%,29.94in,10.0mi,NNE,3.5mph,  -,N/A,	,Overcast

6:51 AM,37.0°F,33.3°F,26.1°F,65%,29.94in,10.0mi,NNE,4.6mph,  -,N/A,	,Overcast

7:51 AM,37.0°F,34.5°F,27.0°F,67%,29.94in,8.0mi,NNE,3.5mph,  -,N/A,	,Overcast

8:51 AM,39.0°F,35.7°F,28.9°F,67%,29.93in,7.0mi,ENE,4.6mph,  -,N/A,	,Partly Cloudy

9:51 AM,41.0°F,38.0°F,30.0°F,65%,29.91in,8.0mi,Variable,4.6mph,  -,N/A,	,Clear

10:51 AM,42.1°F,  -,30.0°F,62%,29.90in,8.0mi,North,  -,  -,N/A,	,Clear

11:51 AM,46.0°F,44.8°F,30.9°F,56%,29.87in,7.0mi,Variable,3.5mph,  -,N/A,	,Clear

12:51 PM,48.0°F,  -,34.0°F,58%,29.83in,9.0mi,Variable,4.6mph,  -,N/A,	,Clear

1:51 PM,51.1°F,  -,33.1°F,50%,29.81in,10.0mi,South,6.9mph,  -,N/A,	,Clear

2:51 PM,50.0°F,  -,35.1°F,57%,29.77in,10.0mi,North,  -,  -,N/A,	,Clear

3:51 PM,48.9°F,  -,37.9°F,66%,29.72in,10.0mi,SSE,6.9mph,17.3mph,N/A,	,Clear

4:51 PM,48.9°F,  -,39.0°F,69%,29.75in,10.0mi,SSE,9.2mph,17.3mph,N/A,	,Clear

5:51 PM,48.9°F,  -,37.9°F,66%,29.76in,10.0mi,South,5.8mph,  -,N/A,	,Clear

6:51 PM,48.9°F,  -,36.0°F,61%,29.74in,10.0mi,South,6.9mph,  -,N/A,	,Clear

7:51 PM,48.9°F,  -,37.0°F,64%,29.70in,10.0mi,SSE,4.6mph,  -,N/A,	,Clear

8:51 PM,48.0°F,  -,37.0°F,66%,29.67in,10.0mi,South,5.8mph,  -,N/A,	,Overcast

9:51 PM,46.0°F,41.9°F,39.9°F,79%,29.62in,10.0mi,ENE,8.1mph,  -,0.00in,	,Mostly Cloudy

10:51 PM,46.0°F,43.1°F,39.0°F,76%,29.59in,10.0mi,Variable,5.8mph,  -,N/A,	,Overcast

11:51 PM,46.0°F,43.9°F,39.9°F,79%,29.54in,9.0mi,ENE,4.6mph,  -,N/A,	,Mostly Cloudy

