20160421
Time (EDT),Temp.,Dew Point,Humidity,Pressure,Visibility,Wind Dir,Wind Speed,Gust Speed,Precip,Events,Conditions

12:51 AM,53.1°F,23.0°F,31%,30.22in,10.0mi,SW,8.1mph,  -,N/A,	,Clear

1:51 AM,52.0°F,23.0°F,32%,30.21in,10.0mi,North,  -,  -,N/A,	,Clear

2:51 AM,52.0°F,26.1°F,37%,30.19in,10.0mi,Variable,6.9mph,  -,N/A,	,Clear

3:51 AM,50.0°F,30.0°F,46%,30.18in,10.0mi,Variable,4.6mph,  -,N/A,	,Clear

4:51 AM,48.9°F,30.9°F,50%,30.18in,10.0mi,WSW,8.1mph,  -,N/A,	,Clear

5:51 AM,50.0°F,33.1°F,52%,30.18in,10.0mi,Variable,4.6mph,  -,N/A,	,Clear

6:51 AM,50.0°F,32.0°F,50%,30.19in,10.0mi,Variable,3.5mph,  -,N/A,	,Clear

7:51 AM,51.1°F,33.1°F,50%,30.19in,10.0mi,Variable,5.8mph,17.3mph,N/A,	,Clear

8:51 AM,54.0°F,34.0°F,47%,30.18in,10.0mi,Variable,5.8mph,  -,N/A,	,Clear

9:51 AM,57.0°F,32.0°F,39%,30.17in,10.0mi,Variable,5.8mph,  -,N/A,	,Clear

10:51 AM,62.1°F,30.0°F,30%,30.15in,10.0mi,West,15.0mph,20.7mph,N/A,	,Clear

11:51 AM,64.9°F,30.9°F,28%,30.13in,10.0mi,Calm,Calm,  -,N/A,	,Clear

12:51 PM,69.1°F,28.9°F,22%,30.10in,10.0mi,Variable,3.5mph,  -,N/A,	,Clear

1:51 PM,68.0°F,34.0°F,28%,30.06in,10.0mi,South,10.4mph,19.6mph,N/A,	,Clear

2:51 PM,70.0°F,36.0°F,29%,30.04in,10.0mi,North,  -,  -,N/A,	,Clear

3:51 PM,71.1°F,36.0°F,28%,30.00in,10.0mi,North,  -,  -,N/A,	,Clear

4:51 PM,71.1°F,39.0°F,31%,29.97in,10.0mi,SSE,5.8mph,  -,N/A,	,Clear

5:51 PM,70.0°F,43.0°F,38%,29.96in,10.0mi,SSE,5.8mph,  -,N/A,	,Clear

6:51 PM,69.1°F,46.0°F,44%,29.96in,10.0mi,Variable,3.5mph,  -,N/A,	,Clear

7:51 PM,70.0°F,46.0°F,42%,29.97in,10.0mi,Variable,5.8mph,  -,N/A,	,Clear

8:51 PM,69.1°F,46.0°F,44%,29.99in,10.0mi,Variable,3.5mph,  -,N/A,	,Clear

9:51 PM,69.1°F,46.9°F,45%,29.99in,10.0mi,Variable,4.6mph,  -,N/A,	,Clear

10:51 PM,68.0°F,45.0°F,43%,29.98in,10.0mi,North,  -,  -,N/A,	,Clear

11:51 PM,66.9°F,44.1°F,44%,29.97in,10.0mi,Variable,4.6mph,  -,N/A,	,Clear

