20160707
Time (EDT),Temp.,Heat Index,Dew Point,Humidity,Pressure,Visibility,Wind Dir,Wind Speed,Gust Speed,Precip,Events,Conditions

12:51 AM,81.0°F,84.4°F,70.0°F,69%,29.82in,9.0mi,Variable,3.5mph,  -,N/A,	,Clear

1:51 AM,81.0°F,84.9°F,71.1°F,72%,29.82in,8.0mi,WSW,6.9mph,  -,N/A,	,Clear

2:51 AM,81.0°F,84.4°F,70.0°F,69%,29.80in,8.0mi,Variable,3.5mph,  -,N/A,	,Partly Cloudy

3:51 AM,81.0°F,84.1°F,69.1°F,67%,29.78in,8.0mi,Calm,Calm,  -,N/A,	,Clear

4:51 AM,80.1°F,82.9°F,69.1°F,69%,29.78in,8.0mi,Calm,Calm,  -,N/A,	,Clear

5:51 AM,79.0°F,  -,69.1°F,72%,29.78in,7.0mi,Calm,Calm,  -,N/A,	,Clear

6:51 AM,81.0°F,84.4°F,70.0°F,69%,29.79in,7.0mi,Calm,Calm,  -,N/A,	,Clear

7:51 AM,82.9°F,87.0°F,70.0°F,65%,29.79in,7.0mi,Calm,Calm,  -,N/A,	,Clear

8:51 AM,86.0°F,91.5°F,71.1°F,61%,29.79in,6.0mi,Calm,Calm,  -,N/A,	,Haze

9:51 AM,86.0°F,90.7°F,70.0°F,59%,29.79in,7.0mi,Variable,3.5mph,  -,N/A,	,Clear

10:51 AM,87.1°F,92.8°F,71.1°F,59%,29.78in,7.0mi,Variable,4.6mph,  -,N/A,	,Clear

11:51 AM,86.0°F,90.7°F,70.0°F,59%,29.78in,8.0mi,Variable,6.9mph,  -,N/A,	,Scattered Clouds

12:51 PM,88.0°F,93.8°F,71.1°F,57%,29.76in,7.0mi,North,  -,  -,N/A,	,Scattered Clouds

1:51 PM,86.0°F,91.5°F,71.1°F,61%,29.73in,7.0mi,North,  -,  -,N/A,	,Scattered Clouds

2:20 PM,79.0°F,  -,73.9°F,84%,29.77in,1.8mi,Variable,3.5mph,  -,0.01in,Rain,Rain

2:29 PM,79.0°F,  -,73.9°F,84%,29.77in,3.0mi,Calm,Calm,  -,0.04in,Rain,Light Rain

2:51 PM,79.0°F,  -,73.9°F,84%,29.73in,5.0mi,Calm,Calm,  -,0.04in,	,Haze

3:51 PM,84.9°F,92.1°F,73.9°F,69%,29.72in,7.0mi,Variable,3.5mph,  -,N/A,	,Scattered Clouds

4:51 PM,82.9°F,88.0°F,72.0°F,69%,29.72in,7.0mi,Calm,Calm,  -,N/A,	,Partly Cloudy

5:51 PM,84.9°F,91.4°F,73.0°F,67%,29.73in,7.0mi,Calm,Calm,  -,N/A,	,Mostly Cloudy

6:51 PM,78.1°F,  -,72.0°F,81%,29.75in,5.0mi,Calm,Calm,  -,0.00in,Rain,Light Rain

7:51 PM,78.1°F,  -,70.0°F,76%,29.75in,8.0mi,Variable,6.9mph,  -,0.00in,	,Scattered Clouds

8:51 PM,78.1°F,  -,70.0°F,76%,29.74in,8.0mi,Calm,Calm,  -,N/A,	,Scattered Clouds

9:51 PM,78.1°F,  -,71.1°F,79%,29.76in,8.0mi,NNE,3.5mph,  -,N/A,	,Clear

10:51 PM,79.0°F,  -,71.1°F,77%,29.76in,8.0mi,Calm,Calm,  -,N/A,	,Clear

11:51 PM,79.0°F,  -,71.1°F,77%,29.75in,8.0mi,Variable,3.5mph,  -,N/A,	,Clear

