20160522
Time (EDT),Temp.,Dew Point,Humidity,Pressure,Visibility,Wind Dir,Wind Speed,Gust Speed,Precip,Events,Conditions

12:51 AM,54.0°F,48.9°F,83%,29.86in,10.0mi,NE,4.6mph,  -,0.00in,	,Overcast

1:51 AM,54.0°F,46.9°F,77%,29.83in,10.0mi,North,4.6mph,  -,N/A,	,Overcast

2:51 AM,54.0°F,48.9°F,83%,29.82in,10.0mi,Variable,5.8mph,  -,N/A,	,Overcast

3:51 AM,54.0°F,46.9°F,77%,29.81in,10.0mi,Variable,4.6mph,  -,N/A,	,Overcast

4:51 AM,53.1°F,48.9°F,86%,29.81in,7.0mi,NNE,4.6mph,  -,0.04in,Rain,Light Rain

5:51 AM,52.0°F,48.0°F,86%,29.82in,9.0mi,NE,5.8mph,  -,0.05in,Rain,Light Rain

6:20 AM,52.0°F,48.9°F,89%,29.86in,7.0mi,Variable,5.8mph,  -,0.00in,Rain,Light Rain

6:32 AM,53.1°F,48.9°F,86%,29.85in,8.0mi,Calm,Calm,  -,0.00in,	,Overcast

6:51 AM,53.1°F,48.9°F,86%,29.83in,9.0mi,North,4.6mph,  -,0.00in,	,Overcast

7:51 AM,54.0°F,48.0°F,80%,29.83in,10.0mi,NNE,3.5mph,  -,N/A,	,Overcast

8:51 AM,57.9°F,52.0°F,81%,29.82in,10.0mi,Calm,Calm,  -,N/A,	,Overcast

9:51 AM,59.0°F,48.0°F,67%,29.83in,10.0mi,Calm,Calm,  -,N/A,	,Overcast

10:51 AM,62.1°F,46.9°F,58%,29.84in,10.0mi,Variable,4.6mph,  -,N/A,	,Overcast

11:51 AM,66.0°F,45.0°F,47%,29.83in,10.0mi,Variable,3.5mph,  -,N/A,	,Overcast

12:51 PM,68.0°F,46.0°F,45%,29.82in,10.0mi,ENE,5.8mph,  -,N/A,	,Overcast

1:51 PM,68.0°F,41.0°F,37%,29.82in,10.0mi,ENE,10.4mph,  -,N/A,	,Overcast

2:51 PM,69.1°F,46.0°F,44%,29.82in,10.0mi,Variable,5.8mph,  -,N/A,	,Overcast

3:51 PM,69.1°F,46.0°F,44%,29.82in,10.0mi,ESE,3.5mph,  -,N/A,	,Overcast

4:51 PM,66.9°F,50.0°F,54%,29.82in,10.0mi,Variable,3.5mph,  -,N/A,	,Overcast

5:51 PM,66.0°F,50.0°F,56%,29.82in,10.0mi,Variable,3.5mph,  -,N/A,	,Clear

6:51 PM,66.0°F,50.0°F,56%,29.83in,10.0mi,Calm,Calm,  -,N/A,	,Mostly Cloudy

7:51 PM,64.9°F,48.0°F,54%,29.84in,10.0mi,Variable,3.5mph,  -,N/A,	,Overcast

8:51 PM,63.0°F,48.0°F,58%,29.86in,10.0mi,West,4.6mph,  -,N/A,	,Overcast

9:51 PM,63.0°F,48.9°F,60%,29.88in,10.0mi,Calm,Calm,  -,N/A,	,Clear

10:51 PM,61.0°F,51.1°F,70%,29.89in,10.0mi,Variable,4.6mph,  -,N/A,	,Clear

11:51 PM,59.0°F,51.1°F,75%,29.90in,10.0mi,Calm,Calm,  -,N/A,	,Clear

