20160217
Time (EST),Temp.,Windchill,Dew Point,Humidity,Pressure,Visibility,Wind Dir,Wind Speed,Gust Speed,Precip,Events,Conditions

12:51 AM,37.9°F,33.5°F,25.0°F,60%,29.80in,10.0mi,WNW,5.8mph,  -,N/A,	,Clear

1:51 AM,37.0°F,31.6°F,26.1°F,65%,29.79in,10.0mi,NW,6.9mph,  -,N/A,	,Clear

2:51 AM,37.0°F,31.6°F,26.1°F,65%,29.81in,10.0mi,NW,6.9mph,17.3mph,N/A,	,Scattered Clouds

3:47 AM,37.4°F,30.8°F,26.6°F,65%,29.84in,10.0mi,WNW,9.2mph,17.3mph,N/A,	,Mostly Cloudy

3:51 AM,37.0°F,30.4°F,26.1°F,65%,29.82in,10.0mi,WNW,9.2mph,17.3mph,N/A,	,Overcast

4:51 AM,37.0°F,33.3°F,26.1°F,65%,29.88in,10.0mi,Variable,4.6mph,  -,N/A,	,Overcast

5:51 AM,37.0°F,32.4°F,26.1°F,65%,29.89in,10.0mi,North,5.8mph,  -,N/A,	,Overcast

6:51 AM,37.0°F,32.4°F,26.1°F,65%,29.91in,10.0mi,Variable,5.8mph,  -,N/A,	,Overcast

7:33 AM,37.0°F,34.5°F,26.1°F,65%,29.95in,10.0mi,NW,3.5mph,  -,N/A,	,Overcast

7:51 AM,37.0°F,33.3°F,25.0°F,62%,29.94in,10.0mi,West,4.6mph,  -,N/A,	,Scattered Clouds

8:51 AM,39.0°F,33.4°F,25.0°F,57%,29.97in,10.0mi,West,8.1mph,  -,N/A,	,Partly Cloudy

9:51 AM,39.0°F,32.3°F,24.1°F,55%,29.98in,10.0mi,NW,10.4mph,18.4mph,N/A,	,Overcast

10:51 AM,39.0°F,34.0°F,24.1°F,55%,29.99in,10.0mi,WNW,6.9mph,  -,N/A,	,Overcast

11:51 AM,39.0°F,32.8°F,25.0°F,57%,29.99in,10.0mi,NW,9.2mph,  -,N/A,	,Overcast

12:51 PM,39.0°F,33.4°F,25.0°F,57%,29.99in,10.0mi,NW,8.1mph,  -,N/A,	,Overcast

1:51 PM,39.0°F,34.0°F,24.1°F,55%,30.01in,10.0mi,Variable,6.9mph,  -,N/A,	,Overcast

2:51 PM,39.0°F,33.4°F,24.1°F,55%,30.02in,10.0mi,WNW,8.1mph,  -,N/A,	,Overcast

3:51 PM,37.9°F,30.9°F,23.0°F,55%,30.04in,10.0mi,WNW,10.4mph,17.3mph,N/A,	,Overcast

4:51 PM,37.0°F,31.0°F,21.9°F,54%,30.06in,10.0mi,WNW,8.1mph,  -,N/A,	,Overcast

5:51 PM,37.0°F,30.4°F,21.9°F,54%,30.09in,10.0mi,WNW,9.2mph,  -,N/A,	,Overcast

6:51 PM,37.0°F,31.6°F,21.0°F,52%,30.15in,10.0mi,WNW,6.9mph,  -,N/A,	,Overcast

7:51 PM,37.0°F,30.4°F,21.9°F,54%,30.15in,10.0mi,WNW,9.2mph,  -,N/A,	,Overcast

8:51 PM,36.0°F,33.3°F,23.0°F,59%,30.17in,10.0mi,Variable,3.5mph,  -,N/A,	,Clear

9:51 PM,36.0°F,30.3°F,24.1°F,62%,30.18in,10.0mi,Variable,6.9mph,17.3mph,N/A,	,Clear

10:51 PM,35.1°F,28.6°F,24.1°F,64%,30.18in,10.0mi,WNW,8.1mph,  -,N/A,	,Clear

11:51 PM,35.1°F,29.3°F,23.0°F,61%,30.19in,10.0mi,WNW,6.9mph,  -,N/A,	,Clear

