20160311
Time (EST),Temp.,Dew Point,Humidity,Pressure,Visibility,Wind Dir,Wind Speed,Gust Speed,Precip,Events,Conditions

12:51 AM,66.9°F,54.0°F,63%,29.89in,10.0mi,Variable,5.8mph,  -,0.00in,	,Overcast

1:25 AM,66.0°F,54.0°F,65%,29.91in,10.0mi,Variable,4.6mph,  -,N/A,	,Overcast

1:51 AM,64.0°F,55.0°F,73%,29.90in,10.0mi,North,8.1mph,17.3mph,N/A,	,Overcast

2:51 AM,57.9°F,51.1°F,78%,29.91in,10.0mi,Variable,4.6mph,  -,0.00in,	,Overcast

3:19 AM,55.9°F,52.0°F,87%,29.97in,2.5mi,Variable,3.5mph,  -,0.02in,Rain,Rain

3:26 AM,55.9°F,53.1°F,90%,29.96in,3.0mi,Variable,6.9mph,  -,0.03in,Rain,Light Rain

3:37 AM,55.9°F,52.0°F,87%,29.96in,2.5mi,Variable,4.6mph,  -,0.05in,Rain,Light Rain

3:44 AM,55.9°F,52.0°F,87%,29.97in,4.0mi,Variable,4.6mph,  -,0.06in,Rain,Light Rain

3:51 AM,55.9°F,53.1°F,90%,29.94in,8.0mi,Calm,Calm,  -,0.06in,Rain,Light Rain

4:51 AM,55.9°F,52.0°F,87%,29.95in,10.0mi,Calm,Calm,  -,0.00in,	,Overcast

5:51 AM,55.9°F,52.0°F,87%,29.98in,10.0mi,Calm,Calm,  -,0.00in,	,Overcast

6:51 AM,57.0°F,50.0°F,77%,30.01in,10.0mi,West,5.8mph,  -,N/A,	,Overcast

7:51 AM,57.9°F,48.9°F,72%,30.04in,10.0mi,Variable,6.9mph,  -,N/A,	,Scattered Clouds

8:51 AM,57.9°F,43.0°F,58%,30.08in,10.0mi,North,  -,  -,N/A,	,Scattered Clouds

9:51 AM,55.9°F,39.9°F,55%,30.12in,10.0mi,Variable,5.8mph,17.3mph,N/A,	,Scattered Clouds

10:51 AM,57.9°F,37.9°F,47%,30.13in,10.0mi,WNW,10.4mph,18.4mph,N/A,	,Mostly Cloudy

11:51 AM,59.0°F,37.9°F,46%,30.12in,10.0mi,Variable,6.9mph,18.4mph,N/A,	,Clear

12:51 PM,59.0°F,37.0°F,44%,30.13in,10.0mi,WNW,9.2mph,17.3mph,N/A,	,Clear

1:51 PM,62.1°F,36.0°F,38%,30.13in,10.0mi,WNW,8.1mph,17.3mph,N/A,	,Clear

2:51 PM,63.0°F,35.1°F,35%,30.14in,10.0mi,NW,10.4mph,  -,N/A,	,Clear

3:51 PM,63.0°F,33.1°F,33%,30.17in,10.0mi,North,10.4mph,19.6mph,N/A,	,Clear

4:51 PM,61.0°F,32.0°F,34%,30.21in,10.0mi,Variable,4.6mph,  -,N/A,	,Clear

5:51 PM,59.0°F,30.9°F,35%,30.24in,10.0mi,NW,8.1mph,  -,N/A,	,Clear

6:51 PM,57.0°F,30.9°F,37%,30.28in,10.0mi,Variable,4.6mph,  -,N/A,	,Clear

7:51 PM,55.0°F,30.0°F,38%,30.30in,10.0mi,NW,8.1mph,  -,N/A,	,Clear

8:51 PM,53.1°F,30.9°F,43%,30.30in,10.0mi,Variable,5.8mph,  -,N/A,	,Clear

9:51 PM,51.1°F,30.0°F,44%,30.32in,10.0mi,North,4.6mph,  -,N/A,	,Clear

10:51 PM,50.0°F,30.9°F,48%,30.34in,10.0mi,Variable,3.5mph,  -,N/A,	,Clear

11:51 PM,48.0°F,30.0°F,50%,30.34in,10.0mi,North,5.8mph,  -,N/A,	,Clear

