20160709
Time (EDT),Temp.,Dew Point,Humidity,Pressure,Visibility,Wind Dir,Wind Speed,Gust Speed,Precip,Events,Conditions

12:46 AM,68.0°F,62.6°F,83%,29.88in,9.0mi,Variable,6.9mph,  -,N/A,	,Overcast

12:51 AM,68.0°F,63.0°F,84%,29.86in,8.0mi,Variable,5.8mph,  -,N/A,	,Overcast

1:51 AM,68.0°F,63.0°F,84%,29.86in,9.0mi,East,6.9mph,  -,N/A,	,Overcast

2:51 AM,68.0°F,62.1°F,81%,29.85in,9.0mi,Variable,5.8mph,  -,N/A,	,Overcast

3:51 AM,66.9°F,62.1°F,84%,29.84in,9.0mi,Variable,4.6mph,  -,N/A,	,Overcast

4:51 AM,66.0°F,62.1°F,87%,29.84in,5.0mi,Variable,5.8mph,  -,0.00in,Rain,Light Rain

5:05 AM,66.0°F,62.1°F,87%,29.86in,6.0mi,Variable,3.5mph,  -,0.00in,	,Overcast

5:18 AM,64.9°F,62.1°F,90%,29.87in,7.0mi,Variable,5.8mph,  -,0.00in,	,Overcast

5:51 AM,66.0°F,62.1°F,87%,29.85in,9.0mi,Variable,5.8mph,  -,0.00in,	,Overcast

6:51 AM,66.0°F,61.0°F,84%,29.87in,9.0mi,Variable,4.6mph,  -,N/A,	,Overcast

7:51 AM,66.0°F,61.0°F,84%,29.89in,8.0mi,Variable,4.6mph,  -,N/A,	,Overcast

8:29 AM,66.9°F,60.1°F,79%,29.91in,8.0mi,Variable,4.6mph,  -,N/A,	,Overcast

8:51 AM,66.9°F,61.0°F,81%,29.88in,9.0mi,Variable,4.6mph,  -,N/A,	,Overcast

9:51 AM,68.0°F,60.1°F,76%,29.87in,8.0mi,Variable,4.6mph,  -,N/A,	,Overcast

10:51 AM,70.0°F,62.1°F,76%,29.86in,8.0mi,Variable,3.5mph,  -,N/A,	,Overcast

11:51 AM,71.1°F,62.1°F,73%,29.86in,8.0mi,Variable,4.6mph,  -,N/A,	,Overcast

12:51 PM,72.0°F,62.1°F,71%,29.85in,8.0mi,Variable,6.9mph,  -,N/A,	,Overcast

1:51 PM,72.0°F,64.0°F,76%,29.83in,8.0mi,South,3.5mph,  -,N/A,	,Overcast

2:51 PM,71.1°F,64.9°F,81%,29.85in,8.0mi,Calm,Calm,  -,N/A,	,Overcast

3:51 PM,71.1°F,64.0°F,78%,29.85in,8.0mi,North,  -,  -,N/A,	,Overcast

4:11 PM,71.1°F,64.0°F,78%,29.87in,8.0mi,Variable,6.9mph,  -,N/A,	,Overcast

4:22 PM,70.0°F,64.0°F,81%,29.87in,7.0mi,South,5.8mph,  -,N/A,	,Overcast

4:51 PM,70.0°F,64.9°F,84%,29.83in,7.0mi,Calm,Calm,  -,N/A,	,Overcast

5:51 PM,71.1°F,64.9°F,81%,29.81in,7.0mi,Variable,4.6mph,  -,N/A,	,Overcast

6:51 PM,70.0°F,64.9°F,84%,29.81in,6.0mi,Calm,Calm,  -,N/A,	,Haze

7:51 PM,70.0°F,64.0°F,81%,29.82in,6.0mi,Variable,4.6mph,  -,N/A,	,Haze

8:23 PM,69.1°F,64.0°F,84%,29.84in,6.0mi,North,  -,  -,N/A,	,Haze

8:51 PM,68.0°F,64.9°F,90%,29.82in,5.0mi,Variable,3.5mph,  -,N/A,	,Overcast

9:51 PM,68.0°F,64.0°F,87%,29.83in,5.0mi,Variable,3.5mph,  -,N/A,	,Overcast

10:20 PM,66.9°F,64.9°F,93%,29.89in,2.0mi,North,5.8mph,  -,0.00in,Rain,Light Rain

10:26 PM,66.9°F,64.9°F,93%,29.89in,0.8mi,Variable,4.6mph,  -,0.01in,Rain,Heavy Rain

10:35 PM,66.9°F,64.9°F,93%,29.89in,0.8mi,Variable,3.5mph,  -,0.24in,Rain,Heavy Rain

10:51 PM,66.9°F,64.9°F,93%,29.85in,3.0mi,Variable,5.8mph,  -,0.45in,Rain,Light Rain

11:07 PM,66.9°F,64.9°F,93%,29.88in,3.0mi,Calm,Calm,  -,0.01in,Rain,Rain

11:30 PM,66.9°F,64.9°F,93%,29.85in,2.5mi,Variable,4.6mph,  -,0.07in,Rain,Rain

11:38 PM,66.9°F,64.9°F,93%,29.85in,5.0mi,Calm,Calm,  -,0.07in,Rain,Light Rain

11:51 PM,66.9°F,64.9°F,93%,29.83in,6.0mi,Calm,Calm,  -,0.08in,	,Mostly Cloudy

