20160629
Time (EDT),Temp.,Heat Index,Dew Point,Humidity,Pressure,Visibility,Wind Dir,Wind Speed,Gust Speed,Precip,Events,Conditions

12:51 AM,68.0°F,  -,66.0°F,93%,29.87in,7.0mi,Calm,Calm,  -,0.02in,Rain,Light Rain

1:51 AM,68.0°F,  -,66.0°F,93%,29.85in,6.0mi,Calm,Calm,  -,0.01in,	,Mostly Cloudy

2:51 AM,69.1°F,  -,66.9°F,93%,29.86in,4.0mi,Calm,Calm,  -,N/A,	,Overcast

3:43 AM,68.0°F,  -,64.9°F,90%,29.89in,6.0mi,Calm,Calm,  -,N/A,	,Mostly Cloudy

3:51 AM,68.0°F,  -,64.9°F,90%,29.86in,6.0mi,Calm,Calm,  -,N/A,	,Scattered Clouds

4:51 AM,66.9°F,  -,64.9°F,93%,29.86in,4.0mi,Calm,Calm,  -,N/A,	,Mostly Cloudy

5:26 AM,68.0°F,  -,64.9°F,90%,29.88in,2.5mi,Calm,Calm,  -,N/A,	,Scattered Clouds

5:32 AM,68.0°F,  -,64.9°F,90%,29.88in,3.0mi,Calm,Calm,  -,N/A,	,Scattered Clouds

5:48 AM,68.0°F,  -,64.4°F,88%,29.89in,3.0mi,Variable,3.5mph,  -,N/A,	,Mostly Cloudy

5:51 AM,68.0°F,  -,64.9°F,90%,29.87in,3.0mi,Calm,Calm,  -,N/A,	,Mostly Cloudy

6:02 AM,68.0°F,  -,66.0°F,93%,29.90in,2.0mi,Calm,Calm,  -,N/A,	,Overcast

6:18 AM,68.0°F,  -,64.9°F,90%,29.90in,4.0mi,Calm,Calm,  -,N/A,	,Overcast

6:51 AM,68.0°F,  -,66.0°F,93%,29.88in,5.0mi,Calm,Calm,  -,N/A,	,Mostly Cloudy

7:00 AM,68.0°F,  -,66.0°F,93%,29.91in,5.0mi,Calm,Calm,  -,N/A,	,Mostly Cloudy

7:11 AM,68.0°F,  -,66.0°F,93%,29.91in,6.0mi,Calm,Calm,  -,N/A,	,Scattered Clouds

7:51 AM,69.1°F,  -,66.0°F,90%,29.89in,8.0mi,Calm,Calm,  -,N/A,	,Partly Cloudy

8:51 AM,72.0°F,  -,64.0°F,76%,29.89in,9.0mi,Variable,4.6mph,  -,N/A,	,Clear

9:11 AM,72.0°F,  -,64.9°F,78%,29.92in,8.0mi,Variable,4.6mph,  -,N/A,	,Mostly Cloudy

9:51 AM,73.0°F,  -,64.9°F,76%,29.90in,8.0mi,Calm,Calm,  -,N/A,	,Overcast

10:51 AM,75.0°F,  -,64.9°F,71%,29.89in,9.0mi,North,  -,  -,N/A,	,Mostly Cloudy

11:30 AM,78.1°F,  -,64.0°F,62%,29.91in,9.0mi,Calm,Calm,  -,N/A,	,Scattered Clouds

11:51 AM,78.1°F,  -,64.0°F,62%,29.88in,9.0mi,Variable,3.5mph,  -,N/A,	,Partly Cloudy

12:51 PM,80.1°F,81.7°F,64.0°F,58%,29.87in,9.0mi,North,  -,  -,N/A,	,Scattered Clouds

1:51 PM,82.0°F,82.7°F,61.0°F,49%,29.86in,10.0mi,Variable,5.8mph,  -,N/A,	,Scattered Clouds

2:51 PM,81.0°F,81.3°F,59.0°F,47%,29.86in,10.0mi,WNW,8.1mph,  -,N/A,	,Partly Cloudy

3:51 PM,81.0°F,81.1°F,57.9°F,45%,29.87in,10.0mi,West,3.5mph,  -,N/A,	,Partly Cloudy

4:51 PM,82.0°F,81.6°F,55.9°F,41%,29.86in,10.0mi,WNW,4.6mph,  -,N/A,	,Scattered Clouds

5:51 PM,82.0°F,81.6°F,55.9°F,41%,29.86in,10.0mi,West,6.9mph,  -,N/A,	,Clear

6:51 PM,81.0°F,81.0°F,57.0°F,44%,29.87in,10.0mi,Variable,4.6mph,  -,N/A,	,Clear

7:51 PM,79.0°F,  -,55.9°F,45%,29.88in,10.0mi,Calm,Calm,  -,N/A,	,Clear

8:51 PM,78.1°F,  -,55.0°F,45%,29.90in,10.0mi,Variable,4.6mph,  -,N/A,	,Clear

9:51 PM,77.0°F,  -,55.0°F,47%,29.92in,10.0mi,Variable,4.6mph,  -,N/A,	,Clear

10:51 PM,75.0°F,  -,55.9°F,51%,29.94in,10.0mi,Calm,Calm,  -,N/A,	,Clear

11:51 PM,73.0°F,  -,57.0°F,57%,29.94in,10.0mi,Calm,Calm,  -,N/A,	,Clear

