20160430
Time (EDT),Temp.,Dew Point,Humidity,Pressure,Visibility,Wind Dir,Wind Speed,Gust Speed,Precip,Events,Conditions

12:51 AM,46.9°F,36.0°F,66%,30.17in,10.0mi,NE,3.5mph,  -,N/A,	,Overcast

1:51 AM,48.0°F,39.0°F,71%,30.17in,10.0mi,Variable,4.6mph,  -,N/A,	,Overcast

2:51 AM,48.0°F,37.9°F,68%,30.14in,10.0mi,ENE,6.9mph,  -,N/A,	,Overcast

3:51 AM,46.9°F,36.0°F,66%,30.16in,10.0mi,Variable,6.9mph,  -,N/A,	,Overcast

4:51 AM,46.9°F,37.0°F,68%,30.17in,10.0mi,ENE,3.5mph,  -,N/A,	,Overcast

5:51 AM,46.9°F,37.0°F,68%,30.17in,10.0mi,ENE,4.6mph,  -,N/A,	,Overcast

6:51 AM,48.0°F,37.0°F,66%,30.21in,10.0mi,Variable,3.5mph,  -,N/A,	,Overcast

7:51 AM,48.9°F,37.9°F,66%,30.22in,10.0mi,ENE,8.1mph,  -,N/A,	,Overcast

8:51 AM,51.1°F,37.0°F,59%,30.22in,10.0mi,Variable,3.5mph,  -,N/A,	,Overcast

9:51 AM,53.1°F,35.1°F,50%,30.22in,10.0mi,NNE,3.5mph,  -,N/A,	,Overcast

10:51 AM,55.9°F,37.0°F,49%,30.20in,10.0mi,Variable,6.9mph,  -,N/A,	,Overcast

11:51 AM,60.1°F,36.0°F,41%,30.20in,10.0mi,East,5.8mph,  -,N/A,	,Clear

12:51 PM,62.1°F,36.0°F,38%,30.18in,10.0mi,ESE,8.1mph,  -,N/A,	,Scattered Clouds

1:51 PM,62.1°F,37.9°F,41%,30.19in,10.0mi,North,  -,  -,N/A,	,Clear

2:51 PM,62.1°F,33.1°F,34%,30.20in,10.0mi,West,6.9mph,  -,N/A,	,Clear

3:51 PM,64.0°F,30.0°F,28%,30.19in,10.0mi,Variable,3.5mph,  -,N/A,	,Clear

4:51 PM,61.0°F,32.0°F,34%,30.21in,10.0mi,Variable,5.8mph,  -,N/A,	,Clear

5:51 PM,57.0°F,32.0°F,39%,30.22in,10.0mi,South,9.2mph,  -,N/A,	,Clear

6:51 PM,55.0°F,30.9°F,40%,30.23in,10.0mi,Variable,4.6mph,  -,N/A,	,Clear

7:51 PM,53.1°F,33.1°F,47%,30.24in,10.0mi,South,6.9mph,  -,N/A,	,Clear

8:51 PM,52.0°F,35.1°F,53%,30.24in,10.0mi,Variable,3.5mph,  -,N/A,	,Clear

9:51 PM,51.1°F,36.0°F,56%,30.24in,10.0mi,SSE,8.1mph,  -,N/A,	,Clear

10:51 PM,50.0°F,37.0°F,61%,30.24in,10.0mi,South,8.1mph,  -,N/A,	,Clear

11:51 PM,50.0°F,36.0°F,59%,30.24in,10.0mi,North,  -,  -,N/A,	,Clear

