20161022
Time (EDT),Temp.,Dew Point,Humidity,Pressure,Visibility,Wind Dir,Wind Speed,Gust Speed,Precip,Events,Conditions

12:24 AM,57.9°F,55.9°F,93%,29.45in,10.0mi,NW,9.2mph,  -,0.00in,	,Overcast

12:51 AM,57.9°F,54.0°F,87%,29.42in,10.0mi,Variable,4.6mph,  -,0.00in,	,Overcast

1:51 AM,55.9°F,51.1°F,84%,29.41in,10.0mi,NW,11.5mph,21.9mph,N/A,	,Overcast

2:51 AM,55.0°F,48.9°F,80%,29.41in,10.0mi,North,  -,  -,N/A,	,Overcast

3:51 AM,54.0°F,48.0°F,80%,29.41in,7.0mi,WNW,9.2mph,18.4mph,0.00in,Rain,Light Rain

4:02 AM,52.0°F,48.0°F,86%,29.45in,2.0mi,WNW,9.2mph,19.6mph,0.04in,Rain,Rain

4:16 AM,52.0°F,48.9°F,89%,29.45in,6.0mi,NW,11.5mph,18.4mph,0.06in,Rain,Light Rain

4:35 AM,51.1°F,48.9°F,92%,29.44in,2.5mi,WNW,9.2mph,  -,0.09in,Rain,Heavy Rain

4:51 AM,50.0°F,48.0°F,93%,29.42in,2.5mi,WNW,8.1mph,  -,0.13in,Rain,Light Rain

4:58 AM,50.0°F,48.0°F,93%,29.45in,3.0mi,NW,8.1mph,  -,0.01in,Rain,Rain

5:51 AM,50.0°F,46.9°F,89%,29.41in,10.0mi,Variable,5.8mph,  -,0.04in,	,Overcast

6:03 AM,50.0°F,46.9°F,89%,29.43in,10.0mi,WNW,8.1mph,  -,N/A,	,Overcast

6:28 AM,50.0°F,46.0°F,86%,29.43in,7.0mi,WNW,10.4mph,16.1mph,0.01in,Rain,Light Rain

6:51 AM,48.9°F,46.0°F,90%,29.42in,8.0mi,WNW,9.2mph,19.6mph,0.02in,Rain,Light Rain

7:12 AM,48.9°F,46.0°F,90%,29.43in,8.0mi,WNW,9.2mph,18.4mph,0.00in,Rain,Light Rain

7:51 AM,48.0°F,45.0°F,89%,29.40in,6.0mi,WNW,9.2mph,19.6mph,0.02in,Rain,Light Rain

8:51 AM,48.0°F,45.0°F,89%,29.38in,8.0mi,WNW,8.1mph,17.3mph,0.05in,Rain,Light Rain

9:10 AM,48.0°F,45.0°F,89%,29.44in,8.0mi,Variable,4.6mph,17.3mph,0.01in,Rain,Light Rain

9:51 AM,48.0°F,43.0°F,83%,29.42in,10.0mi,WNW,6.9mph,23.0mph,0.01in,	,Overcast

10:23 AM,48.0°F,42.1°F,80%,29.45in,10.0mi,WNW,10.4mph,20.7mph,N/A,	,Overcast

10:51 AM,48.9°F,39.9°F,71%,29.43in,10.0mi,NW,11.5mph,26.5mph,N/A,	,Overcast

11:51 AM,46.9°F,41.0°F,80%,29.45in,7.0mi,North,  -,  -,0.00in,Rain,Light Rain

12:39 PM,46.9°F,41.0°F,80%,29.48in,5.0mi,WNW,12.7mph,19.6mph,0.01in,Rain,Light Rain

12:51 PM,46.9°F,41.0°F,80%,29.46in,8.0mi,WNW,17.3mph,28.8mph,0.01in,Rain,Light Rain

1:07 PM,46.9°F,41.0°F,80%,29.49in,7.0mi,West,9.2mph,25.3mph,0.00in,Rain,Light Rain

1:17 PM,46.9°F,41.0°F,80%,29.49in,7.0mi,WNW,10.4mph,21.9mph,0.01in,Rain,Light Rain

1:51 PM,48.9°F,39.9°F,71%,29.47in,10.0mi,Variable,5.8mph,  -,0.01in,	,Overcast

2:51 PM,50.0°F,39.0°F,66%,29.48in,10.0mi,North,  -,  -,N/A,	,Overcast

3:51 PM,50.0°F,37.9°F,63%,29.51in,10.0mi,WNW,12.7mph,29.9mph,N/A,	,Overcast

4:51 PM,48.0°F,39.0°F,71%,29.53in,10.0mi,WNW,17.3mph,31.1mph,N/A,	,Overcast

5:51 PM,46.9°F,37.9°F,71%,29.57in,10.0mi,West,17.3mph,26.5mph,0.00in,Rain,Light Rain

6:51 PM,48.0°F,37.9°F,68%,29.59in,10.0mi,WNW,11.5mph,18.4mph,0.00in,	,Overcast

7:51 PM,48.9°F,37.9°F,66%,29.61in,10.0mi,West,9.2mph,17.3mph,N/A,	,Overcast

8:51 PM,50.0°F,33.1°F,52%,29.63in,10.0mi,WNW,11.5mph,27.6mph,N/A,	,Overcast

9:51 PM,48.9°F,32.0°F,52%,29.65in,10.0mi,WNW,8.1mph,27.6mph,N/A,	,Overcast

10:51 PM,48.9°F,33.1°F,54%,29.67in,10.0mi,West,10.4mph,  -,N/A,	,Overcast

11:51 PM,48.0°F,32.0°F,54%,29.68in,10.0mi,West,10.4mph,23.0mph,N/A,	,Clear

