20160207
Time (EST),Temp.,Windchill,Dew Point,Humidity,Pressure,Visibility,Wind Dir,Wind Speed,Gust Speed,Precip,Events,Conditions

12:51 AM,36.0°F,33.3°F,21.0°F,55%,30.23in,10.0mi,Variable,3.5mph,  -,N/A,	,Clear

1:51 AM,36.0°F,32.1°F,21.9°F,57%,30.22in,10.0mi,Variable,4.6mph,  -,N/A,	,Clear

2:51 AM,36.0°F,  -,21.0°F,55%,30.23in,10.0mi,North,  -,  -,N/A,	,Clear

3:51 AM,35.1°F,29.3°F,21.0°F,57%,30.20in,10.0mi,West,6.9mph,  -,N/A,	,Clear

4:51 AM,35.1°F,32.2°F,21.0°F,57%,30.19in,10.0mi,West,3.5mph,  -,N/A,	,Clear

5:51 AM,34.0°F,  -,19.9°F,56%,30.18in,10.0mi,Calm,Calm,  -,N/A,	,Clear

6:51 AM,35.1°F,31.0°F,19.9°F,54%,30.19in,10.0mi,West,4.6mph,  -,N/A,	,Clear

7:51 AM,35.1°F,  -,21.0°F,57%,30.19in,10.0mi,Calm,Calm,  -,N/A,	,Clear

8:51 AM,37.0°F,  -,19.9°F,50%,30.18in,10.0mi,Calm,Calm,  -,N/A,	,Clear

9:51 AM,39.0°F,  -,19.9°F,46%,30.16in,10.0mi,Calm,Calm,  -,N/A,	,Clear

10:51 AM,41.0°F,39.0°F,19.9°F,43%,30.15in,10.0mi,Variable,3.5mph,  -,N/A,	,Clear

11:51 AM,42.1°F,  -,19.9°F,41%,30.13in,10.0mi,Calm,Calm,  -,N/A,	,Clear

12:51 PM,45.0°F,43.5°F,19.0°F,36%,30.12in,10.0mi,Variable,3.5mph,  -,N/A,	,Clear

1:51 PM,46.9°F,  -,21.0°F,36%,30.08in,10.0mi,ENE,6.9mph,  -,N/A,	,Clear

2:51 PM,46.0°F,43.1°F,21.0°F,37%,30.06in,10.0mi,Variable,5.8mph,  -,N/A,	,Clear

3:51 PM,45.0°F,41.2°F,19.9°F,37%,30.04in,10.0mi,East,6.9mph,  -,N/A,	,Clear

4:51 PM,43.0°F,39.5°F,21.0°F,42%,30.03in,10.0mi,ENE,5.8mph,  -,N/A,	,Clear

5:51 PM,42.1°F,37.1°F,23.0°F,47%,30.01in,10.0mi,East,8.1mph,  -,N/A,	,Clear

6:51 PM,41.0°F,35.8°F,27.0°F,57%,30.01in,10.0mi,East,8.1mph,  -,N/A,	,Clear

7:51 PM,39.9°F,33.9°F,25.0°F,55%,29.99in,10.0mi,ENE,9.2mph,  -,N/A,	,Clear

8:51 PM,39.0°F,32.8°F,27.0°F,62%,29.97in,10.0mi,ENE,9.2mph,  -,N/A,	,Clear

9:51 PM,39.0°F,35.7°F,27.0°F,62%,29.95in,10.0mi,NE,4.6mph,  -,N/A,	,Clear

10:51 PM,39.9°F,32.1°F,27.0°F,60%,29.92in,10.0mi,ENE,13.8mph,20.7mph,N/A,	,Clear

11:51 PM,39.0°F,30.6°F,25.0°F,57%,29.90in,10.0mi,East,15.0mph,21.9mph,N/A,	,Clear

