20160502
Time (EDT),Temp.,Windchill,Dew Point,Humidity,Pressure,Visibility,Wind Dir,Wind Speed,Gust Speed,Precip,Events,Conditions

12:51 AM,46.0°F,43.1°F,43.0°F,89%,30.07in,4.0mi,ENE,5.8mph,  -,N/A,	,Overcast

1:51 AM,45.0°F,42.6°F,43.0°F,93%,30.04in,4.0mi,NNE,4.6mph,  -,N/A,	,Overcast

2:51 AM,45.0°F,  -,43.0°F,93%,30.04in,3.0mi,Calm,Calm,  -,N/A,	,Overcast

3:03 AM,45.0°F,  -,43.0°F,93%,30.07in,2.5mi,Calm,Calm,  -,N/A,	,Overcast

3:14 AM,45.0°F,  -,42.1°F,90%,30.06in,3.0mi,Calm,Calm,  -,N/A,	,Overcast

3:24 AM,45.0°F,43.5°F,43.0°F,93%,30.06in,2.5mi,NE,3.5mph,  -,N/A,	,Overcast

3:51 AM,45.0°F,42.6°F,43.0°F,93%,30.03in,3.0mi,Variable,4.6mph,  -,N/A,	,Overcast

4:11 AM,46.0°F,43.1°F,43.0°F,89%,30.04in,2.5mi,NE,5.8mph,  -,N/A,	,Overcast

4:18 AM,46.0°F,43.9°F,43.0°F,89%,30.04in,3.0mi,NE,4.6mph,  -,N/A,	,Overcast

4:51 AM,46.0°F,44.8°F,43.0°F,89%,30.01in,3.0mi,Variable,3.5mph,  -,N/A,	,Overcast

5:51 AM,46.0°F,43.9°F,43.0°F,89%,30.01in,3.0mi,Variable,4.6mph,  -,N/A,	,Overcast

6:11 AM,46.0°F,  -,43.0°F,89%,30.04in,4.0mi,Calm,Calm,  -,N/A,	,Overcast

6:51 AM,46.0°F,44.8°F,43.0°F,89%,30.01in,4.0mi,Variable,3.5mph,  -,N/A,	,Overcast

7:51 AM,46.9°F,  -,44.1°F,90%,30.00in,3.0mi,ENE,6.9mph,  -,N/A,	,Overcast

8:23 AM,48.0°F,  -,45.0°F,89%,30.01in,4.0mi,Variable,4.6mph,  -,N/A,	,Overcast

8:51 AM,48.0°F,  -,45.0°F,89%,30.01in,3.0mi,Calm,Calm,  -,N/A,	,Overcast

8:57 AM,48.0°F,  -,45.0°F,89%,30.02in,2.5mi,Calm,Calm,  -,N/A,	,Overcast

9:08 AM,48.9°F,  -,45.0°F,86%,30.02in,3.0mi,Variable,3.5mph,  -,N/A,	,Overcast

9:51 AM,48.9°F,  -,45.0°F,86%,30.01in,4.0mi,West,3.5mph,  -,N/A,	,Overcast

10:21 AM,50.0°F,  -,46.9°F,89%,30.01in,3.0mi,Calm,Calm,  -,N/A,	,Overcast

10:29 AM,50.0°F,  -,46.9°F,89%,30.00in,2.5mi,Calm,Calm,  -,N/A,	,Overcast

10:37 AM,51.1°F,  -,46.9°F,86%,29.99in,3.0mi,Calm,Calm,  -,N/A,	,Overcast

10:51 AM,52.0°F,  -,46.9°F,83%,29.95in,4.0mi,SSE,5.8mph,  -,N/A,	,Haze

11:11 AM,51.1°F,  -,46.0°F,83%,29.99in,4.0mi,Calm,Calm,  -,N/A,	,Haze

11:18 AM,52.0°F,  -,46.9°F,83%,29.98in,4.0mi,South,3.5mph,  -,N/A,	,Haze

11:51 AM,52.0°F,  -,46.9°F,83%,29.96in,6.0mi,Calm,Calm,  -,N/A,	,Haze

12:51 PM,53.1°F,  -,48.0°F,83%,29.95in,7.0mi,Calm,Calm,  -,N/A,	,Overcast

1:51 PM,55.0°F,  -,48.0°F,77%,29.93in,6.0mi,Calm,Calm,  -,N/A,	,Haze

2:36 PM,57.0°F,  -,48.0°F,72%,29.94in,7.0mi,Calm,Calm,  -,N/A,	,Overcast

2:51 PM,55.9°F,  -,48.0°F,75%,29.92in,8.0mi,Variable,3.5mph,  -,N/A,	,Overcast

3:36 PM,57.0°F,  -,48.9°F,74%,29.93in,7.0mi,Calm,Calm,  -,N/A,	,Overcast

3:51 PM,57.0°F,  -,48.9°F,74%,29.90in,6.0mi,West,3.5mph,  -,N/A,	,Haze

4:16 PM,59.0°F,  -,48.9°F,69%,29.91in,6.0mi,Calm,Calm,  -,N/A,	,Haze

4:51 PM,57.9°F,  -,48.9°F,72%,29.89in,5.0mi,Calm,Calm,  -,N/A,	,Haze

5:51 PM,59.0°F,  -,50.0°F,72%,29.90in,6.0mi,Variable,3.5mph,  -,N/A,	,Haze

6:08 PM,59.0°F,  -,50.0°F,72%,29.92in,6.0mi,Calm,Calm,  -,N/A,	,Haze

6:37 PM,59.0°F,  -,51.1°F,75%,29.93in,6.0mi,Calm,Calm,  -,N/A,	,Haze

6:51 PM,59.0°F,  -,51.1°F,75%,29.90in,6.0mi,West,3.5mph,  -,N/A,	,Haze

7:51 PM,57.9°F,  -,51.1°F,78%,29.93in,6.0mi,Calm,Calm,  -,N/A,	,Haze

8:51 PM,55.9°F,  -,51.1°F,84%,29.92in,7.0mi,Calm,Calm,  -,N/A,	,Clear

9:51 PM,57.0°F,  -,51.1°F,81%,29.94in,7.0mi,Calm,Calm,  -,N/A,	,Clear

10:51 PM,57.0°F,  -,51.1°F,81%,29.94in,7.0mi,North,3.5mph,  -,N/A,	,Clear

11:51 PM,57.0°F,  -,52.0°F,83%,29.94in,6.0mi,Calm,Calm,  -,0.00in,Rain,Light Rain

