20160407
Time (EDT),Temp.,Dew Point,Humidity,Pressure,Visibility,Wind Dir,Wind Speed,Gust Speed,Precip,Events,Conditions

12:51 AM,48.2°F,39.0°F,71%,29.95in,10.0mi,South,4.6mph,  -,N/A,	,Overcast

1:51 AM,48.0°F,39.9°F,74%,29.91in,10.0mi,SSE,5.8mph,  -,N/A,	,Overcast

2:51 AM,48.0°F,41.0°F,77%,29.88in,10.0mi,SSE,6.9mph,  -,N/A,	,Overcast

3:51 AM,48.9°F,42.1°F,77%,29.84in,10.0mi,SSE,4.6mph,  -,N/A,	,Clear

4:51 AM,52.0°F,43.0°F,71%,29.81in,10.0mi,Variable,3.5mph,  -,N/A,	,Scattered Clouds

5:51 AM,53.1°F,44.1°F,71%,29.78in,10.0mi,Variable,5.8mph,  -,N/A,	,Partly Cloudy

6:51 AM,54.0°F,44.1°F,69%,29.76in,10.0mi,Variable,5.8mph,  -,N/A,	,Scattered Clouds

7:51 AM,54.0°F,45.0°F,72%,29.74in,10.0mi,South,12.7mph,24.2mph,N/A,	,Clear

8:51 AM,54.0°F,46.9°F,77%,29.71in,10.0mi,Variable,6.9mph,21.9mph,N/A,	,Mostly Cloudy

9:51 AM,55.9°F,46.9°F,72%,29.68in,10.0mi,South,9.2mph,19.6mph,N/A,	,Partly Cloudy

10:51 AM,55.0°F,46.9°F,74%,29.63in,10.0mi,SSE,12.7mph,20.7mph,N/A,	,Mostly Cloudy

11:51 AM,55.0°F,48.9°F,80%,29.57in,9.0mi,Variable,6.9mph,  -,N/A,	,Overcast

12:51 PM,55.0°F,50.0°F,83%,29.49in,6.0mi,South,5.8mph,  -,0.00in,Rain,Light Rain

1:51 PM,53.1°F,50.0°F,89%,29.43in,7.0mi,Variable,6.9mph,23.0mph,0.08in,	,Overcast

2:51 PM,55.0°F,51.1°F,86%,29.38in,7.0mi,South,8.1mph,24.2mph,0.01in,	,Overcast

2:52 PM,55.0°F,51.1°F,86%,29.38in,7.0mi,South,8.1mph,24.2mph,0.01in,	,Overcast

2:54 PM,55.0°F,51.1°F,86%,29.38in,7.0mi,South,8.1mph,24.2mph,0.01in,	,Overcast

3:00 PM,55.4°F,51.8°F,88%,29.40in,7.0mi,South,8.1mph,24.2mph,N/A,	,Overcast

3:51 PM,57.9°F,50.0°F,75%,29.36in,10.0mi,SSW,6.9mph,  -,0.00in,	,Overcast

4:51 PM,57.0°F,46.0°F,67%,29.38in,10.0mi,WSW,3.5mph,  -,N/A,	,Overcast

5:51 PM,57.0°F,42.1°F,57%,29.39in,10.0mi,WSW,12.7mph,18.4mph,N/A,	,Mostly Cloudy

6:51 PM,57.0°F,41.0°F,55%,29.40in,10.0mi,Variable,4.6mph,  -,N/A,	,Scattered Clouds

7:51 PM,55.9°F,39.0°F,53%,29.41in,10.0mi,North,  -,  -,N/A,	,Clear

8:51 PM,55.0°F,37.0°F,51%,29.44in,10.0mi,Variable,3.5mph,  -,N/A,	,Clear

9:51 PM,55.4°F,37.4°F,51%,29.44in,10.0mi,Variable,4.6mph,  -,N/A,	,Overcast

10:51 PM,54.0°F,39.0°F,57%,29.45in,10.0mi,SW,6.9mph,  -,N/A,	,Partly Cloudy

11:51 PM,52.0°F,39.0°F,61%,29.47in,10.0mi,West,11.5mph,20.7mph,N/A,	,Clear

