20161204
Time (EST),Temp.,Windchill,Dew Point,Humidity,Pressure,Visibility,Wind Dir,Wind Speed,Gust Speed,Precip,Events,Conditions

12:51 AM,42.1°F,37.7°F,25.0°F,51%,30.18in,10.0mi,NW,6.9mph,  -,N/A,	,Overcast

1:51 AM,42.1°F,  -,24.1°F,49%,30.19in,10.0mi,North,  -,  -,N/A,	,Overcast

2:51 AM,41.0°F,  -,24.1°F,51%,30.19in,10.0mi,North,  -,  -,N/A,	,Overcast

3:51 AM,41.0°F,36.4°F,23.0°F,49%,30.19in,10.0mi,NW,6.9mph,  -,N/A,	,Overcast

4:51 AM,41.0°F,35.2°F,21.9°F,47%,30.19in,10.0mi,NW,9.2mph,16.1mph,N/A,	,Overcast

5:51 AM,39.9°F,37.8°F,23.0°F,51%,30.20in,10.0mi,Variable,3.5mph,  -,N/A,	,Mostly Cloudy

6:51 AM,39.0°F,31.8°F,21.0°F,49%,30.22in,10.0mi,WNW,11.5mph,17.3mph,N/A,	,Scattered Clouds

7:51 AM,39.0°F,35.7°F,21.9°F,50%,30.22in,10.0mi,Variable,4.6mph,  -,N/A,	,Clear

8:51 AM,39.0°F,36.8°F,21.9°F,50%,30.23in,10.0mi,Variable,3.5mph,  -,N/A,	,Clear

9:51 AM,41.0°F,  -,21.9°F,47%,30.23in,10.0mi,North,  -,  -,N/A,	,Clear

10:51 AM,42.1°F,40.2°F,21.9°F,45%,30.22in,10.0mi,Variable,3.5mph,  -,N/A,	,Clear

11:51 AM,44.1°F,39.0°F,21.0°F,40%,30.21in,10.0mi,North,9.2mph,  -,N/A,	,Clear

12:51 PM,45.0°F,  -,19.9°F,37%,30.19in,10.0mi,Calm,Calm,  -,N/A,	,Clear

1:51 PM,46.0°F,42.5°F,19.9°F,35%,30.18in,10.0mi,WNW,6.9mph,  -,N/A,	,Clear

2:51 PM,45.0°F,41.8°F,19.9°F,37%,30.19in,10.0mi,Variable,5.8mph,  -,N/A,	,Clear

3:51 PM,44.1°F,  -,21.0°F,40%,30.19in,10.0mi,Calm,Calm,  -,N/A,	,Clear

4:51 PM,43.0°F,41.3°F,19.0°F,38%,30.19in,10.0mi,ENE,3.5mph,  -,N/A,	,Clear

5:51 PM,42.1°F,40.2°F,21.0°F,43%,30.19in,10.0mi,NE,3.5mph,  -,N/A,	,Clear

6:51 PM,42.1°F,  -,24.1°F,49%,30.19in,10.0mi,Calm,Calm,  -,N/A,	,Clear

7:51 PM,42.1°F,37.7°F,25.0°F,51%,30.18in,10.0mi,ENE,6.9mph,  -,N/A,	,Clear

8:51 PM,41.0°F,  -,24.1°F,51%,30.17in,10.0mi,Calm,Calm,  -,N/A,	,Clear

9:51 PM,41.0°F,35.8°F,24.1°F,51%,30.16in,10.0mi,East,8.1mph,  -,N/A,	,Clear

10:51 PM,39.9°F,36.7°F,24.1°F,53%,30.15in,10.0mi,Variable,4.6mph,  -,N/A,	,Clear

11:51 PM,39.9°F,34.5°F,24.1°F,53%,30.12in,10.0mi,East,8.1mph,  -,N/A,	,Partly Cloudy

