20160221
Time (EST),Temp.,Windchill,Dew Point,Humidity,Pressure,Visibility,Wind Dir,Wind Speed,Gust Speed,Precip,Events,Conditions

12:51 AM,54.0°F,  -,36.0°F,51%,29.81in,10.0mi,West,8.1mph,  -,N/A,	,Clear

1:51 AM,52.0°F,  -,35.1°F,53%,29.83in,10.0mi,Variable,4.6mph,  -,N/A,	,Clear

2:51 AM,52.0°F,  -,34.0°F,50%,29.83in,10.0mi,West,8.1mph,  -,N/A,	,Clear

3:51 AM,50.0°F,  -,34.0°F,54%,29.86in,10.0mi,WNW,5.8mph,  -,N/A,	,Clear

4:51 AM,50.0°F,  -,33.1°F,52%,29.88in,10.0mi,Calm,Calm,  -,N/A,	,Clear

5:51 AM,51.1°F,  -,30.9°F,46%,29.89in,10.0mi,Variable,5.8mph,  -,N/A,	,Clear

6:51 AM,50.0°F,  -,30.9°F,48%,29.92in,10.0mi,WNW,4.6mph,  -,N/A,	,Clear

7:51 AM,51.1°F,  -,30.9°F,46%,29.94in,10.0mi,WNW,5.8mph,  -,N/A,	,Clear

8:51 AM,51.1°F,  -,30.9°F,46%,29.95in,10.0mi,Calm,Calm,  -,N/A,	,Clear

9:51 AM,52.0°F,  -,30.9°F,45%,29.94in,10.0mi,NW,9.2mph,  -,N/A,	,Clear

10:51 AM,53.1°F,  -,30.0°F,41%,29.93in,10.0mi,Variable,3.5mph,  -,N/A,	,Clear

11:51 AM,53.1°F,  -,28.9°F,40%,29.94in,10.0mi,Variable,6.9mph,  -,N/A,	,Clear

12:51 PM,53.1°F,  -,28.0°F,38%,29.91in,10.0mi,WNW,5.8mph,  -,N/A,	,Clear

1:51 PM,54.0°F,  -,28.9°F,38%,29.88in,10.0mi,North,6.9mph,  -,N/A,	,Clear

2:51 PM,55.0°F,  -,28.9°F,37%,29.88in,10.0mi,Calm,Calm,  -,N/A,	,Mostly Cloudy

3:51 PM,54.0°F,  -,28.9°F,38%,29.89in,10.0mi,Calm,Calm,  -,N/A,	,Overcast

4:51 PM,54.0°F,  -,30.0°F,40%,29.89in,10.0mi,Calm,Calm,  -,N/A,	,Overcast

5:51 PM,53.1°F,  -,30.0°F,41%,29.91in,10.0mi,Calm,Calm,  -,N/A,	,Overcast

6:51 PM,50.0°F,  -,34.0°F,54%,29.93in,10.0mi,NE,5.8mph,  -,0.01in,	,Overcast

7:51 PM,51.1°F,  -,34.0°F,52%,29.94in,10.0mi,North,5.8mph,  -,0.00in,Rain,Light Rain

8:51 PM,48.9°F,  -,36.0°F,61%,29.96in,9.0mi,NNE,5.8mph,  -,0.00in,Rain,Light Rain

9:51 PM,46.9°F,  -,36.0°F,66%,29.96in,10.0mi,Variable,5.8mph,  -,0.02in,Rain,Light Rain

10:51 PM,46.0°F,41.9°F,34.0°F,63%,29.97in,10.0mi,ENE,8.1mph,  -,0.00in,	,Overcast

11:51 PM,45.0°F,39.7°F,30.9°F,58%,29.96in,10.0mi,NE,10.4mph,18.4mph,N/A,	,Overcast

