20161014
Time (EDT),Temp.,Dew Point,Humidity,Pressure,Visibility,Wind Dir,Wind Speed,Gust Speed,Precip,Events,Conditions

12:51 AM,53.1°F,37.9°F,57%,30.20in,10.0mi,Variable,4.6mph,  -,N/A,	,Clear

1:51 AM,52.0°F,37.9°F,59%,30.23in,10.0mi,Variable,4.6mph,  -,N/A,	,Clear

2:51 AM,51.1°F,39.0°F,63%,30.23in,10.0mi,Variable,3.5mph,  -,N/A,	,Clear

3:51 AM,50.0°F,39.0°F,66%,30.24in,10.0mi,Variable,4.6mph,  -,N/A,	,Clear

4:51 AM,48.9°F,37.9°F,66%,30.25in,10.0mi,Variable,3.5mph,  -,N/A,	,Clear

5:51 AM,48.0°F,37.9°F,68%,30.27in,10.0mi,NNW,5.8mph,  -,N/A,	,Clear

6:51 AM,48.0°F,37.9°F,68%,30.29in,10.0mi,Variable,5.8mph,  -,N/A,	,Clear

7:51 AM,48.0°F,37.9°F,68%,30.32in,10.0mi,North,3.5mph,  -,N/A,	,Clear

8:51 AM,50.0°F,37.9°F,63%,30.35in,10.0mi,Variable,5.8mph,  -,N/A,	,Clear

9:51 AM,51.1°F,37.0°F,59%,30.36in,10.0mi,Variable,4.6mph,  -,N/A,	,Clear

10:51 AM,52.0°F,35.1°F,53%,30.37in,10.0mi,North,8.1mph,  -,N/A,	,Clear

11:51 AM,55.0°F,33.1°F,43%,30.37in,10.0mi,NE,8.1mph,  -,N/A,	,Clear

12:51 PM,57.0°F,34.0°F,42%,30.35in,10.0mi,ENE,5.8mph,  -,N/A,	,Clear

1:51 PM,59.0°F,35.1°F,41%,30.34in,10.0mi,ENE,5.8mph,  -,N/A,	,Clear

2:51 PM,61.0°F,35.1°F,38%,30.32in,10.0mi,Variable,3.5mph,  -,N/A,	,Clear

3:51 PM,61.0°F,36.0°F,39%,30.31in,10.0mi,Variable,4.6mph,  -,N/A,	,Clear

4:51 PM,61.0°F,35.1°F,38%,30.32in,10.0mi,North,3.5mph,  -,N/A,	,Clear

5:51 PM,57.0°F,37.0°F,47%,30.32in,10.0mi,ENE,4.6mph,  -,N/A,	,Clear

6:51 PM,55.9°F,35.1°F,45%,30.33in,10.0mi,NNE,3.5mph,  -,N/A,	,Clear

7:51 PM,54.0°F,37.0°F,53%,30.34in,10.0mi,NE,3.5mph,  -,N/A,	,Clear

8:51 PM,54.0°F,35.1°F,49%,30.36in,10.0mi,Variable,3.5mph,  -,N/A,	,Clear

9:51 PM,54.0°F,33.1°F,45%,30.39in,10.0mi,NNE,4.6mph,  -,N/A,	,Clear

10:51 PM,51.1°F,35.1°F,54%,30.39in,10.0mi,ENE,3.5mph,  -,N/A,	,Clear

11:51 PM,50.0°F,37.0°F,61%,30.39in,10.0mi,ENE,4.6mph,  -,N/A,	,Clear

