20161003
Time (EDT),Temp.,Dew Point,Humidity,Pressure,Visibility,Wind Dir,Wind Speed,Gust Speed,Precip,Events,Conditions

12:51 AM,63.0°F,59.0°F,87%,30.03in,6.0mi,Calm,Calm,  -,N/A,	,Overcast

1:06 AM,62.1°F,57.9°F,86%,30.05in,6.0mi,Calm,Calm,  -,N/A,	,Overcast

1:48 AM,62.6°F,57.2°F,82%,30.04in,6.0mi,Calm,Calm,  -,N/A,	,Overcast

1:51 AM,62.1°F,57.9°F,86%,30.01in,6.0mi,Calm,Calm,  -,N/A,	,Overcast

2:02 AM,62.1°F,57.9°F,86%,30.04in,5.0mi,Calm,Calm,  -,N/A,	,Mostly Cloudy

2:18 AM,62.1°F,57.9°F,86%,30.04in,5.0mi,Calm,Calm,  -,N/A,	,Overcast

2:48 AM,60.8°F,57.2°F,88%,30.03in,5.0mi,WNW,3.5mph,  -,N/A,	,Mostly Cloudy

2:51 AM,61.0°F,57.9°F,90%,30.01in,5.0mi,West,3.5mph,  -,N/A,	,Mostly Cloudy

3:01 AM,61.0°F,57.9°F,90%,30.03in,5.0mi,Calm,Calm,  -,N/A,	,Overcast

3:51 AM,61.0°F,57.9°F,90%,29.99in,4.0mi,Variable,3.5mph,  -,N/A,	,Overcast

4:37 AM,61.0°F,57.9°F,90%,30.01in,4.0mi,Variable,3.5mph,  -,N/A,	,Overcast

4:51 AM,61.0°F,57.9°F,90%,29.99in,5.0mi,Variable,3.5mph,  -,N/A,	,Overcast

5:51 AM,61.0°F,57.9°F,90%,29.99in,5.0mi,Variable,4.6mph,  -,N/A,	,Scattered Clouds

6:29 AM,61.0°F,57.9°F,90%,30.01in,4.0mi,Calm,Calm,  -,N/A,	,Overcast

6:51 AM,61.0°F,57.9°F,90%,29.99in,5.0mi,Variable,3.5mph,  -,N/A,	,Overcast

7:51 AM,61.0°F,57.0°F,87%,30.00in,6.0mi,Variable,4.6mph,  -,N/A,	,Overcast

8:51 AM,61.0°F,55.9°F,83%,30.02in,6.0mi,Variable,4.6mph,  -,N/A,	,Haze

9:38 AM,62.1°F,55.9°F,80%,30.05in,7.0mi,Calm,Calm,  -,N/A,	,Overcast

9:51 AM,62.1°F,57.0°F,84%,30.03in,7.0mi,Variable,3.5mph,  -,N/A,	,Overcast

10:51 AM,64.0°F,57.0°F,78%,30.03in,7.0mi,Calm,Calm,  -,N/A,	,Overcast

11:46 AM,68.0°F,57.2°F,68%,30.06in,8.0mi,Calm,Calm,  -,N/A,	,Scattered Clouds

11:51 AM,68.0°F,55.9°F,65%,30.03in,9.0mi,Calm,Calm,  -,N/A,	,Mostly Cloudy

12:06 PM,68.0°F,57.0°F,68%,30.06in,9.0mi,ENE,5.8mph,  -,N/A,	,Scattered Clouds

12:14 PM,68.0°F,55.9°F,65%,30.06in,9.0mi,Calm,Calm,  -,N/A,	,Mostly Cloudy

12:44 PM,69.1°F,55.9°F,63%,30.05in,9.0mi,NE,4.6mph,  -,N/A,	,Mostly Cloudy

12:51 PM,68.0°F,55.9°F,65%,30.03in,9.0mi,Calm,Calm,  -,N/A,	,Mostly Cloudy

1:51 PM,70.0°F,57.0°F,63%,30.01in,9.0mi,Variable,3.5mph,  -,N/A,	,Scattered Clouds

2:51 PM,70.0°F,55.0°F,59%,30.00in,9.0mi,Calm,Calm,  -,N/A,	,Scattered Clouds

3:51 PM,71.1°F,55.9°F,59%,30.00in,9.0mi,NE,3.5mph,  -,N/A,	,Mostly Cloudy

4:51 PM,71.1°F,55.9°F,59%,30.00in,9.0mi,ENE,5.8mph,  -,N/A,	,Overcast

5:51 PM,68.0°F,57.0°F,68%,30.01in,8.0mi,East,5.8mph,  -,N/A,	,Scattered Clouds

6:51 PM,66.9°F,57.0°F,70%,30.04in,10.0mi,Calm,Calm,  -,N/A,	,Mostly Cloudy

7:51 PM,66.0°F,55.0°F,68%,30.06in,10.0mi,Calm,Calm,  -,N/A,	,Partly Cloudy

8:51 PM,64.9°F,57.0°F,75%,30.08in,7.0mi,Calm,Calm,  -,N/A,	,Scattered Clouds

9:51 PM,64.9°F,57.0°F,75%,30.09in,9.0mi,Calm,Calm,  -,N/A,	,Overcast

10:51 PM,64.9°F,57.9°F,78%,30.10in,10.0mi,Calm,Calm,  -,N/A,	,Overcast

11:51 PM,66.0°F,57.9°F,75%,30.11in,10.0mi,Calm,Calm,  -,N/A,	,Overcast

