20160807
Time (EDT),Temp.,Heat Index,Dew Point,Humidity,Pressure,Visibility,Wind Dir,Wind Speed,Gust Speed,Precip,Events,Conditions

12:51 AM,77.0°F,  -,57.9°F,52%,29.79in,10.0mi,Calm,Calm,  -,N/A,	,Clear

1:51 AM,75.9°F,  -,59.0°F,56%,29.79in,10.0mi,Calm,Calm,  -,N/A,	,Clear

2:51 AM,75.0°F,  -,59.0°F,57%,29.79in,10.0mi,Variable,5.8mph,  -,N/A,	,Clear

3:51 AM,73.0°F,  -,59.0°F,61%,29.80in,10.0mi,Variable,5.8mph,  -,N/A,	,Clear

4:51 AM,72.0°F,  -,59.0°F,64%,29.81in,10.0mi,Variable,5.8mph,  -,N/A,	,Clear

5:51 AM,72.0°F,  -,57.9°F,61%,29.83in,10.0mi,Variable,4.6mph,  -,N/A,	,Clear

6:51 AM,70.0°F,  -,59.0°F,68%,29.85in,9.0mi,Variable,3.5mph,  -,N/A,	,Clear

7:51 AM,72.0°F,  -,59.0°F,64%,29.86in,9.0mi,Variable,5.8mph,  -,N/A,	,Clear

8:51 AM,73.9°F,  -,59.0°F,59%,29.87in,9.0mi,Variable,3.5mph,  -,N/A,	,Clear

9:51 AM,75.9°F,  -,61.0°F,60%,29.88in,9.0mi,Calm,Calm,  -,N/A,	,Clear

10:51 AM,80.1°F,80.7°F,59.0°F,48%,29.88in,9.0mi,Calm,Calm,  -,N/A,	,Clear

11:51 AM,84.0°F,83.5°F,57.9°F,41%,29.88in,10.0mi,NW,8.1mph,  -,N/A,	,Clear

12:51 PM,84.9°F,83.9°F,57.0°F,38%,29.87in,9.0mi,Variable,5.8mph,  -,N/A,	,Clear

1:51 PM,84.9°F,84.8°F,60.1°F,43%,29.87in,10.0mi,North,  -,  -,N/A,	,Partly Cloudy

2:51 PM,84.9°F,84.2°F,57.9°F,40%,29.88in,10.0mi,Variable,4.6mph,  -,N/A,	,Partly Cloudy

3:51 PM,84.9°F,83.6°F,55.0°F,36%,29.88in,10.0mi,Variable,6.9mph,  -,N/A,	,Partly Cloudy

4:51 PM,84.9°F,83.7°F,55.9°F,37%,29.88in,10.0mi,Variable,6.9mph,18.4mph,N/A,	,Partly Cloudy

5:51 PM,84.0°F,82.9°F,55.0°F,37%,29.88in,9.0mi,North,  -,  -,N/A,	,Clear

6:51 PM,84.0°F,82.6°F,54.0°F,35%,29.88in,10.0mi,Calm,Calm,  -,N/A,	,Partly Cloudy

7:51 PM,82.9°F,81.9°F,54.0°F,37%,29.90in,10.0mi,WNW,3.5mph,  -,N/A,	,Clear

8:51 PM,80.1°F,80.1°F,55.0°F,42%,29.92in,10.0mi,WNW,3.5mph,  -,N/A,	,Clear

9:51 PM,80.1°F,80.1°F,55.0°F,42%,29.94in,8.0mi,WNW,3.5mph,  -,N/A,	,Clear

10:51 PM,79.0°F,  -,55.0°F,44%,29.94in,10.0mi,Variable,3.5mph,  -,N/A,	,Clear

11:51 PM,79.0°F,  -,54.0°F,42%,29.94in,10.0mi,Calm,Calm,  -,N/A,	,Clear

