20160622
Time (EDT),Temp.,Heat Index,Dew Point,Humidity,Pressure,Visibility,Wind Dir,Wind Speed,Gust Speed,Precip,Events,Conditions

12:51 AM,73.0°F,  -,46.9°F,39%,29.81in,10.0mi,Calm,Calm,  -,N/A,	,Overcast

1:51 AM,73.0°F,  -,44.1°F,35%,29.81in,10.0mi,Calm,Calm,  -,N/A,	,Mostly Cloudy

2:51 AM,71.1°F,  -,45.0°F,39%,29.80in,10.0mi,SE,3.5mph,  -,N/A,	,Clear

3:51 AM,70.0°F,  -,48.0°F,46%,29.81in,10.0mi,NNE,3.5mph,  -,N/A,	,Clear

4:51 AM,69.1°F,  -,48.0°F,47%,29.80in,10.0mi,Calm,Calm,  -,N/A,	,Clear

5:51 AM,70.0°F,  -,50.0°F,49%,29.81in,10.0mi,Calm,Calm,  -,N/A,	,Clear

6:51 AM,69.1°F,  -,54.0°F,58%,29.81in,10.0mi,Calm,Calm,  -,N/A,	,Clear

7:51 AM,72.0°F,  -,57.0°F,59%,29.81in,9.0mi,Calm,Calm,  -,N/A,	,Clear

8:51 AM,73.9°F,  -,55.0°F,52%,29.80in,9.0mi,Calm,Calm,  -,N/A,	,Clear

9:51 AM,77.0°F,  -,53.1°F,43%,29.80in,9.0mi,West,6.9mph,  -,N/A,	,Clear

10:51 AM,80.1°F,79.9°F,53.1°F,39%,29.81in,9.0mi,Variable,5.8mph,  -,N/A,	,Clear

11:51 AM,82.9°F,  -,51.1°F,33%,29.80in,9.0mi,West,10.4mph,18.4mph,N/A,	,Partly Cloudy

12:51 PM,84.0°F,  -,50.0°F,31%,29.81in,10.0mi,WNW,12.7mph,20.7mph,N/A,	,Partly Cloudy

1:51 PM,82.0°F,  -,48.0°F,30%,29.82in,10.0mi,WNW,9.2mph,19.6mph,N/A,	,Scattered Clouds

2:51 PM,84.0°F,  -,46.0°F,26%,29.82in,10.0mi,Variable,6.9mph,25.3mph,N/A,	,Clear

3:51 PM,82.9°F,  -,46.0°F,27%,29.83in,10.0mi,WNW,11.5mph,18.4mph,N/A,	,Partly Cloudy

4:51 PM,84.0°F,  -,46.0°F,26%,29.83in,10.0mi,NW,8.1mph,  -,N/A,	,Partly Cloudy

5:51 PM,82.9°F,  -,46.9°F,28%,29.83in,10.0mi,WNW,5.8mph,20.7mph,N/A,	,Clear

6:51 PM,82.0°F,  -,48.0°F,30%,29.84in,10.0mi,Variable,6.9mph,  -,N/A,	,Clear

7:51 PM,80.1°F,  -,48.0°F,32%,29.85in,10.0mi,Variable,4.6mph,  -,N/A,	,Clear

8:51 PM,79.0°F,  -,46.9°F,32%,29.87in,10.0mi,Variable,3.5mph,  -,N/A,	,Mostly Cloudy

9:51 PM,77.0°F,  -,46.0°F,33%,29.90in,10.0mi,Calm,Calm,  -,N/A,	,Partly Cloudy

10:51 PM,75.9°F,  -,48.0°F,37%,29.92in,10.0mi,Calm,Calm,  -,N/A,	,Clear

11:51 PM,73.0°F,  -,51.1°F,46%,29.92in,10.0mi,Calm,Calm,  -,N/A,	,Clear

