20160109
Time (EST),Temp.,Windchill,Dew Point,Humidity,Pressure,Visibility,Wind Dir,Wind Speed,Gust Speed,Precip,Events,Conditions

12:51 AM,41.0°F,35.2°F,32.0°F,70%,30.18in,10.0mi,ENE,9.2mph,  -,N/A,	,Overcast

1:51 AM,41.0°F,33.9°F,33.1°F,73%,30.18in,10.0mi,ENE,12.7mph,  -,N/A,	,Mostly Cloudy

2:51 AM,41.0°F,35.8°F,33.1°F,73%,30.18in,10.0mi,East,8.1mph,  -,N/A,	,Partly Cloudy

3:51 AM,39.9°F,33.9°F,33.1°F,77%,30.17in,10.0mi,East,9.2mph,18.4mph,N/A,	,Mostly Cloudy

4:51 AM,41.0°F,36.4°F,34.0°F,76%,30.16in,10.0mi,Variable,6.9mph,  -,N/A,	,Overcast

5:51 AM,41.0°F,34.7°F,34.0°F,76%,30.17in,10.0mi,East,10.4mph,  -,N/A,	,Overcast

6:51 AM,41.0°F,35.2°F,35.1°F,79%,30.17in,10.0mi,ENE,9.2mph,  -,N/A,	,Overcast

7:38 AM,42.1°F,37.1°F,36.0°F,79%,30.19in,10.0mi,East,8.1mph,  -,N/A,	,Overcast

7:51 AM,42.1°F,37.1°F,36.0°F,79%,30.17in,9.0mi,East,8.1mph,  -,N/A,	,Overcast

8:51 AM,42.1°F,35.7°F,36.0°F,79%,30.18in,9.0mi,ENE,11.5mph,  -,N/A,	,Overcast

9:51 AM,44.1°F,39.0°F,37.0°F,76%,30.21in,9.0mi,ENE,9.2mph,  -,N/A,	,Overcast

10:07 AM,45.0°F,41.2°F,37.0°F,74%,30.23in,9.0mi,East,6.9mph,  -,N/A,	,Overcast

10:16 AM,44.1°F,40.1°F,37.0°F,76%,30.23in,9.0mi,Variable,6.9mph,  -,N/A,	,Overcast

10:51 AM,44.1°F,39.0°F,37.0°F,76%,30.19in,9.0mi,East,9.2mph,  -,N/A,	,Overcast

11:26 AM,46.0°F,41.4°F,37.0°F,71%,30.20in,9.0mi,East,9.2mph,  -,N/A,	,Overcast

11:51 AM,46.0°F,43.9°F,37.0°F,71%,30.17in,9.0mi,Variable,4.6mph,  -,N/A,	,Overcast

12:51 PM,46.0°F,43.1°F,39.9°F,79%,30.16in,5.0mi,NE,5.8mph,  -,0.00in,Rain,Light Rain

1:51 PM,46.0°F,41.9°F,39.9°F,79%,30.13in,8.0mi,ENE,8.1mph,  -,0.00in,	,Overcast

2:00 PM,46.0°F,41.0°F,39.0°F,76%,30.15in,8.0mi,ENE,10.4mph,  -,N/A,	,Overcast

2:44 PM,46.0°F,40.6°F,39.9°F,79%,30.15in,8.0mi,ENE,11.5mph,  -,N/A,	,Overcast

2:51 PM,46.0°F,41.4°F,39.0°F,76%,30.13in,8.0mi,ENE,9.2mph,  -,N/A,	,Overcast

3:51 PM,45.0°F,40.6°F,39.0°F,80%,30.13in,8.0mi,East,8.1mph,  -,N/A,	,Overcast

4:51 PM,45.0°F,40.6°F,39.9°F,82%,30.14in,9.0mi,East,8.1mph,  -,N/A,	,Overcast

5:51 PM,46.0°F,43.1°F,39.9°F,79%,30.14in,10.0mi,East,5.8mph,  -,N/A,	,Overcast

6:01 PM,46.0°F,43.1°F,39.9°F,79%,30.17in,9.0mi,Variable,5.8mph,  -,N/A,	,Overcast

6:51 PM,46.0°F,42.5°F,39.9°F,79%,30.14in,10.0mi,ESE,6.9mph,  -,N/A,	,Overcast

7:26 PM,46.9°F,  -,39.9°F,77%,30.16in,10.0mi,Variable,6.9mph,  -,N/A,	,Overcast

7:51 PM,46.9°F,  -,39.9°F,77%,30.14in,10.0mi,East,10.4mph,  -,N/A,	,Overcast

8:51 PM,46.0°F,43.1°F,39.9°F,79%,30.13in,7.0mi,East,5.8mph,  -,N/A,	,Overcast

9:51 PM,46.0°F,42.5°F,41.0°F,83%,30.10in,8.0mi,ENE,6.9mph,  -,N/A,	,Overcast

10:51 PM,46.0°F,42.5°F,41.0°F,83%,30.07in,5.0mi,Variable,6.9mph,  -,N/A,	,Haze

11:51 PM,46.0°F,43.1°F,42.1°F,86%,30.06in,4.0mi,ENE,5.8mph,  -,N/A,	,Overcast

