20160804
Time (EDT),Temp.,Heat Index,Dew Point,Humidity,Pressure,Visibility,Wind Dir,Wind Speed,Gust Speed,Precip,Events,Conditions

12:51 AM,69.1°F,  -,59.0°F,70%,30.17in,10.0mi,Calm,Calm,  -,N/A,	,Clear

1:51 AM,69.1°F,  -,59.0°F,70%,30.15in,10.0mi,Calm,Calm,  -,N/A,	,Clear

2:51 AM,68.0°F,  -,59.0°F,73%,30.15in,10.0mi,South,3.5mph,  -,N/A,	,Clear

3:51 AM,68.0°F,  -,60.1°F,76%,30.15in,10.0mi,Calm,Calm,  -,N/A,	,Clear

4:51 AM,68.0°F,  -,60.1°F,76%,30.14in,10.0mi,Calm,Calm,  -,N/A,	,Clear

5:51 AM,66.9°F,  -,60.1°F,79%,30.16in,10.0mi,Calm,Calm,  -,N/A,	,Clear

6:51 AM,68.0°F,  -,62.1°F,81%,30.17in,9.0mi,Calm,Calm,  -,N/A,	,Clear

7:51 AM,71.1°F,  -,63.0°F,75%,30.18in,8.0mi,ENE,3.5mph,  -,N/A,	,Clear

8:51 AM,73.0°F,  -,61.0°F,66%,30.17in,8.0mi,Calm,Calm,  -,N/A,	,Clear

9:51 AM,75.0°F,  -,62.1°F,64%,30.16in,8.0mi,Calm,Calm,  -,N/A,	,Scattered Clouds

9:59 AM,75.0°F,  -,62.1°F,64%,30.18in,8.0mi,Calm,Calm,  -,N/A,	,Mostly Cloudy

10:18 AM,73.9°F,  -,62.1°F,66%,30.19in,8.0mi,Variable,3.5mph,  -,N/A,	,Mostly Cloudy

10:51 AM,75.0°F,  -,61.0°F,62%,30.17in,7.0mi,Calm,Calm,  -,N/A,	,Scattered Clouds

11:51 AM,75.0°F,  -,63.0°F,66%,30.17in,8.0mi,Calm,Calm,  -,N/A,	,Overcast

12:51 PM,79.0°F,  -,63.0°F,58%,30.15in,9.0mi,Calm,Calm,  -,N/A,	,Scattered Clouds

1:51 PM,79.0°F,  -,61.0°F,54%,30.14in,9.0mi,Variable,4.6mph,  -,N/A,	,Mostly Cloudy

2:51 PM,80.1°F,81.1°F,61.0°F,52%,30.13in,9.0mi,WSW,4.6mph,  -,N/A,	,Clear

3:51 PM,77.0°F,  -,60.1°F,56%,30.12in,9.0mi,North,  -,  -,N/A,	,Clear

4:51 PM,78.1°F,  -,59.0°F,52%,30.12in,9.0mi,Variable,4.6mph,  -,N/A,	,Clear

5:51 PM,77.0°F,  -,59.0°F,54%,30.11in,9.0mi,Variable,4.6mph,  -,N/A,	,Clear

6:51 PM,75.9°F,  -,57.0°F,52%,30.10in,9.0mi,Variable,4.6mph,  -,N/A,	,Clear

7:51 PM,73.9°F,  -,59.0°F,59%,30.09in,9.0mi,North,  -,  -,N/A,	,Clear

8:51 PM,72.0°F,  -,59.0°F,64%,30.09in,10.0mi,Calm,Calm,  -,N/A,	,Clear

9:51 PM,72.0°F,  -,60.1°F,66%,30.09in,10.0mi,Variable,3.5mph,  -,N/A,	,Clear

10:51 PM,71.1°F,  -,60.1°F,68%,30.09in,10.0mi,Calm,Calm,  -,N/A,	,Clear

11:51 PM,71.1°F,  -,59.0°F,66%,30.09in,10.0mi,Variable,3.5mph,  -,N/A,	,Clear

