20160719
Time (EDT),Temp.,Heat Index,Dew Point,Humidity,Pressure,Visibility,Wind Dir,Wind Speed,Gust Speed,Precip,Events,Conditions

12:51 AM,75.9°F,  -,70.0°F,82%,30.00in,9.0mi,Variable,5.8mph,  -,N/A,	,Clear

1:51 AM,75.9°F,  -,70.0°F,82%,29.99in,9.0mi,WNW,3.5mph,  -,N/A,	,Scattered Clouds

2:51 AM,75.9°F,  -,69.1°F,79%,30.01in,10.0mi,Calm,Calm,  -,N/A,	,Mostly Cloudy

3:51 AM,75.0°F,  -,66.9°F,76%,30.02in,10.0mi,Variable,4.6mph,  -,N/A,	,Clear

4:51 AM,75.0°F,  -,64.0°F,69%,30.05in,10.0mi,Variable,3.5mph,  -,N/A,	,Partly Cloudy

5:51 AM,73.9°F,  -,59.0°F,59%,30.06in,10.0mi,Calm,Calm,  -,N/A,	,Clear

6:51 AM,73.9°F,  -,57.0°F,55%,30.07in,9.0mi,WNW,5.8mph,  -,N/A,	,Clear

7:51 AM,73.9°F,  -,57.0°F,55%,30.09in,9.0mi,NW,8.1mph,  -,N/A,	,Clear

8:51 AM,75.0°F,  -,55.0°F,50%,30.10in,9.0mi,WNW,9.2mph,  -,N/A,	,Clear

9:51 AM,75.9°F,  -,54.0°F,46%,30.10in,9.0mi,WNW,10.4mph,19.6mph,N/A,	,Clear

10:51 AM,79.0°F,  -,53.1°F,40%,30.10in,9.0mi,Calm,Calm,  -,N/A,	,Clear

11:51 AM,80.1°F,80.0°F,54.0°F,40%,30.11in,9.0mi,NW,8.1mph,  -,N/A,	,Clear

12:51 PM,81.0°F,  -,51.1°F,35%,30.10in,10.0mi,NW,9.2mph,19.6mph,N/A,	,Clear

1:51 PM,82.0°F,81.3°F,54.0°F,38%,30.09in,9.0mi,Variable,5.8mph,  -,N/A,	,Partly Cloudy

2:51 PM,80.1°F,  -,52.0°F,38%,30.09in,9.0mi,North,  -,  -,N/A,	,Mostly Cloudy

3:51 PM,82.0°F,  -,52.0°F,35%,30.09in,9.0mi,Variable,5.8mph,  -,N/A,	,Mostly Cloudy

4:51 PM,82.9°F,  -,50.0°F,32%,30.08in,9.0mi,Variable,4.6mph,  -,N/A,	,Partly Cloudy

5:51 PM,82.0°F,  -,48.9°F,31%,30.08in,9.0mi,North,4.6mph,  -,N/A,	,Overcast

6:51 PM,81.0°F,  -,48.9°F,33%,30.08in,9.0mi,Variable,4.6mph,  -,N/A,	,Partly Cloudy

7:51 PM,79.0°F,  -,50.0°F,36%,30.10in,10.0mi,Variable,6.9mph,  -,N/A,	,Clear

8:51 PM,79.0°F,  -,50.0°F,36%,30.12in,10.0mi,NE,3.5mph,  -,N/A,	,Overcast

9:51 PM,79.0°F,  -,50.0°F,36%,30.14in,10.0mi,Variable,5.8mph,  -,N/A,	,Overcast

10:51 PM,78.1°F,  -,50.0°F,37%,30.16in,10.0mi,Variable,4.6mph,  -,N/A,	,Mostly Cloudy

11:51 PM,75.9°F,  -,51.1°F,42%,30.17in,10.0mi,Variable,3.5mph,  -,N/A,	,Mostly Cloudy

