20160215
Time (EST),Temp.,Windchill,Dew Point,Humidity,Pressure,Visibility,Wind Dir,Wind Speed,Gust Speed,Precip,Events,Conditions

12:51 AM,14.0°F,  -,-11.0°F,32%,30.55in,10.0mi,Calm,Calm,  -,N/A,	,Clear

1:51 AM,14.0°F,8.2°F,-11.0°F,32%,30.56in,10.0mi,WNW,3.5mph,  -,N/A,	,Clear

2:51 AM,14.0°F,  -,-9.0°F,35%,30.55in,10.0mi,Calm,Calm,  -,N/A,	,Clear

3:51 AM,14.0°F,6.5°F,-9.0°F,35%,30.54in,10.0mi,NNE,4.6mph,  -,N/A,	,Clear

4:51 AM,15.1°F,7.7°F,-5.1°F,41%,30.53in,10.0mi,Variable,4.6mph,  -,N/A,	,Clear

5:51 AM,16.0°F,7.4°F,-0.9°F,47%,30.53in,10.0mi,Variable,5.8mph,  -,N/A,	,Mostly Cloudy

6:51 AM,17.1°F,  -,-2.0°F,43%,30.54in,10.0mi,Calm,Calm,  -,N/A,	,Overcast

7:51 AM,18.0°F,9.8°F,-0.9°F,44%,30.54in,10.0mi,ESE,5.8mph,  -,N/A,	,Overcast

8:51 AM,19.0°F,  -,1.0°F,46%,30.55in,10.0mi,North,  -,  -,N/A,	,Overcast

9:51 AM,19.9°F,13.4°F,5.0°F,52%,30.52in,10.0mi,Variable,4.6mph,  -,N/A,	,Overcast

10:51 AM,21.0°F,11.4°F,7.0°F,55%,30.50in,10.0mi,ENE,8.1mph,  -,N/A,	,Overcast

11:10 AM,21.9°F,15.7°F,7.0°F,53%,30.51in,10.0mi,ENE,4.6mph,  -,N/A,	,Overcast

11:51 AM,23.0°F,18.4°F,10.0°F,58%,30.47in,9.0mi,Variable,3.5mph,  -,N/A,	,Overcast

12:51 PM,23.0°F,14.7°F,12.9°F,65%,30.42in,10.0mi,ENE,6.9mph,  -,N/A,	,Overcast

1:44 PM,23.0°F,13.9°F,15.1°F,72%,30.41in,8.0mi,ENE,8.1mph,  -,N/A,	,Overcast

1:51 PM,24.1°F,15.2°F,16.0°F,71%,30.40in,6.0mi,East,8.1mph,  -,N/A,	,Haze

2:30 PM,24.1°F,17.0°F,17.1°F,75%,30.40in,2.0mi,Variable,5.8mph,  -,0.00in,Snow,Light Snow

2:37 PM,25.0°F,17.1°F,17.1°F,72%,30.39in,1.2mi,East,6.9mph,  -,0.00in,Snow,Light Snow

2:51 PM,25.0°F,16.3°F,18.0°F,75%,30.37in,0.5mi,ENE,8.1mph,  -,0.00in,Snow,Snow

3:43 PM,26.1°F,16.8°F,21.0°F,81%,30.37in,0.5mi,ENE,9.2mph,  -,0.02in,Snow,Snow

3:51 PM,26.1°F,20.5°F,21.0°F,81%,30.35in,0.5mi,Variable,4.6mph,  -,0.03in,Snow,Snow

4:22 PM,27.0°F,19.5°F,21.9°F,81%,30.35in,0.5mi,ENE,6.9mph,  -,0.01in,Snow,Snow

4:51 PM,27.0°F,18.7°F,23.0°F,85%,30.32in,0.5mi,ENE,8.1mph,  -,0.02in,Fog,	,

Snow,Snow,5:30 PM,28.0°F,20.8°F,24.1°F,85%,30.31in,1.0mi,ENE,6.9mph,  -,0.03in

Snow,Light Snow,5:49 PM,28.4°F,22.2°F,24.8°F,86%,30.29in,0.8mi,Variable,5.8mph,  -,0.04in

Snow,Light Snow,5:51 PM,28.9°F,21.9°F,25.0°F,85%,30.28in,0.8mi,Variable,6.9mph,  -,0.05in

Snow,Light Snow,6:24 PM,30.0°F,24.1°F,26.1°F,85%,30.28in,1.2mi,ENE,5.8mph,  -,0.02in

Snow,Light Snow,6:51 PM,30.0°F,23.2°F,27.0°F,88%,30.25in,2.5mi,East,6.9mph,  -,0.04in

Snow,Light Snow,6:58 PM,30.0°F,21.1°F,27.0°F,88%,30.26in,3.0mi,East,10.4mph,  -,0.00in

	,Overcast,7:12 PM,30.9°F,23.5°F,28.0°F,89%,30.25in,3.0mi,ENE,8.1mph,  -,0.01in

Rain,Light Freezing Rain,7:29 PM,32.0°F,25.6°F,28.9°F,88%,30.24in,3.0mi,East,6.9mph,  -,0.01in

Rain,Light Freezing Rain,7:49 PM,33.8°F,27.7°F,30.2°F,87%,30.23in,3.0mi,Variable,6.9mph,  -,0.02in

Rain,Light Freezing Rain,7:51 PM,33.1°F,26.1°F,30.0°F,89%,30.21in,3.0mi,East,8.1mph,  -,0.03in

Rain,Light Freezing Rain,7:57 PM,33.1°F,28.7°F,30.0°F,89%,30.22in,2.5mi,ENE,4.6mph,  -,0.00in

Rain,Light Freezing Rain,8:07 PM,33.1°F,26.1°F,30.0°F,89%,30.21in,2.0mi,ENE,8.1mph,  -,0.00in

	,Overcast,8:16 PM,33.1°F,27.7°F,30.0°F,89%,30.21in,1.8mi,ENE,5.8mph,  -,0.01in

	,Overcast,8:51 PM,34.0°F,26.6°F,30.9°F,89%,30.17in,1.5mi,ENE,9.2mph,  -,0.03in

Rain,Light Rain,9:02 PM,34.0°F,27.2°F,30.9°F,89%,30.18in,2.0mi,ENE,8.1mph,  -,0.00in

	,Overcast,9:12 PM,34.0°F,26.6°F,30.9°F,89%,30.18in,1.8mi,ENE,9.2mph,  -,0.01in

Rain,Light Rain,9:26 PM,33.1°F,25.5°F,30.0°F,89%,30.17in,2.5mi,ENE,9.2mph,  -,0.02in

Rain,Light Rain,9:36 PM,33.1°F,26.1°F,30.0°F,89%,30.16in,3.0mi,ENE,8.1mph,  -,0.02in

	,Overcast,9:50 PM,33.1°F,26.9°F,30.9°F,92%,30.13in,1.8mi,ENE,6.9mph,  -,0.03in

Rain,Rain,10:51 PM,34.0°F,28.0°F,30.9°F,89%,30.11in,2.0mi,ENE,6.9mph,  -,0.14in

Rain,Rain,11:05 PM,34.0°F,29.8°F,30.9°F,89%,30.12in,1.5mi,NE,4.6mph,  -,0.03in

Rain,Light Rain,11:44 PM,34.0°F,31.0°F,32.0°F,92%,30.10in,2.0mi,NE,3.5mph,  -,0.07in

	,Overcast,11:51 PM,35.1°F,32.2°F,32.0°F,89%,30.09in,3.0mi,NE,3.5mph,  -,0.07in

