20161031
Time (EDT),Temp.,Windchill,Dew Point,Humidity,Pressure,Visibility,Wind Dir,Wind Speed,Gust Speed,Precip,Events,Conditions

12:00 AM,55.9°F,  -,51.1°F,84%,29.98in,10.0mi,Variable,3.5mph,  -,N/A,	,Overcast

12:33 AM,55.0°F,  -,48.9°F,80%,29.98in,10.0mi,Variable,3.5mph,  -,N/A,	,Overcast

12:51 AM,54.0°F,  -,46.9°F,77%,29.97in,10.0mi,NW,8.1mph,  -,N/A,	,Mostly Cloudy

1:20 AM,54.0°F,  -,44.1°F,69%,30.01in,10.0mi,Variable,6.9mph,18.4mph,N/A,	,Overcast

1:51 AM,52.0°F,  -,42.1°F,69%,29.99in,10.0mi,North,11.5mph,18.4mph,N/A,	,Overcast

2:15 AM,50.0°F,  -,39.0°F,66%,30.02in,10.0mi,NW,8.1mph,23.0mph,N/A,	,Scattered Clouds

2:51 AM,50.0°F,  -,37.9°F,63%,30.01in,10.0mi,Variable,4.6mph,  -,N/A,	,Overcast

3:51 AM,48.0°F,  -,36.0°F,63%,30.02in,10.0mi,Calm,Calm,  -,N/A,	,Clear

4:51 AM,46.9°F,  -,36.0°F,66%,30.06in,10.0mi,North,  -,  -,N/A,	,Clear

5:51 AM,46.0°F,41.9°F,35.1°F,66%,30.09in,10.0mi,NW,8.1mph,  -,N/A,	,Clear

6:51 AM,45.0°F,40.6°F,34.0°F,65%,30.12in,10.0mi,NNW,8.1mph,  -,N/A,	,Partly Cloudy

7:51 AM,44.1°F,40.1°F,32.0°F,63%,30.14in,10.0mi,Variable,6.9mph,  -,N/A,	,Overcast

8:51 AM,44.1°F,  -,33.1°F,65%,30.17in,10.0mi,North,  -,  -,N/A,	,Clear

9:51 AM,46.0°F,41.9°F,33.1°F,61%,30.18in,10.0mi,NNE,8.1mph,  -,N/A,	,Partly Cloudy

10:51 AM,46.9°F,  -,32.0°F,56%,30.19in,10.0mi,ENE,8.1mph,  -,N/A,	,Scattered Clouds

11:51 AM,48.9°F,  -,32.0°F,52%,30.20in,10.0mi,Variable,3.5mph,  -,N/A,	,Clear

12:51 PM,51.1°F,  -,30.9°F,46%,30.20in,10.0mi,Variable,3.5mph,  -,N/A,	,Clear

1:51 PM,54.0°F,  -,30.9°F,41%,30.19in,10.0mi,Variable,4.6mph,  -,N/A,	,Clear

2:51 PM,53.1°F,  -,30.0°F,41%,30.18in,10.0mi,Variable,3.5mph,  -,N/A,	,Clear

3:51 PM,54.0°F,  -,30.9°F,41%,30.18in,10.0mi,Variable,4.6mph,  -,N/A,	,Clear

4:51 PM,53.1°F,  -,32.0°F,45%,30.18in,10.0mi,Calm,Calm,  -,N/A,	,Clear

5:51 PM,52.0°F,  -,30.9°F,45%,30.20in,10.0mi,Calm,Calm,  -,N/A,	,Clear

6:51 PM,51.1°F,  -,30.9°F,46%,30.22in,10.0mi,North,4.6mph,  -,N/A,	,Clear

7:51 PM,50.0°F,  -,32.0°F,50%,30.24in,10.0mi,Variable,3.5mph,  -,N/A,	,Clear

8:51 PM,48.9°F,  -,32.0°F,52%,30.25in,10.0mi,Variable,3.5mph,  -,N/A,	,Clear

9:51 PM,46.9°F,  -,32.0°F,56%,30.26in,10.0mi,Variable,3.5mph,  -,N/A,	,Clear

10:51 PM,46.9°F,  -,33.1°F,59%,30.29in,10.0mi,Variable,5.8mph,  -,N/A,	,Clear

11:51 PM,46.0°F,43.9°F,30.9°F,56%,30.31in,10.0mi,NNE,4.6mph,  -,N/A,	,Clear

