20160919
Time (EDT),Temp.,Dew Point,Humidity,Pressure,Visibility,Wind Dir,Wind Speed,Gust Speed,Precip,Events,Conditions

12:51 AM,75.0°F,70.0°F,84%,30.01in,10.0mi,Variable,4.6mph,  -,N/A,	,Clear

1:51 AM,75.0°F,70.0°F,84%,30.03in,10.0mi,Variable,3.5mph,  -,N/A,	,Mostly Cloudy

2:51 AM,75.9°F,70.0°F,82%,30.01in,10.0mi,Variable,5.8mph,18.4mph,N/A,	,Overcast

3:16 AM,75.0°F,70.0°F,84%,30.03in,10.0mi,Variable,4.6mph,  -,N/A,	,Mostly Cloudy

3:23 AM,75.0°F,70.0°F,84%,30.03in,10.0mi,Variable,4.6mph,  -,N/A,	,Mostly Cloudy

3:37 AM,75.0°F,70.0°F,84%,30.03in,10.0mi,Variable,4.6mph,  -,N/A,	,Mostly Cloudy

3:51 AM,75.9°F,70.0°F,82%,30.01in,10.0mi,Variable,4.6mph,  -,N/A,	,Overcast

4:51 AM,75.9°F,70.0°F,82%,30.00in,9.0mi,Calm,Calm,  -,N/A,	,Overcast

5:46 AM,73.4°F,71.6°F,94%,30.02in,1.5mi,North,  -,  -,0.00in,Rain,Rain

5:51 AM,73.0°F,72.0°F,96%,29.99in,1.0mi,Variable,5.8mph,  -,0.14in,Rain,Light Rain

6:10 AM,73.9°F,72.0°F,93%,30.02in,3.0mi,Variable,5.8mph,  -,0.05in,Rain,Light Rain

6:26 AM,73.9°F,72.0°F,93%,30.02in,4.0mi,Variable,3.5mph,  -,0.05in,	,Overcast

6:36 AM,72.0°F,70.0°F,93%,30.04in,2.5mi,Variable,4.6mph,16.1mph,0.07in,Rain,Rain

6:41 AM,71.1°F,69.1°F,93%,30.04in,4.0mi,Variable,3.5mph,  -,0.07in,Rain,Light Rain

6:51 AM,71.1°F,69.1°F,93%,30.01in,8.0mi,West,5.8mph,  -,0.07in,	,Overcast

7:51 AM,71.1°F,69.1°F,93%,30.00in,4.0mi,Calm,Calm,  -,0.03in,Rain,Light Rain

8:51 AM,70.0°F,68.0°F,93%,30.02in,5.0mi,Variable,4.6mph,  -,0.02in,Rain,Light Rain

9:08 AM,70.0°F,68.0°F,93%,30.07in,2.5mi,West,3.5mph,  -,0.02in,Rain,Light Rain

9:23 AM,70.0°F,69.1°F,97%,30.07in,1.2mi,West,3.5mph,  -,0.05in,Rain,Rain

9:51 AM,70.0°F,69.1°F,97%,30.04in,1.2mi,Calm,Calm,  -,0.14in,Rain,Rain

10:51 AM,70.0°F,69.1°F,97%,30.04in,1.5mi,Calm,Calm,  -,0.18in,Rain,Rain

11:04 AM,71.1°F,70.0°F,96%,30.06in,2.0mi,Calm,Calm,  -,0.04in,Rain,Light Rain

11:28 AM,72.0°F,70.0°F,93%,30.04in,3.0mi,Variable,4.6mph,  -,0.06in,Rain,Light Rain

11:51 AM,72.0°F,70.0°F,93%,30.01in,3.0mi,SSE,8.1mph,  -,0.07in,Rain,Light Rain

12:36 PM,72.0°F,70.0°F,93%,30.04in,5.0mi,Variable,3.5mph,  -,0.00in,	,Overcast

12:51 PM,72.0°F,70.0°F,93%,30.04in,5.0mi,Variable,3.5mph,  -,0.00in,	,Overcast

1:17 PM,71.1°F,69.1°F,93%,30.07in,8.0mi,Variable,3.5mph,  -,N/A,	,Mostly Cloudy

1:47 PM,71.6°F,69.8°F,94%,30.09in,7.0mi,Calm,Calm,  -,N/A,	,Overcast

1:51 PM,72.0°F,69.1°F,91%,30.06in,7.0mi,Calm,Calm,  -,N/A,	,Overcast

2:13 PM,71.1°F,69.1°F,93%,30.09in,7.0mi,Variable,3.5mph,  -,N/A,	,Overcast

2:33 PM,71.1°F,68.0°F,90%,30.09in,8.0mi,Variable,3.5mph,  -,N/A,	,Partly Cloudy

2:51 PM,71.1°F,68.0°F,90%,30.06in,7.0mi,Variable,5.8mph,  -,N/A,	,Scattered Clouds

3:51 PM,70.0°F,68.0°F,93%,30.04in,6.0mi,Calm,Calm,  -,0.03in,	,Mostly Cloudy

4:51 PM,70.0°F,68.0°F,93%,30.03in,7.0mi,SSE,5.8mph,  -,N/A,	,Scattered Clouds

5:04 PM,70.0°F,66.9°F,90%,30.06in,7.0mi,Variable,3.5mph,  -,N/A,	,Mostly Cloudy

5:51 PM,70.0°F,66.9°F,90%,30.04in,8.0mi,Calm,Calm,  -,N/A,	,Overcast

6:02 PM,70.0°F,66.9°F,90%,30.06in,7.0mi,Calm,Calm,  -,N/A,	,Scattered Clouds

6:51 PM,69.1°F,68.0°F,96%,30.06in,8.0mi,Calm,Calm,  -,N/A,	,Partly Cloudy

7:33 PM,69.1°F,66.9°F,93%,30.09in,9.0mi,SSE,3.5mph,  -,N/A,	,Mostly Cloudy

7:51 PM,69.1°F,66.9°F,93%,30.06in,10.0mi,Calm,Calm,  -,N/A,	,Mostly Cloudy

8:00 PM,69.1°F,66.9°F,93%,30.09in,10.0mi,Calm,Calm,  -,N/A,	,Mostly Cloudy

8:29 PM,69.1°F,66.9°F,93%,30.09in,8.0mi,Calm,Calm,  -,N/A,	,Scattered Clouds

8:51 PM,69.1°F,66.9°F,93%,30.07in,8.0mi,Calm,Calm,  -,N/A,	,Clear

9:51 PM,69.1°F,66.9°F,93%,30.08in,8.0mi,Calm,Calm,  -,N/A,	,Scattered Clouds

10:14 PM,69.1°F,66.9°F,93%,30.11in,8.0mi,Variable,3.5mph,  -,N/A,	,Mostly Cloudy

10:48 PM,69.8°F,66.2°F,88%,30.10in,9.0mi,NNW,3.5mph,  -,N/A,	,Overcast

10:51 PM,70.0°F,66.9°F,90%,30.08in,9.0mi,Calm,Calm,  -,N/A,	,Overcast

11:46 PM,69.8°F,66.2°F,88%,30.11in,9.0mi,NNW,4.6mph,  -,N/A,	,Overcast

11:51 PM,70.0°F,66.9°F,90%,30.09in,9.0mi,Variable,4.6mph,  -,N/A,	,Overcast

