20160926
Time (EDT),Temp.,Dew Point,Humidity,Pressure,Visibility,Wind Dir,Wind Speed,Gust Speed,Precip,Events,Conditions

12:51 AM,59.0°F,39.0°F,48%,30.19in,10.0mi,Calm,Calm,  -,N/A,	,Clear

1:51 AM,59.0°F,37.9°F,46%,30.20in,10.0mi,SE,3.5mph,  -,N/A,	,Clear

2:51 AM,57.9°F,39.9°F,51%,30.18in,10.0mi,Calm,Calm,  -,N/A,	,Clear

3:51 AM,57.9°F,39.0°F,49%,30.18in,10.0mi,NE,4.6mph,  -,N/A,	,Clear

4:51 AM,55.9°F,43.0°F,62%,30.18in,10.0mi,ENE,3.5mph,  -,N/A,	,Clear

5:51 AM,57.0°F,39.9°F,53%,30.19in,10.0mi,ENE,6.9mph,  -,N/A,	,Clear

6:51 AM,55.0°F,45.0°F,69%,30.19in,10.0mi,ENE,6.9mph,  -,N/A,	,Clear

7:51 AM,55.0°F,46.0°F,72%,30.21in,10.0mi,East,3.5mph,  -,N/A,	,Clear

8:51 AM,60.1°F,45.0°F,57%,30.20in,10.0mi,Variable,3.5mph,  -,N/A,	,Clear

9:51 AM,63.0°F,44.1°F,50%,30.20in,10.0mi,Variable,4.6mph,  -,N/A,	,Clear

10:51 AM,66.0°F,46.0°F,48%,30.18in,10.0mi,Variable,3.5mph,  -,N/A,	,Clear

11:51 AM,70.0°F,48.9°F,47%,30.16in,10.0mi,Variable,4.6mph,  -,N/A,	,Scattered Clouds

12:51 PM,70.0°F,48.0°F,46%,30.14in,10.0mi,Calm,Calm,  -,N/A,	,Mostly Cloudy

1:51 PM,71.1°F,48.9°F,45%,30.12in,10.0mi,Variable,3.5mph,  -,N/A,	,Mostly Cloudy

2:51 PM,71.1°F,48.9°F,45%,30.10in,10.0mi,Variable,4.6mph,  -,N/A,	,Scattered Clouds

3:51 PM,70.0°F,51.1°F,51%,30.08in,10.0mi,South,6.9mph,19.6mph,N/A,	,Partly Cloudy

4:51 PM,69.1°F,50.0°F,51%,30.06in,10.0mi,Variable,4.6mph,  -,N/A,	,Clear

5:51 PM,66.9°F,48.9°F,52%,30.07in,10.0mi,Variable,5.8mph,  -,N/A,	,Mostly Cloudy

6:51 PM,66.9°F,48.9°F,52%,30.06in,10.0mi,South,8.1mph,  -,N/A,	,Overcast

7:51 PM,66.9°F,50.0°F,54%,30.05in,10.0mi,Variable,3.5mph,  -,N/A,	,Overcast

8:51 PM,66.9°F,52.0°F,59%,30.06in,10.0mi,Variable,6.9mph,  -,N/A,	,Overcast

9:51 PM,66.9°F,54.0°F,63%,30.05in,10.0mi,Variable,4.6mph,  -,N/A,	,Overcast

10:51 PM,68.0°F,55.9°F,65%,30.02in,10.0mi,Variable,3.5mph,  -,N/A,	,Overcast

11:51 PM,68.0°F,57.9°F,70%,29.99in,10.0mi,Variable,4.6mph,  -,N/A,	,Overcast

