20160315
Time (EDT),Temp.,Windchill,Dew Point,Humidity,Pressure,Visibility,Wind Dir,Wind Speed,Gust Speed,Precip,Events,Conditions

12:51 AM,44.1°F,37.7°F,39.9°F,85%,29.87in,7.0mi,ENE,12.7mph,27.6mph,N/A,	,Overcast

1:51 AM,44.1°F,36.8°F,39.9°F,85%,29.86in,10.0mi,East,16.1mph,29.9mph,N/A,	,Overcast

2:51 AM,45.0°F,38.9°F,41.0°F,86%,29.84in,10.0mi,East,12.7mph,21.9mph,N/A,	,Overcast

3:51 AM,45.0°F,38.9°F,41.0°F,86%,29.81in,10.0mi,NE,12.7mph,21.9mph,N/A,	,Overcast

4:51 AM,45.0°F,39.7°F,42.1°F,90%,29.81in,4.0mi,NE,10.4mph,18.4mph,N/A,	,Overcast

5:51 AM,45.0°F,41.2°F,42.1°F,90%,29.80in,7.0mi,NE,6.9mph,  -,N/A,	,Overcast

6:51 AM,45.0°F,40.6°F,41.0°F,86%,29.80in,8.0mi,North,8.1mph,  -,N/A,	,Overcast

7:51 AM,45.0°F,41.8°F,41.0°F,86%,29.81in,10.0mi,Variable,5.8mph,  -,N/A,	,Overcast

8:51 AM,45.0°F,41.8°F,41.0°F,86%,29.81in,7.0mi,Variable,5.8mph,  -,N/A,	,Overcast

9:51 AM,46.0°F,43.1°F,42.1°F,86%,29.81in,5.0mi,North,5.8mph,  -,N/A,	,Overcast

10:51 AM,48.0°F,  -,42.1°F,80%,29.81in,10.0mi,NNE,12.7mph,20.7mph,N/A,	,Overcast

11:08 AM,48.9°F,  -,42.1°F,77%,29.83in,10.0mi,Variable,4.6mph,  -,N/A,	,Overcast

11:51 AM,50.0°F,  -,43.0°F,77%,29.79in,10.0mi,Variable,5.8mph,  -,N/A,	,Overcast

12:51 PM,52.0°F,  -,43.0°F,71%,29.79in,10.0mi,NNE,8.1mph,  -,N/A,	,Overcast

1:51 PM,53.1°F,  -,43.0°F,69%,29.78in,10.0mi,Calm,Calm,  -,N/A,	,Overcast

2:51 PM,53.1°F,  -,43.0°F,69%,29.78in,10.0mi,Variable,3.5mph,  -,N/A,	,Overcast

3:51 PM,54.0°F,  -,43.0°F,66%,29.78in,10.0mi,North,  -,  -,N/A,	,Overcast

4:51 PM,54.0°F,  -,43.0°F,66%,29.78in,10.0mi,Variable,3.5mph,  -,N/A,	,Overcast

5:24 PM,54.0°F,  -,43.0°F,66%,29.79in,10.0mi,Variable,3.5mph,  -,N/A,	,Scattered Clouds

5:51 PM,55.9°F,  -,43.0°F,62%,29.78in,10.0mi,Calm,Calm,  -,N/A,	,Clear

6:51 PM,55.9°F,  -,42.1°F,60%,29.78in,10.0mi,Calm,Calm,  -,N/A,	,Clear

7:51 PM,55.0°F,  -,42.1°F,62%,29.79in,10.0mi,Calm,Calm,  -,N/A,	,Clear

8:51 PM,55.0°F,  -,43.0°F,64%,29.81in,10.0mi,NW,3.5mph,  -,N/A,	,Clear

9:51 PM,52.0°F,  -,43.0°F,71%,29.82in,10.0mi,Calm,Calm,  -,N/A,	,Clear

10:51 PM,51.1°F,  -,43.0°F,74%,29.83in,10.0mi,Calm,Calm,  -,N/A,	,Overcast

11:51 PM,52.0°F,  -,43.0°F,71%,29.82in,10.0mi,NNE,3.5mph,  -,N/A,	,Overcast

