20160121
Time (EST),Temp.,Windchill,Dew Point,Humidity,Pressure,Visibility,Wind Dir,Wind Speed,Gust Speed,Precip,Events,Conditions

12:51 AM,30.0°F,26.5°F,14.0°F,51%,30.06in,10.0mi,Variable,3.5mph,  -,N/A,	,Overcast

1:51 AM,30.0°F,23.2°F,14.0°F,51%,30.07in,10.0mi,North,6.9mph,  -,N/A,	,Scattered Clouds

2:51 AM,28.9°F,22.8°F,12.9°F,51%,30.07in,10.0mi,North,5.8mph,  -,N/A,	,Scattered Clouds

3:51 AM,28.0°F,21.7°F,12.9°F,53%,30.07in,10.0mi,NW,5.8mph,  -,N/A,	,Overcast

4:51 AM,27.0°F,18.7°F,12.0°F,53%,30.08in,10.0mi,WNW,8.1mph,  -,N/A,	,Clear

5:51 AM,27.0°F,21.6°F,12.0°F,53%,30.10in,10.0mi,Variable,4.6mph,  -,N/A,	,Clear

6:51 AM,27.0°F,19.5°F,12.9°F,56%,30.13in,10.0mi,Variable,6.9mph,  -,N/A,	,Clear

7:51 AM,27.0°F,  -,12.9°F,56%,30.14in,10.0mi,Calm,Calm,  -,N/A,	,Clear

8:51 AM,28.0°F,20.0°F,12.9°F,53%,30.15in,10.0mi,WNW,8.1mph,  -,N/A,	,Clear

9:51 AM,30.0°F,26.5°F,10.9°F,45%,30.16in,10.0mi,Variable,3.5mph,17.3mph,N/A,	,Clear

10:51 AM,32.0°F,27.5°F,10.9°F,42%,30.17in,10.0mi,Variable,4.6mph,21.9mph,N/A,	,Clear

11:51 AM,33.1°F,25.5°F,10.9°F,40%,30.17in,10.0mi,West,9.2mph,  -,N/A,	,Clear

12:51 PM,35.1°F,30.1°F,10.9°F,37%,30.13in,10.0mi,Variable,5.8mph,16.1mph,N/A,	,Clear

1:51 PM,35.1°F,30.1°F,10.0°F,35%,30.11in,10.0mi,Variable,5.8mph,17.3mph,N/A,	,Clear

2:51 PM,35.1°F,27.9°F,10.0°F,35%,30.12in,10.0mi,NW,9.2mph,  -,N/A,	,Clear

3:51 PM,34.0°F,31.0°F,12.0°F,40%,30.13in,10.0mi,Variable,3.5mph,  -,N/A,	,Partly Cloudy

4:51 PM,32.0°F,24.8°F,10.0°F,40%,30.16in,10.0mi,NW,8.1mph,21.9mph,N/A,	,Clear

5:51 PM,30.9°F,  -,10.0°F,42%,30.18in,10.0mi,North,  -,  -,N/A,	,Clear

6:51 PM,30.9°F,22.2°F,12.0°F,46%,30.20in,10.0mi,NW,10.4mph,  -,N/A,	,Clear

7:51 PM,30.0°F,24.1°F,12.0°F,47%,30.21in,10.0mi,Variable,5.8mph,  -,N/A,	,Clear

8:51 PM,28.9°F,20.4°F,10.0°F,45%,30.22in,10.0mi,WNW,9.2mph,17.3mph,N/A,	,Clear

9:51 PM,28.0°F,22.8°F,9.0°F,45%,30.22in,10.0mi,Variable,4.6mph,  -,N/A,	,Clear

10:51 PM,27.0°F,20.5°F,7.0°F,43%,30.23in,10.0mi,Variable,5.8mph,16.1mph,N/A,	,Clear

11:51 PM,26.1°F,20.5°F,5.0°F,41%,30.25in,10.0mi,Variable,4.6mph,  -,N/A,	,Clear

