20160111
Time (EST),Temp.,Windchill,Dew Point,Humidity,Pressure,Visibility,Wind Dir,Wind Speed,Gust Speed,Precip,Events,Conditions

12:51 AM,39.0°F,34.0°F,19.9°F,46%,29.63in,10.0mi,Variable,6.9mph,23.0mph,N/A,	,Overcast

1:51 AM,39.0°F,31.4°F,18.0°F,43%,29.66in,10.0mi,WNW,12.7mph,25.3mph,N/A,	,Overcast

2:51 AM,36.0°F,27.5°F,18.0°F,48%,29.70in,10.0mi,West,12.7mph,24.2mph,N/A,	,Clear

3:51 AM,34.0°F,26.6°F,15.1°F,46%,29.73in,10.0mi,West,9.2mph,24.2mph,N/A,	,Partly Cloudy

4:51 AM,33.1°F,23.9°F,12.0°F,42%,29.77in,10.0mi,WNW,12.7mph,25.3mph,N/A,	,Clear

5:51 AM,32.0°F,  -,10.9°F,42%,29.80in,10.0mi,North,  -,  -,N/A,	,Clear

6:51 AM,30.9°F,25.2°F,14.0°F,50%,29.83in,10.0mi,West,5.8mph,  -,N/A,	,Clear

7:51 AM,30.0°F,21.1°F,9.0°F,41%,29.86in,10.0mi,WNW,10.4mph,25.3mph,N/A,	,Clear

8:51 AM,30.0°F,20.0°F,8.1°F,40%,29.90in,10.0mi,West,12.7mph,21.9mph,N/A,	,Clear

9:51 AM,30.9°F,26.2°F,7.0°F,37%,29.92in,10.0mi,Variable,4.6mph,18.4mph,N/A,	,Clear

10:51 AM,30.9°F,21.2°F,7.0°F,37%,29.93in,10.0mi,WNW,12.7mph,23.0mph,N/A,	,Clear

11:51 AM,32.0°F,23.0°F,8.1°F,37%,29.92in,10.0mi,WNW,11.5mph,  -,N/A,	,Clear

12:51 PM,33.1°F,24.4°F,8.1°F,35%,29.92in,10.0mi,West,11.5mph,20.7mph,N/A,	,Clear

1:51 PM,33.1°F,24.4°F,6.1°F,32%,29.91in,10.0mi,WNW,11.5mph,23.0mph,N/A,	,Clear

2:51 PM,33.1°F,25.5°F,5.0°F,31%,29.93in,10.0mi,WNW,9.2mph,23.0mph,N/A,	,Clear

3:51 PM,33.1°F,24.4°F,1.9°F,27%,29.97in,10.0mi,WNW,11.5mph,20.7mph,N/A,	,Clear

4:51 PM,32.0°F,23.6°F,3.0°F,29%,29.99in,10.0mi,West,10.4mph,20.7mph,N/A,	,Clear

5:51 PM,30.9°F,20.2°F,3.0°F,31%,30.04in,10.0mi,WNW,15.0mph,23.0mph,N/A,	,Clear

6:51 PM,28.9°F,19.2°F,1.9°F,32%,30.07in,10.0mi,WNW,11.5mph,20.7mph,N/A,	,Clear

7:51 PM,28.9°F,19.2°F,1.0°F,30%,30.09in,10.0mi,WNW,11.5mph,20.7mph,N/A,	,Clear

8:51 PM,28.0°F,18.6°F,1.0°F,31%,30.10in,10.0mi,WNW,10.4mph,18.4mph,N/A,	,Clear

9:51 PM,27.0°F,  -,1.9°F,34%,30.11in,10.0mi,North,  -,  -,N/A,	,Clear

10:51 PM,27.0°F,18.7°F,1.9°F,34%,30.10in,10.0mi,NW,8.1mph,  -,N/A,	,Clear

11:51 PM,26.1°F,18.4°F,1.9°F,35%,30.11in,10.0mi,NW,6.9mph,  -,N/A,	,Clear

