20161106
Time (EST),Temp.,Windchill,Dew Point,Humidity,Pressure,Visibility,Wind Dir,Wind Speed,Gust Speed,Precip,Events,Conditions

12:51 AM,55.9°F,  -,42.1°F,60%,30.11in,10.0mi,Variable,5.8mph,  -,N/A,	,Clear

1:51 AM,55.9°F,  -,42.1°F,60%,30.12in,10.0mi,WNW,5.8mph,  -,N/A,	,Clear

1:51 AM,55.0°F,  -,42.1°F,62%,30.11in,10.0mi,West,8.1mph,  -,N/A,	,Clear

2:51 AM,55.0°F,  -,42.1°F,62%,30.10in,10.0mi,West,10.4mph,18.4mph,N/A,	,Clear

3:51 AM,55.9°F,  -,43.0°F,62%,30.09in,10.0mi,WNW,10.4mph,21.9mph,N/A,	,Clear

4:51 AM,54.0°F,  -,43.0°F,66%,30.12in,10.0mi,Variable,4.6mph,  -,N/A,	,Clear

5:51 AM,53.1°F,  -,42.1°F,66%,30.14in,10.0mi,Variable,5.8mph,  -,N/A,	,Clear

6:51 AM,53.1°F,  -,39.0°F,59%,30.17in,10.0mi,Variable,4.6mph,17.3mph,N/A,	,Clear

7:51 AM,53.1°F,  -,37.0°F,55%,30.18in,10.0mi,Variable,4.6mph,  -,N/A,	,Clear

8:51 AM,54.0°F,  -,37.0°F,53%,30.19in,10.0mi,NW,8.1mph,  -,N/A,	,Clear

9:51 AM,55.0°F,  -,35.1°F,47%,30.20in,10.0mi,Variable,4.6mph,  -,N/A,	,Clear

10:51 AM,55.9°F,  -,34.0°F,44%,30.21in,10.0mi,North,  -,  -,N/A,	,Partly Cloudy

11:51 AM,57.0°F,  -,32.0°F,39%,30.20in,10.0mi,NW,6.9mph,  -,N/A,	,Clear

12:51 PM,57.0°F,  -,33.1°F,40%,30.19in,10.0mi,Variable,4.6mph,  -,N/A,	,Mostly Cloudy

1:51 PM,57.0°F,  -,34.0°F,42%,30.20in,10.0mi,NE,9.2mph,17.3mph,N/A,	,Mostly Cloudy

2:51 PM,54.0°F,  -,32.0°F,43%,30.23in,10.0mi,NNE,13.8mph,23.0mph,N/A,	,Partly Cloudy

3:51 PM,52.0°F,  -,30.9°F,45%,30.26in,10.0mi,NNE,11.5mph,20.7mph,N/A,	,Clear

4:51 PM,51.1°F,  -,30.0°F,44%,30.29in,10.0mi,ENE,8.1mph,17.3mph,N/A,	,Clear

5:51 PM,50.0°F,  -,28.0°F,43%,30.32in,10.0mi,NE,10.4mph,18.4mph,N/A,	,Clear

6:51 PM,48.9°F,  -,27.0°F,43%,30.34in,10.0mi,NNE,8.1mph,21.9mph,N/A,	,Clear

7:51 PM,48.0°F,  -,28.0°F,46%,30.36in,10.0mi,Variable,5.8mph,  -,N/A,	,Clear

8:51 PM,46.9°F,  -,27.0°F,46%,30.38in,10.0mi,NNE,8.1mph,  -,N/A,	,Clear

9:51 PM,46.0°F,41.9°F,27.0°F,47%,30.39in,10.0mi,ENE,8.1mph,  -,N/A,	,Clear

10:51 PM,46.0°F,42.5°F,26.1°F,46%,30.41in,10.0mi,Variable,6.9mph,20.7mph,N/A,	,Clear

