20160723
Time (EDT),Temp.,Heat Index,Dew Point,Humidity,Pressure,Visibility,Wind Dir,Wind Speed,Gust Speed,Precip,Events,Conditions

12:51 AM,84.0°F,87.0°F,68.0°F,58%,29.82in,8.0mi,West,8.1mph,  -,N/A,	,Clear

1:51 AM,82.9°F,85.4°F,66.9°F,58%,29.82in,9.0mi,West,5.8mph,  -,N/A,	,Clear

2:51 AM,82.0°F,84.1°F,66.0°F,58%,29.83in,9.0mi,West,5.8mph,  -,N/A,	,Clear

3:51 AM,82.0°F,83.4°F,64.0°F,54%,29.83in,9.0mi,WNW,5.8mph,  -,N/A,	,Clear

4:51 AM,82.0°F,83.1°F,63.0°F,52%,29.83in,9.0mi,WNW,3.5mph,  -,N/A,	,Clear

5:51 AM,81.0°F,82.2°F,63.0°F,54%,29.85in,9.0mi,WNW,6.9mph,  -,N/A,	,Clear

6:51 AM,81.0°F,82.2°F,63.0°F,54%,29.86in,8.0mi,West,5.8mph,  -,N/A,	,Clear

7:51 AM,81.0°F,82.5°F,64.0°F,56%,29.86in,8.0mi,West,8.1mph,  -,N/A,	,Clear

8:51 AM,84.0°F,85.4°F,64.0°F,51%,29.86in,8.0mi,WNW,9.2mph,  -,N/A,	,Clear

9:51 AM,84.9°F,85.4°F,62.1°F,46%,29.86in,8.0mi,Variable,3.5mph,  -,N/A,	,Clear

10:51 AM,88.0°F,87.9°F,61.0°F,40%,29.85in,9.0mi,North,  -,  -,N/A,	,Clear

11:51 AM,90.0°F,90.0°F,61.0°F,38%,29.85in,9.0mi,Variable,5.8mph,17.3mph,N/A,	,Clear

12:51 PM,93.0°F,93.0°F,61.0°F,34%,29.84in,9.0mi,Variable,4.6mph,  -,N/A,	,Clear

1:51 PM,93.9°F,93.2°F,59.0°F,31%,29.83in,9.0mi,West,8.1mph,  -,N/A,	,Clear

2:51 PM,93.9°F,92.0°F,55.0°F,27%,29.82in,9.0mi,Variable,6.9mph,  -,N/A,	,Clear

3:51 PM,96.1°F,93.8°F,54.0°F,24%,29.82in,9.0mi,Variable,3.5mph,17.3mph,N/A,	,Mostly Cloudy

4:51 PM,93.0°F,92.3°F,59.0°F,32%,29.80in,9.0mi,North,  -,  -,N/A,	,Scattered Clouds

5:51 PM,91.9°F,91.2°F,59.0°F,33%,29.78in,9.0mi,North,  -,  -,N/A,	,Clear

6:51 PM,91.0°F,90.5°F,60.1°F,35%,29.80in,9.0mi,North,  -,  -,N/A,	,Partly Cloudy

7:51 PM,91.0°F,90.5°F,60.1°F,35%,29.82in,9.0mi,Variable,4.6mph,  -,N/A,	,Scattered Clouds

8:51 PM,90.0°F,  -,52.0°F,27%,29.84in,10.0mi,Variable,3.5mph,  -,N/A,	,Clear

9:51 PM,88.0°F,86.1°F,55.0°F,32%,29.86in,10.0mi,North,  -,  -,N/A,	,Clear

10:51 PM,86.0°F,84.5°F,55.0°F,35%,29.88in,10.0mi,Calm,Calm,  -,N/A,	,Clear

11:51 PM,84.9°F,83.6°F,55.0°F,36%,29.89in,10.0mi,Variable,4.6mph,  -,N/A,	,Clear

