20160119
Time (EST),Temp.,Windchill,Dew Point,Humidity,Pressure,Visibility,Wind Dir,Wind Speed,Gust Speed,Precip,Events,Conditions

12:51 AM,18.0°F,3.6°F,1.0°F,48%,29.99in,10.0mi,West,15.0mph,27.6mph,N/A,	,Clear

1:51 AM,17.1°F,5.8°F,1.0°F,50%,30.00in,10.0mi,West,9.2mph,23.0mph,N/A,	,Clear

2:51 AM,17.1°F,3.0°F,-0.0°F,47%,29.99in,10.0mi,WNW,13.8mph,27.6mph,N/A,	,Clear

3:51 AM,17.1°F,5.0°F,1.0°F,50%,29.99in,10.0mi,West,10.4mph,26.5mph,N/A,	,Clear

4:51 AM,17.1°F,4.3°F,1.0°F,50%,29.99in,10.0mi,WNW,11.5mph,24.2mph,N/A,	,Clear

5:51 AM,17.1°F,5.0°F,1.0°F,50%,30.00in,10.0mi,WNW,10.4mph,26.5mph,N/A,	,Clear

6:51 AM,16.0°F,2.3°F,1.0°F,52%,30.01in,10.0mi,WNW,12.7mph,27.6mph,N/A,	,Clear

7:51 AM,16.0°F,0.6°F,1.0°F,52%,30.02in,10.0mi,WNW,16.1mph,25.3mph,N/A,	,Clear

8:51 AM,18.0°F,5.4°F,1.9°F,50%,30.01in,10.0mi,WNW,11.5mph,23.0mph,N/A,	,Clear

9:51 AM,19.9°F,6.2°F,1.9°F,46%,30.01in,10.0mi,West,15.0mph,28.8mph,N/A,	,Clear

10:51 AM,23.0°F,  -,1.9°F,40%,30.01in,10.0mi,North,  -,  -,N/A,	,Clear

11:51 AM,24.1°F,11.0°F,1.9°F,38%,29.99in,10.0mi,WNW,16.1mph,28.8mph,N/A,	,Clear

12:51 PM,25.0°F,14.8°F,3.0°F,39%,29.98in,10.0mi,WNW,10.4mph,32.2mph,N/A,	,Partly Cloudy

1:51 PM,26.1°F,15.6°F,3.0°F,37%,29.96in,10.0mi,NW,11.5mph,26.5mph,N/A,	,Clear

2:51 PM,27.0°F,17.3°F,3.0°F,36%,29.98in,10.0mi,West,10.4mph,28.8mph,N/A,	,Clear

3:51 PM,28.0°F,19.3°F,1.9°F,33%,30.00in,10.0mi,WNW,9.2mph,25.3mph,N/A,	,Clear

4:51 PM,28.0°F,19.3°F,1.9°F,33%,30.03in,10.0mi,WNW,9.2mph,25.3mph,N/A,	,Clear

5:51 PM,28.0°F,  -,1.9°F,33%,30.05in,10.0mi,North,  -,  -,N/A,	,Clear

6:51 PM,27.0°F,19.5°F,1.9°F,34%,30.07in,10.0mi,Variable,6.9mph,21.9mph,N/A,	,Clear

7:51 PM,27.0°F,16.1°F,5.0°F,39%,30.09in,10.0mi,NW,12.7mph,23.0mph,N/A,	,Clear

8:51 PM,27.0°F,16.7°F,7.0°F,43%,30.08in,10.0mi,NW,11.5mph,24.2mph,N/A,	,Clear

9:51 PM,27.0°F,23.0°F,9.0°F,47%,30.09in,10.0mi,Variable,3.5mph,21.9mph,N/A,	,Clear

10:51 PM,28.0°F,20.8°F,10.0°F,47%,30.13in,10.0mi,WNW,6.9mph,  -,N/A,	,Overcast

11:51 PM,28.0°F,20.0°F,10.9°F,49%,30.13in,10.0mi,WNW,8.1mph,18.4mph,N/A,	,Overcast

