20161015
Time (EDT),Temp.,Windchill,Dew Point,Humidity,Pressure,Visibility,Wind Dir,Wind Speed,Gust Speed,Precip,Events,Conditions

12:51 AM,50.0°F,  -,34.0°F,54%,30.38in,10.0mi,NNE,3.5mph,  -,N/A,	,Clear

1:51 AM,48.0°F,  -,36.0°F,63%,30.37in,10.0mi,NNE,3.5mph,  -,N/A,	,Clear

2:51 AM,48.0°F,  -,36.0°F,63%,30.37in,10.0mi,Calm,Calm,  -,N/A,	,Clear

3:51 AM,48.9°F,  -,39.0°F,69%,30.37in,10.0mi,NNW,3.5mph,  -,N/A,	,Clear

4:51 AM,46.9°F,  -,39.9°F,77%,30.39in,10.0mi,ENE,3.5mph,  -,N/A,	,Clear

5:51 AM,46.0°F,43.9°F,39.0°F,76%,30.40in,10.0mi,NE,4.6mph,  -,N/A,	,Clear

6:51 AM,46.9°F,  -,37.0°F,68%,30.41in,10.0mi,NNE,4.6mph,  -,N/A,	,Clear

7:51 AM,46.0°F,  -,37.0°F,71%,30.44in,10.0mi,Calm,Calm,  -,N/A,	,Clear

8:51 AM,50.0°F,  -,37.9°F,63%,30.46in,10.0mi,Variable,4.6mph,  -,N/A,	,Clear

9:51 AM,53.1°F,  -,41.0°F,64%,30.46in,10.0mi,Variable,3.5mph,  -,N/A,	,Clear

10:51 AM,55.9°F,  -,43.0°F,62%,30.45in,10.0mi,Calm,Calm,  -,N/A,	,Clear

11:51 AM,60.1°F,  -,41.0°F,49%,30.43in,10.0mi,Variable,3.5mph,  -,N/A,	,Clear

12:51 PM,63.0°F,  -,39.9°F,43%,30.41in,10.0mi,Variable,4.6mph,  -,N/A,	,Clear

1:51 PM,64.9°F,  -,43.0°F,45%,30.38in,10.0mi,Variable,3.5mph,  -,N/A,	,Clear

2:51 PM,63.0°F,  -,46.0°F,54%,30.37in,10.0mi,South,5.8mph,  -,N/A,	,Clear

3:51 PM,62.1°F,  -,45.0°F,53%,30.36in,10.0mi,North,  -,  -,N/A,	,Clear

4:51 PM,61.0°F,  -,44.1°F,54%,30.36in,10.0mi,Calm,Calm,  -,N/A,	,Clear

5:51 PM,57.9°F,  -,45.0°F,62%,30.35in,10.0mi,North,  -,  -,N/A,	,Clear

6:51 PM,57.0°F,  -,45.0°F,64%,30.35in,10.0mi,Calm,Calm,  -,N/A,	,Clear

7:51 PM,57.0°F,  -,45.0°F,64%,30.34in,10.0mi,SSW,3.5mph,  -,N/A,	,Clear

8:51 PM,57.0°F,  -,46.0°F,67%,30.33in,10.0mi,Variable,5.8mph,  -,N/A,	,Clear

9:51 PM,57.0°F,  -,46.0°F,67%,30.32in,10.0mi,Variable,4.6mph,  -,N/A,	,Clear

10:51 PM,55.9°F,  -,46.9°F,72%,30.32in,10.0mi,WSW,3.5mph,  -,N/A,	,Clear

11:51 PM,55.0°F,  -,46.0°F,72%,30.31in,10.0mi,WSW,3.5mph,  -,N/A,	,Clear

