20160325
Time (EDT),Temp.,Windchill,Dew Point,Humidity,Pressure,Visibility,Wind Dir,Wind Speed,Gust Speed,Precip,Events,Conditions

12:51 AM,46.0°F,42.5°F,42.1°F,86%,29.84in,4.0mi,East,6.9mph,  -,N/A,	,Overcast

1:51 AM,46.9°F,  -,43.0°F,86%,29.79in,4.0mi,Calm,Calm,  -,N/A,	,Overcast

2:43 AM,46.9°F,  -,43.0°F,86%,29.79in,4.0mi,Calm,Calm,  -,N/A,	,Overcast

2:51 AM,46.9°F,  -,43.0°F,86%,29.75in,4.0mi,ENE,3.5mph,  -,N/A,	,Mostly Cloudy

3:01 AM,46.9°F,  -,43.0°F,86%,29.78in,5.0mi,ENE,3.5mph,  -,N/A,	,Mostly Cloudy

3:51 AM,50.0°F,  -,45.0°F,83%,29.73in,6.0mi,SE,5.8mph,  -,N/A,	,Haze

4:51 AM,50.0°F,  -,46.0°F,86%,29.71in,6.0mi,Variable,3.5mph,  -,N/A,	,Clear

5:51 AM,51.1°F,  -,46.9°F,86%,29.70in,7.0mi,East,3.5mph,  -,N/A,	,Clear

6:51 AM,52.0°F,  -,48.0°F,86%,29.70in,6.0mi,Calm,Calm,  -,N/A,	,Overcast

7:36 AM,53.1°F,  -,48.0°F,83%,29.74in,5.0mi,Calm,Calm,  -,0.00in,Rain,Light Rain

7:51 AM,53.1°F,  -,48.9°F,86%,29.71in,5.0mi,Variable,3.5mph,  -,0.00in,	,Overcast

8:51 AM,61.0°F,  -,53.1°F,75%,29.72in,10.0mi,Variable,4.6mph,  -,N/A,	,Overcast

9:51 AM,64.0°F,  -,55.0°F,73%,29.70in,10.0mi,Variable,3.5mph,  -,N/A,	,Overcast

10:51 AM,66.0°F,  -,54.0°F,65%,29.72in,9.0mi,Calm,Calm,  -,N/A,	,Overcast

11:51 AM,66.9°F,  -,54.0°F,63%,29.71in,9.0mi,South,3.5mph,  -,N/A,	,Overcast

12:09 PM,66.9°F,  -,55.0°F,66%,29.73in,9.0mi,Calm,Calm,  -,N/A,	,Overcast

12:41 PM,66.9°F,  -,57.0°F,70%,29.74in,2.5mi,Variable,4.6mph,  -,0.00in,Rain,Light Rain

12:43 PM,66.0°F,  -,57.9°F,75%,29.74in,1.8mi,Variable,6.9mph,  -,0.00in,Rain,Heavy Rain

12:51 PM,64.0°F,  -,57.9°F,80%,29.72in,1.8mi,North,  -,  -,0.04in,Rain,Light Rain

12:53 PM,64.9°F,  -,57.9°F,78%,29.75in,3.0mi,Variable,4.6mph,  -,0.00in,Rain,Light Rain

1:51 PM,68.0°F,  -,55.9°F,65%,29.72in,10.0mi,Calm,Calm,  -,0.00in,	,Mostly Cloudy

2:51 PM,71.1°F,  -,52.0°F,51%,29.70in,10.0mi,West,6.9mph,  -,N/A,	,Mostly Cloudy

3:51 PM,71.1°F,  -,51.1°F,49%,29.70in,10.0mi,Variable,3.5mph,  -,N/A,	,Mostly Cloudy

4:51 PM,71.1°F,  -,50.0°F,47%,29.73in,10.0mi,West,4.6mph,  -,N/A,	,Overcast

5:51 PM,70.0°F,  -,46.0°F,42%,29.75in,10.0mi,West,3.5mph,  -,N/A,	,Mostly Cloudy

6:51 PM,68.0°F,  -,41.0°F,37%,29.80in,10.0mi,West,8.1mph,16.1mph,N/A,	,Overcast

7:51 PM,63.0°F,  -,39.9°F,43%,29.85in,10.0mi,Variable,6.9mph,  -,N/A,	,Overcast

8:51 PM,59.0°F,  -,37.0°F,44%,29.92in,10.0mi,Calm,Calm,  -,N/A,	,Partly Cloudy

9:51 PM,55.0°F,  -,35.1°F,47%,29.97in,10.0mi,NW,4.6mph,  -,N/A,	,Clear

10:51 PM,52.0°F,  -,32.0°F,47%,30.00in,10.0mi,Variable,3.5mph,  -,N/A,	,Clear

11:51 PM,48.0°F,  -,34.0°F,58%,30.04in,10.0mi,NE,8.1mph,  -,N/A,	,Clear

