20160716
Time (EDT),Temp.,Heat Index,Dew Point,Humidity,Pressure,Visibility,Wind Dir,Wind Speed,Gust Speed,Precip,Events,Conditions

12:51 AM,82.0°F,84.5°F,66.9°F,60%,29.93in,10.0mi,Variable,5.8mph,  -,N/A,	,Clear

1:51 AM,80.1°F,82.3°F,66.9°F,64%,29.93in,10.0mi,WSW,5.8mph,  -,N/A,	,Clear

2:51 AM,79.0°F,  -,66.0°F,64%,29.93in,10.0mi,West,5.8mph,  -,N/A,	,Clear

3:51 AM,78.1°F,  -,64.9°F,64%,29.93in,10.0mi,WNW,4.6mph,  -,N/A,	,Clear

4:51 AM,77.0°F,  -,64.0°F,64%,29.95in,10.0mi,WNW,3.5mph,  -,N/A,	,Clear

5:51 AM,75.9°F,  -,64.0°F,67%,29.97in,9.0mi,Variable,3.5mph,  -,N/A,	,Clear

6:51 AM,77.0°F,  -,64.0°F,64%,29.99in,8.0mi,NNE,3.5mph,  -,N/A,	,Clear

7:51 AM,79.0°F,  -,66.0°F,64%,30.01in,8.0mi,Calm,Calm,  -,N/A,	,Clear

8:51 AM,81.0°F,82.5°F,64.0°F,56%,30.01in,9.0mi,ENE,5.8mph,  -,N/A,	,Clear

9:51 AM,82.9°F,84.0°F,63.0°F,51%,30.02in,9.0mi,Variable,4.6mph,  -,N/A,	,Clear

10:51 AM,84.9°F,85.0°F,61.0°F,44%,30.04in,9.0mi,East,6.9mph,  -,N/A,	,Clear

11:51 AM,87.1°F,87.0°F,61.0°F,41%,30.03in,10.0mi,East,5.8mph,  -,N/A,	,Clear

12:51 PM,89.1°F,90.0°F,63.0°F,42%,30.02in,9.0mi,ESE,5.8mph,  -,N/A,	,Clear

1:51 PM,88.0°F,92.1°F,69.1°F,53%,30.02in,8.0mi,Variable,4.6mph,  -,N/A,	,Partly Cloudy

2:51 PM,88.0°F,90.7°F,66.9°F,49%,30.00in,8.0mi,Calm,Calm,  -,N/A,	,Scattered Clouds

3:51 PM,84.9°F,86.6°F,64.9°F,51%,30.00in,8.0mi,Variable,3.5mph,  -,N/A,	,Clear

4:51 PM,77.0°F,  -,68.0°F,74%,30.02in,7.0mi,Variable,4.6mph,  -,0.00in,	,Overcast

5:51 PM,78.1°F,  -,66.9°F,68%,30.02in,8.0mi,Calm,Calm,  -,N/A,	,Partly Cloudy

6:51 PM,78.1°F,  -,64.9°F,64%,30.03in,8.0mi,Variable,5.8mph,  -,N/A,	,Clear

7:51 PM,79.0°F,  -,62.1°F,56%,30.03in,9.0mi,Variable,4.6mph,  -,N/A,	,Clear

8:51 PM,78.1°F,  -,63.0°F,60%,30.04in,10.0mi,Variable,3.5mph,  -,N/A,	,Clear

9:51 PM,78.1°F,  -,64.0°F,62%,30.05in,10.0mi,Variable,5.8mph,  -,N/A,	,Clear

10:51 PM,77.0°F,  -,64.9°F,66%,30.06in,10.0mi,Variable,4.6mph,  -,N/A,	,Clear

11:51 PM,77.0°F,  -,64.0°F,64%,30.06in,10.0mi,Variable,3.5mph,  -,N/A,	,Clear

