20160921
Time (EDT),Temp.,Heat Index,Dew Point,Humidity,Pressure,Visibility,Wind Dir,Wind Speed,Gust Speed,Precip,Events,Conditions

12:51 AM,72.0°F,  -,66.9°F,84%,30.10in,8.0mi,Calm,Calm,  -,N/A,	,Clear

1:51 AM,72.0°F,  -,68.0°F,87%,30.11in,7.0mi,WNW,3.5mph,  -,N/A,	,Clear

2:51 AM,71.1°F,  -,66.9°F,87%,30.11in,7.0mi,Calm,Calm,  -,N/A,	,Clear

3:51 AM,71.1°F,  -,66.9°F,87%,30.11in,8.0mi,Calm,Calm,  -,N/A,	,Clear

4:51 AM,70.0°F,  -,64.0°F,81%,30.13in,10.0mi,Calm,Calm,  -,N/A,	,Clear

5:51 AM,69.1°F,  -,63.0°F,81%,30.13in,10.0mi,Calm,Calm,  -,N/A,	,Clear

6:51 AM,69.1°F,  -,63.0°F,81%,30.15in,10.0mi,NNE,3.5mph,  -,N/A,	,Clear

7:51 AM,72.0°F,  -,60.1°F,66%,30.17in,10.0mi,Variable,4.6mph,  -,N/A,	,Clear

8:51 AM,72.0°F,  -,59.0°F,64%,30.18in,10.0mi,NE,8.1mph,  -,N/A,	,Clear

9:51 AM,73.9°F,  -,57.9°F,57%,30.19in,10.0mi,ENE,8.1mph,  -,N/A,	,Clear

10:51 AM,73.9°F,  -,54.0°F,50%,30.19in,10.0mi,Variable,6.9mph,17.3mph,N/A,	,Clear

11:51 AM,78.1°F,  -,59.0°F,52%,30.18in,10.0mi,North,5.8mph,  -,N/A,	,Clear

12:51 PM,81.0°F,80.7°F,55.0°F,41%,30.17in,10.0mi,ENE,6.9mph,  -,N/A,	,Clear

1:51 PM,82.0°F,  -,50.0°F,33%,30.16in,10.0mi,NNW,4.6mph,  -,N/A,	,Clear

2:51 PM,84.0°F,  -,48.0°F,28%,30.14in,10.0mi,Variable,4.6mph,  -,N/A,	,Clear

3:51 PM,82.9°F,  -,48.0°F,29%,30.14in,10.0mi,ENE,4.6mph,  -,N/A,	,Clear

4:51 PM,82.0°F,  -,48.0°F,30%,30.14in,10.0mi,Variable,4.6mph,  -,N/A,	,Clear

5:51 PM,81.0°F,  -,45.0°F,28%,30.14in,10.0mi,North,6.9mph,  -,N/A,	,Clear

6:51 PM,79.0°F,  -,48.0°F,34%,30.16in,10.0mi,Variable,6.9mph,  -,N/A,	,Clear

7:51 PM,77.0°F,  -,48.9°F,37%,30.16in,10.0mi,NNE,3.5mph,  -,N/A,	,Clear

8:51 PM,73.9°F,  -,51.1°F,45%,30.18in,10.0mi,NE,3.5mph,  -,N/A,	,Clear

9:51 PM,73.0°F,  -,48.9°F,42%,30.18in,10.0mi,Calm,Calm,  -,N/A,	,Clear

10:51 PM,71.1°F,  -,50.0°F,47%,30.19in,10.0mi,Calm,Calm,  -,N/A,	,Clear

11:51 PM,71.1°F,  -,51.1°F,49%,30.18in,10.0mi,NE,3.5mph,  -,N/A,	,Clear

