20160227
Time (EST),Temp.,Windchill,Dew Point,Humidity,Pressure,Visibility,Wind Dir,Wind Speed,Gust Speed,Precip,Events,Conditions

12:51 AM,27.0°F,19.5°F,7.0°F,43%,30.10in,10.0mi,Variable,6.9mph,17.3mph,N/A,	,Clear

1:51 AM,27.0°F,  -,8.1°F,45%,30.11in,10.0mi,North,  -,  -,N/A,	,Clear

2:51 AM,27.0°F,19.5°F,8.1°F,45%,30.10in,10.0mi,NW,6.9mph,  -,N/A,	,Clear

3:51 AM,26.1°F,20.5°F,9.0°F,49%,30.10in,10.0mi,Variable,4.6mph,  -,N/A,	,Clear

4:51 AM,27.0°F,18.7°F,9.0°F,47%,30.11in,10.0mi,NW,8.1mph,  -,N/A,	,Clear

5:51 AM,27.0°F,  -,9.0°F,47%,30.12in,10.0mi,Calm,Calm,  -,N/A,	,Clear

6:51 AM,27.0°F,  -,10.0°F,49%,30.13in,10.0mi,Calm,Calm,  -,N/A,	,Clear

7:51 AM,28.0°F,  -,10.9°F,49%,30.14in,10.0mi,Calm,Calm,  -,N/A,	,Clear

8:51 AM,30.0°F,24.1°F,12.0°F,47%,30.14in,10.0mi,West,5.8mph,  -,N/A,	,Clear

9:51 AM,30.9°F,  -,12.0°F,46%,30.12in,10.0mi,North,  -,  -,N/A,	,Partly Cloudy

10:51 AM,32.0°F,28.7°F,10.9°F,42%,30.10in,10.0mi,West,3.5mph,  -,N/A,	,Clear

11:51 AM,36.0°F,30.3°F,12.0°F,37%,30.08in,10.0mi,West,6.9mph,  -,N/A,	,Clear

12:51 PM,37.0°F,  -,12.0°F,36%,30.04in,10.0mi,North,  -,  -,N/A,	,Clear

1:51 PM,39.0°F,31.8°F,10.9°F,32%,30.02in,10.0mi,West,11.5mph,17.3mph,N/A,	,Clear

2:51 PM,39.9°F,  -,12.0°F,32%,30.00in,10.0mi,North,  -,  -,N/A,	,Clear

3:51 PM,41.0°F,35.2°F,12.9°F,32%,29.99in,10.0mi,West,9.2mph,  -,N/A,	,Clear

4:51 PM,39.9°F,35.1°F,12.9°F,33%,29.98in,10.0mi,Variable,6.9mph,19.6mph,N/A,	,Clear

5:51 PM,39.9°F,34.5°F,14.0°F,35%,29.99in,10.0mi,WSW,8.1mph,21.9mph,N/A,	,Clear

6:51 PM,39.9°F,35.1°F,16.0°F,38%,30.00in,10.0mi,Variable,6.9mph,  -,N/A,	,Clear

7:51 PM,39.0°F,36.8°F,17.1°F,41%,30.00in,10.0mi,Variable,3.5mph,  -,N/A,	,Clear

8:51 PM,39.0°F,33.4°F,17.1°F,41%,30.00in,10.0mi,WSW,8.1mph,16.1mph,N/A,	,Clear

9:51 PM,39.0°F,35.7°F,18.0°F,43%,29.99in,10.0mi,Variable,4.6mph,  -,N/A,	,Clear

10:51 PM,39.0°F,32.3°F,18.0°F,43%,29.99in,10.0mi,WSW,10.4mph,21.9mph,N/A,	,Clear

11:51 PM,39.0°F,33.4°F,19.0°F,45%,29.98in,10.0mi,WSW,8.1mph,  -,N/A,	,Clear

