20160306
Time (EST),Temp.,Windchill,Dew Point,Humidity,Pressure,Visibility,Wind Dir,Wind Speed,Gust Speed,Precip,Events,Conditions

12:51 AM,35.1°F,  -,19.0°F,52%,30.22in,10.0mi,Calm,Calm,  -,N/A,	,Partly Cloudy

1:51 AM,34.0°F,29.8°F,16.0°F,48%,30.22in,10.0mi,ENE,4.6mph,  -,N/A,	,Clear

2:51 AM,34.0°F,28.8°F,7.0°F,32%,30.21in,10.0mi,NE,5.8mph,  -,N/A,	,Mostly Cloudy

3:51 AM,33.1°F,30.0°F,5.0°F,31%,30.21in,10.0mi,Variable,3.5mph,  -,N/A,	,Clear

4:51 AM,32.0°F,28.7°F,3.9°F,31%,30.22in,10.0mi,NNE,3.5mph,  -,N/A,	,Clear

5:51 AM,33.1°F,30.0°F,8.1°F,35%,30.24in,10.0mi,NNE,3.5mph,  -,N/A,	,Overcast

6:51 AM,33.1°F,26.9°F,7.0°F,34%,30.26in,10.0mi,NE,6.9mph,  -,N/A,	,Overcast

7:51 AM,34.0°F,27.2°F,10.9°F,38%,30.28in,10.0mi,NNE,8.1mph,  -,N/A,	,Overcast

8:51 AM,36.0°F,29.6°F,10.9°F,36%,30.30in,10.0mi,ENE,8.1mph,  -,N/A,	,Overcast

9:51 AM,37.0°F,34.5°F,12.9°F,37%,30.30in,10.0mi,Variable,3.5mph,  -,N/A,	,Overcast

10:51 AM,37.9°F,35.5°F,15.1°F,39%,30.31in,10.0mi,Variable,3.5mph,  -,N/A,	,Overcast

11:51 AM,39.9°F,  -,17.1°F,40%,30.30in,10.0mi,Calm,Calm,  -,N/A,	,Overcast

12:51 PM,39.9°F,37.8°F,17.1°F,40%,30.28in,10.0mi,Variable,3.5mph,  -,N/A,	,Scattered Clouds

1:51 PM,42.1°F,  -,16.0°F,35%,30.26in,10.0mi,Calm,Calm,  -,N/A,	,Clear

2:51 PM,44.1°F,40.8°F,17.1°F,34%,30.25in,10.0mi,Variable,5.8mph,  -,N/A,	,Clear

3:51 PM,44.1°F,42.5°F,16.0°F,32%,30.25in,10.0mi,Variable,3.5mph,  -,N/A,	,Clear

4:51 PM,44.1°F,  -,16.0°F,32%,30.25in,10.0mi,Calm,Calm,  -,N/A,	,Clear

5:51 PM,43.0°F,40.3°F,16.0°F,34%,30.26in,10.0mi,West,4.6mph,  -,N/A,	,Clear

6:51 PM,42.1°F,  -,16.0°F,35%,30.27in,10.0mi,Calm,Calm,  -,N/A,	,Clear

7:51 PM,39.9°F,37.8°F,16.0°F,38%,30.28in,10.0mi,NNE,3.5mph,  -,N/A,	,Clear

8:51 PM,39.9°F,36.7°F,19.0°F,43%,30.30in,10.0mi,West,4.6mph,  -,N/A,	,Clear

9:51 PM,39.9°F,37.8°F,19.9°F,45%,30.30in,10.0mi,South,3.5mph,  -,N/A,	,Clear

10:51 PM,39.0°F,  -,21.9°F,50%,30.29in,10.0mi,Calm,Calm,  -,N/A,	,Clear

11:51 PM,39.0°F,  -,23.0°F,53%,30.28in,10.0mi,Calm,Calm,  -,N/A,	,Clear

