20161210
Time (EST),Temp.,Windchill,Dew Point,Humidity,Pressure,Visibility,Wind Dir,Wind Speed,Gust Speed,Precip,Events,Conditions

12:51 AM,30.0°F,25.2°F,14.0°F,51%,30.28in,10.0mi,NW,4.6mph,  -,N/A,	,Clear

1:51 AM,30.0°F,21.7°F,14.0°F,51%,30.31in,10.0mi,WNW,9.2mph,  -,N/A,	,Clear

2:51 AM,30.0°F,23.2°F,14.0°F,51%,30.32in,10.0mi,West,6.9mph,  -,N/A,	,Clear

3:51 AM,28.9°F,22.8°F,15.1°F,56%,30.32in,10.0mi,WNW,5.8mph,  -,N/A,	,Clear

4:51 AM,28.9°F,21.1°F,15.1°F,56%,30.34in,10.0mi,WNW,8.1mph,17.3mph,N/A,	,Clear

5:51 AM,28.9°F,  -,15.1°F,56%,30.34in,10.0mi,North,  -,  -,N/A,	,Clear

6:51 AM,28.9°F,21.1°F,15.1°F,56%,30.37in,10.0mi,West,8.1mph,  -,N/A,	,Clear

7:51 AM,28.9°F,25.2°F,15.1°F,56%,30.38in,10.0mi,Variable,3.5mph,  -,N/A,	,Clear

8:51 AM,30.0°F,22.4°F,18.0°F,61%,30.40in,10.0mi,West,8.1mph,  -,N/A,	,Clear

9:51 AM,30.9°F,24.3°F,19.0°F,61%,30.40in,10.0mi,Variable,6.9mph,  -,N/A,	,Scattered Clouds

10:51 AM,33.1°F,25.5°F,19.9°F,59%,30.38in,10.0mi,NW,9.2mph,16.1mph,N/A,	,Mostly Cloudy

11:51 AM,33.1°F,28.7°F,18.0°F,54%,30.36in,10.0mi,Variable,4.6mph,  -,N/A,	,Mostly Cloudy

12:51 PM,35.1°F,32.2°F,17.1°F,48%,30.34in,10.0mi,Variable,3.5mph,  -,N/A,	,Scattered Clouds

1:51 PM,35.1°F,31.0°F,16.0°F,46%,30.33in,10.0mi,Variable,4.6mph,  -,N/A,	,Mostly Cloudy

2:51 PM,35.1°F,  -,16.0°F,46%,30.34in,10.0mi,North,  -,  -,N/A,	,Overcast

3:51 PM,35.1°F,27.4°F,15.1°F,44%,30.35in,10.0mi,West,10.4mph,17.3mph,N/A,	,Mostly Cloudy

4:51 PM,34.0°F,27.2°F,18.0°F,52%,30.38in,10.0mi,NW,8.1mph,  -,N/A,	,Partly Cloudy

5:51 PM,33.1°F,27.7°F,18.0°F,54%,30.40in,10.0mi,WNW,5.8mph,  -,N/A,	,Overcast

6:51 PM,33.1°F,28.7°F,19.0°F,56%,30.41in,10.0mi,Variable,4.6mph,  -,N/A,	,Mostly Cloudy

7:51 PM,32.0°F,27.5°F,19.0°F,59%,30.43in,10.0mi,West,4.6mph,  -,N/A,	,Overcast

8:51 PM,32.0°F,  -,19.0°F,59%,30.43in,10.0mi,Calm,Calm,  -,N/A,	,Clear

9:51 PM,30.9°F,24.3°F,19.0°F,61%,30.44in,10.0mi,West,6.9mph,  -,N/A,	,Clear

10:51 PM,30.0°F,  -,17.1°F,59%,30.46in,10.0mi,North,  -,  -,N/A,	,Clear

11:51 PM,30.0°F,25.2°F,16.0°F,56%,30.45in,10.0mi,West,4.6mph,  -,N/A,	,Clear

