20160321
Time (EDT),Temp.,Windchill,Dew Point,Humidity,Pressure,Visibility,Wind Dir,Wind Speed,Gust Speed,Precip,Events,Conditions

12:13 AM,34.0°F,28.0°F,30.0°F,85%,29.96in,1.2mi,North,6.9mph,  -,0.01in,Snow,Light Snow

12:43 AM,33.1°F,30.0°F,30.0°F,89%,29.96in,2.0mi,Variable,3.5mph,  -,0.03in,Snow,Light Snow

12:51 AM,33.1°F,27.7°F,30.0°F,89%,29.93in,2.0mi,Variable,5.8mph,  -,0.03in,Snow,Light Snow

1:13 AM,33.1°F,25.5°F,30.0°F,89%,29.92in,1.2mi,NNE,9.2mph,17.3mph,0.01in,Snow,Light Snow

1:41 AM,33.1°F,26.1°F,30.0°F,89%,29.92in,2.5mi,NNE,8.1mph,  -,0.02in,Snow,Light Snow

1:48 AM,33.8°F,30.8°F,30.2°F,87%,29.93in,5.0mi,Variable,3.5mph,  -,0.02in,Snow,Light Snow

1:51 AM,33.1°F,27.7°F,30.0°F,89%,29.91in,7.0mi,NE,5.8mph,  -,0.02in,	,Overcast

2:48 AM,33.8°F,27.0°F,28.4°F,81%,29.90in,2.5mi,North,8.1mph,  -,0.00in,Snow,Light Snow

2:51 AM,33.1°F,27.7°F,28.9°F,85%,29.88in,2.5mi,Variable,5.8mph,  -,0.00in,Snow,Light Snow

3:01 AM,33.1°F,28.7°F,28.9°F,85%,29.89in,1.5mi,Variable,4.6mph,  -,0.00in,Snow,Light Snow

3:11 AM,33.1°F,26.1°F,28.9°F,85%,29.90in,1.8mi,NNW,8.1mph,  -,0.00in,Snow,Light Snow

3:27 AM,33.1°F,25.5°F,28.9°F,85%,29.88in,1.0mi,NNW,9.2mph,  -,0.01in,Snow,Light Snow

3:29 AM,33.1°F,26.9°F,28.9°F,85%,29.88in,1.0mi,Variable,6.9mph,  -,0.01in,Snow,Light Snow

3:36 AM,33.1°F,26.9°F,28.9°F,85%,29.88in,1.0mi,Variable,6.9mph,  -,0.01in,Snow,Light Snow

3:51 AM,33.1°F,  -,30.0°F,89%,29.86in,1.2mi,Calm,Calm,  -,0.02in,Snow,Light Snow

4:35 AM,32.0°F,24.2°F,28.9°F,88%,29.87in,1.8mi,North,9.2mph,  -,0.01in,Snow,Light Snow

4:42 AM,32.0°F,27.5°F,28.9°F,88%,29.87in,1.8mi,Variable,4.6mph,  -,0.01in,Snow,Light Snow

4:51 AM,32.0°F,25.6°F,28.9°F,88%,29.85in,1.5mi,Variable,6.9mph,  -,0.01in,Snow,Light Snow

5:05 AM,32.0°F,27.5°F,28.9°F,88%,29.86in,1.8mi,Variable,4.6mph,  -,0.00in,Snow,Light Snow

5:07 AM,32.0°F,26.4°F,28.9°F,88%,29.86in,2.0mi,Variable,5.8mph,  -,0.00in,Snow,Light Snow

5:25 AM,32.0°F,28.7°F,28.0°F,85%,29.85in,3.0mi,Variable,3.5mph,  -,0.01in,Snow,Light Snow

5:33 AM,32.0°F,  -,28.9°F,88%,29.86in,4.0mi,Calm,Calm,  -,0.01in,Snow,Light Snow

5:51 AM,32.0°F,28.7°F,28.0°F,85%,29.83in,5.0mi,Variable,3.5mph,  -,0.01in,	,Overcast

6:51 AM,32.0°F,26.4°F,27.0°F,82%,29.82in,10.0mi,North,5.8mph,  -,N/A,	,Mostly Cloudy

7:51 AM,32.0°F,  -,28.0°F,85%,29.84in,8.0mi,Calm,Calm,  -,N/A,	,Overcast

8:51 AM,34.0°F,28.0°F,27.0°F,75%,29.83in,10.0mi,Variable,6.9mph,  -,N/A,	,Scattered Clouds

9:51 AM,37.0°F,34.5°F,28.0°F,70%,29.83in,10.0mi,Variable,3.5mph,  -,N/A,	,Partly Cloudy

10:51 AM,39.9°F,33.9°F,24.1°F,53%,29.83in,10.0mi,West,9.2mph,  -,N/A,	,Clear

11:51 AM,44.1°F,40.1°F,23.0°F,43%,29.81in,10.0mi,Variable,6.9mph,  -,N/A,	,Clear

12:51 PM,46.9°F,  -,21.0°F,36%,29.80in,10.0mi,North,  -,  -,N/A,	,Mostly Cloudy

1:51 PM,48.0°F,  -,9.0°F,21%,29.78in,10.0mi,Variable,6.9mph,20.7mph,N/A,	,Partly Cloudy

2:51 PM,48.0°F,  -,8.1°F,20%,29.77in,10.0mi,Variable,5.8mph,21.9mph,N/A,	,Clear

3:51 PM,48.9°F,  -,10.0°F,21%,29.77in,10.0mi,WNW,13.8mph,24.2mph,N/A,	,Scattered Clouds

4:51 PM,46.9°F,  -,12.0°F,24%,29.79in,10.0mi,NW,16.1mph,31.1mph,N/A,	,Partly Cloudy

5:51 PM,46.0°F,41.4°F,10.9°F,24%,29.83in,10.0mi,WNW,9.2mph,20.7mph,N/A,	,Mostly Cloudy

6:51 PM,44.1°F,38.6°F,9.0°F,24%,29.86in,10.0mi,NW,10.4mph,23.0mph,N/A,	,Clear

7:51 PM,43.0°F,36.4°F,14.0°F,31%,29.90in,10.0mi,NW,12.7mph,21.9mph,N/A,	,Clear

8:51 PM,42.1°F,36.1°F,16.0°F,35%,29.95in,10.0mi,WNW,10.4mph,26.5mph,N/A,	,Clear

9:51 PM,41.0°F,35.2°F,16.0°F,36%,29.98in,10.0mi,NW,9.2mph,  -,N/A,	,Scattered Clouds

10:51 PM,39.0°F,32.8°F,19.0°F,45%,30.01in,10.0mi,WNW,9.2mph,  -,N/A,	,Clear

11:51 PM,37.9°F,28.2°F,18.0°F,45%,30.04in,10.0mi,WNW,18.4mph,33.4mph,N/A,	,Clear

