20160601
Time (EDT),Temp.,Heat Index,Dew Point,Humidity,Pressure,Visibility,Wind Dir,Wind Speed,Gust Speed,Precip,Events,Conditions

12:51 AM,73.0°F,  -,64.9°F,76%,29.99in,8.0mi,Calm,Calm,  -,N/A,	,Clear

1:51 AM,72.0°F,  -,64.9°F,78%,29.99in,7.0mi,NE,3.5mph,  -,N/A,	,Clear

2:51 AM,70.0°F,  -,62.1°F,76%,30.01in,8.0mi,ENE,8.1mph,  -,N/A,	,Clear

3:51 AM,71.1°F,  -,53.1°F,53%,30.01in,10.0mi,East,4.6mph,  -,N/A,	,Clear

4:51 AM,71.1°F,  -,50.0°F,47%,30.03in,10.0mi,NE,3.5mph,  -,N/A,	,Clear

5:51 AM,70.0°F,  -,52.0°F,53%,30.05in,8.0mi,Variable,3.5mph,  -,N/A,	,Clear

6:51 AM,72.0°F,  -,48.0°F,43%,30.06in,9.0mi,ENE,5.8mph,  -,N/A,	,Partly Cloudy

7:51 AM,73.0°F,  -,50.0°F,44%,30.08in,9.0mi,Calm,Calm,  -,N/A,	,Partly Cloudy

8:51 AM,75.0°F,  -,48.9°F,40%,30.09in,9.0mi,Variable,4.6mph,  -,N/A,	,Clear

9:51 AM,77.0°F,  -,48.0°F,36%,30.09in,9.0mi,ENE,6.9mph,  -,N/A,	,Clear

10:51 AM,77.0°F,  -,48.0°F,36%,30.09in,8.0mi,ESE,10.4mph,  -,N/A,	,Clear

11:51 AM,79.0°F,  -,48.0°F,34%,30.10in,8.0mi,ENE,9.2mph,  -,N/A,	,Clear

12:51 PM,80.1°F,  -,50.0°F,35%,30.09in,8.0mi,ENE,9.2mph,  -,N/A,	,Clear

1:51 PM,80.1°F,  -,50.0°F,35%,30.09in,8.0mi,Variable,5.8mph,  -,N/A,	,Clear

2:51 PM,82.0°F,  -,50.0°F,33%,30.09in,8.0mi,East,9.2mph,  -,N/A,	,Partly Cloudy

3:51 PM,81.0°F,  -,48.0°F,31%,30.09in,8.0mi,ENE,9.2mph,  -,N/A,	,Scattered Clouds

4:51 PM,80.1°F,80.0°F,54.0°F,40%,30.09in,8.0mi,ENE,8.1mph,  -,N/A,	,Scattered Clouds

5:51 PM,78.1°F,  -,54.0°F,43%,30.08in,8.0mi,SSE,8.1mph,  -,N/A,	,Clear

6:51 PM,75.9°F,  -,54.0°F,46%,30.10in,8.0mi,North,  -,  -,N/A,	,Clear

7:51 PM,75.0°F,  -,53.1°F,46%,30.10in,8.0mi,North,  -,  -,N/A,	,Clear

8:51 PM,71.1°F,  -,52.0°F,51%,30.13in,9.0mi,SE,3.5mph,  -,N/A,	,Clear

9:51 PM,70.0°F,  -,52.0°F,53%,30.14in,9.0mi,Variable,3.5mph,  -,N/A,	,Clear

10:51 PM,68.0°F,  -,52.0°F,56%,30.15in,9.0mi,Variable,5.8mph,  -,N/A,	,Clear

11:51 PM,66.9°F,  -,53.1°F,61%,30.16in,9.0mi,ENE,4.6mph,  -,N/A,	,Clear

