20160831
Time (EDT),Temp.,Heat Index,Dew Point,Humidity,Pressure,Visibility,Wind Dir,Wind Speed,Gust Speed,Precip,Events,Conditions

12:51 AM,75.0°F,  -,68.0°F,79%,30.05in,10.0mi,Variable,4.6mph,  -,N/A,	,Clear

1:51 AM,73.9°F,  -,68.0°F,82%,30.04in,9.0mi,Calm,Calm,  -,N/A,	,Partly Cloudy

2:18 AM,75.0°F,  -,69.1°F,82%,30.07in,9.0mi,Variable,3.5mph,  -,N/A,	,Mostly Cloudy

2:51 AM,75.0°F,  -,69.1°F,82%,30.04in,9.0mi,North,  -,  -,N/A,	,Partly Cloudy

3:10 AM,75.0°F,  -,69.1°F,82%,30.06in,9.0mi,Variable,5.8mph,  -,N/A,	,Mostly Cloudy

3:51 AM,75.0°F,  -,70.0°F,84%,30.02in,8.0mi,Calm,Calm,  -,N/A,	,Mostly Cloudy

4:10 AM,73.9°F,  -,69.1°F,85%,30.04in,8.0mi,Variable,4.6mph,  -,N/A,	,Scattered Clouds

4:49 AM,75.2°F,  -,69.8°F,83%,30.04in,8.0mi,Calm,Calm,  -,N/A,	,Mostly Cloudy

4:51 AM,75.0°F,  -,70.0°F,84%,30.01in,8.0mi,Variable,4.6mph,  -,N/A,	,Mostly Cloudy

4:58 AM,75.0°F,  -,69.1°F,82%,30.04in,8.0mi,Variable,3.5mph,  -,N/A,	,Mostly Cloudy

5:26 AM,75.0°F,  -,69.1°F,82%,30.04in,8.0mi,North,  -,  -,N/A,	,Scattered Clouds

5:51 AM,75.0°F,  -,69.1°F,82%,30.01in,7.0mi,Variable,3.5mph,  -,N/A,	,Mostly Cloudy

6:33 AM,73.9°F,  -,69.1°F,85%,30.04in,7.0mi,Variable,4.6mph,  -,N/A,	,Scattered Clouds

6:51 AM,75.0°F,  -,69.1°F,82%,30.01in,7.0mi,Variable,4.6mph,  -,N/A,	,Mostly Cloudy

7:05 AM,75.0°F,  -,69.1°F,82%,30.04in,6.0mi,Calm,Calm,  -,N/A,	,Haze

7:35 AM,75.0°F,  -,68.0°F,79%,30.04in,6.0mi,WSW,8.1mph,  -,N/A,	,Haze

7:51 AM,75.9°F,  -,69.1°F,79%,30.01in,7.0mi,Variable,3.5mph,  -,N/A,	,Overcast

8:51 AM,75.9°F,  -,68.0°F,76%,30.00in,7.0mi,Variable,5.8mph,  -,N/A,	,Partly Cloudy

9:51 AM,78.1°F,  -,68.0°F,71%,30.00in,5.0mi,Calm,Calm,  -,N/A,	,Haze

10:51 AM,82.0°F,84.9°F,68.0°F,62%,29.98in,7.0mi,Calm,Calm,  -,N/A,	,Clear

11:51 AM,84.9°F,87.6°F,66.9°F,55%,29.96in,7.0mi,North,  -,  -,N/A,	,Clear

12:51 PM,86.0°F,86.8°F,63.0°F,46%,29.95in,8.0mi,Calm,Calm,  -,N/A,	,Clear

1:51 PM,87.1°F,87.5°F,62.1°F,43%,29.93in,9.0mi,Calm,Calm,  -,N/A,	,Clear

2:51 PM,88.0°F,88.4°F,62.1°F,42%,29.91in,9.0mi,Variable,4.6mph,  -,N/A,	,Clear

3:51 PM,84.9°F,85.0°F,61.0°F,44%,29.90in,9.0mi,WSW,8.1mph,  -,N/A,	,Scattered Clouds

4:51 PM,86.0°F,86.3°F,62.1°F,44%,29.88in,9.0mi,SSE,3.5mph,  -,N/A,	,Clear

5:51 PM,81.0°F,83.3°F,66.9°F,62%,29.88in,8.0mi,Variable,6.9mph,  -,N/A,	,Clear

6:51 PM,80.1°F,82.1°F,66.0°F,62%,29.88in,8.0mi,Variable,5.8mph,  -,N/A,	,Clear

7:51 PM,79.0°F,  -,64.9°F,62%,29.88in,10.0mi,Variable,3.5mph,  -,N/A,	,Partly Cloudy

8:51 PM,80.1°F,82.1°F,66.0°F,62%,29.88in,10.0mi,Calm,Calm,  -,N/A,	,Scattered Clouds

9:51 PM,79.0°F,  -,66.0°F,64%,29.89in,10.0mi,North,  -,  -,N/A,	,Scattered Clouds

10:51 PM,79.0°F,  -,66.0°F,64%,29.88in,10.0mi,SW,9.2mph,  -,N/A,	,Clear

11:51 PM,78.1°F,  -,64.9°F,64%,29.87in,10.0mi,Calm,Calm,  -,N/A,	,Clear

