20161024
Time (EDT),Temp.,Dew Point,Humidity,Pressure,Visibility,Wind Dir,Wind Speed,Gust Speed,Precip,Events,Conditions

12:51 AM,55.0°F,43.0°F,64%,29.83in,10.0mi,Variable,6.9mph,  -,N/A,	,Partly Cloudy

1:51 AM,57.9°F,45.0°F,62%,29.80in,10.0mi,WSW,8.1mph,  -,N/A,	,Overcast

2:51 AM,54.0°F,45.0°F,72%,29.78in,10.0mi,Calm,Calm,  -,N/A,	,Overcast

3:51 AM,54.0°F,44.1°F,69%,29.82in,10.0mi,Variable,4.6mph,  -,N/A,	,Overcast

4:51 AM,52.0°F,46.9°F,83%,29.82in,10.0mi,Calm,Calm,  -,0.00in,	,Mostly Cloudy

5:51 AM,51.1°F,46.0°F,83%,29.81in,10.0mi,Calm,Calm,  -,N/A,	,Clear

6:51 AM,51.1°F,46.0°F,83%,29.85in,10.0mi,West,3.5mph,  -,N/A,	,Scattered Clouds

7:51 AM,52.0°F,45.0°F,77%,29.89in,10.0mi,West,3.5mph,  -,N/A,	,Clear

8:51 AM,53.1°F,45.0°F,74%,29.92in,10.0mi,WNW,4.6mph,  -,N/A,	,Clear

9:51 AM,55.0°F,45.0°F,69%,29.93in,10.0mi,WNW,8.1mph,  -,N/A,	,Clear

10:51 AM,57.0°F,42.1°F,57%,29.93in,10.0mi,WNW,8.1mph,19.6mph,N/A,	,Mostly Cloudy

11:51 AM,59.0°F,39.9°F,49%,29.92in,10.0mi,NW,9.2mph,21.9mph,N/A,	,Mostly Cloudy

12:51 PM,61.0°F,37.0°F,41%,29.92in,10.0mi,WNW,10.4mph,25.3mph,N/A,	,Mostly Cloudy

1:51 PM,61.0°F,35.1°F,38%,29.91in,10.0mi,NW,4.6mph,17.3mph,N/A,	,Mostly Cloudy

2:51 PM,61.0°F,33.1°F,35%,29.91in,10.0mi,WNW,12.7mph,20.7mph,N/A,	,Scattered Clouds

3:51 PM,60.1°F,35.1°F,39%,29.92in,10.0mi,NW,9.2mph,18.4mph,N/A,	,Scattered Clouds

4:07 PM,60.1°F,32.0°F,35%,29.95in,10.0mi,NW,9.2mph,23.0mph,N/A,	,Partly Cloudy

4:51 PM,60.1°F,30.9°F,33%,29.95in,10.0mi,WNW,9.2mph,26.5mph,N/A,	,Scattered Clouds

5:51 PM,57.9°F,28.9°F,33%,29.99in,10.0mi,Variable,5.8mph,25.3mph,N/A,	,Partly Cloudy

6:20 PM,55.9°F,28.9°F,36%,30.04in,10.0mi,NW,8.1mph,20.7mph,N/A,	,Partly Cloudy

6:51 PM,54.0°F,37.0°F,53%,30.05in,10.0mi,North,8.1mph,  -,N/A,	,Mostly Cloudy

7:51 PM,52.0°F,33.1°F,49%,30.08in,10.0mi,NNE,8.1mph,  -,N/A,	,Mostly Cloudy

8:51 PM,51.1°F,32.0°F,48%,30.10in,10.0mi,Variable,4.6mph,  -,N/A,	,Clear

9:27 PM,51.1°F,32.0°F,48%,30.13in,10.0mi,NW,10.4mph,26.5mph,N/A,	,Partly Cloudy

9:51 PM,50.0°F,30.9°F,48%,30.12in,10.0mi,WNW,9.2mph,28.8mph,N/A,	,Clear

10:51 PM,48.9°F,30.0°F,48%,30.14in,10.0mi,Variable,4.6mph,  -,N/A,	,Clear

11:51 PM,48.9°F,30.9°F,50%,30.14in,10.0mi,Variable,3.5mph,  -,N/A,	,Clear

