20160526
Time (EDT),Temp.,Heat Index,Dew Point,Humidity,Pressure,Visibility,Wind Dir,Wind Speed,Gust Speed,Precip,Events,Conditions

12:51 AM,75.0°F,  -,46.9°F,37%,30.06in,9.0mi,Variable,4.6mph,  -,N/A,	,Clear

1:51 AM,73.9°F,  -,46.9°F,38%,30.06in,9.0mi,Calm,Calm,  -,N/A,	,Clear

2:51 AM,73.0°F,  -,46.9°F,39%,30.06in,9.0mi,West,4.6mph,  -,N/A,	,Clear

3:51 AM,73.0°F,  -,48.0°F,41%,30.07in,10.0mi,West,3.5mph,  -,N/A,	,Clear

4:51 AM,72.0°F,  -,48.0°F,43%,30.07in,9.0mi,West,3.5mph,  -,N/A,	,Clear

5:51 AM,70.0°F,  -,48.9°F,47%,30.09in,8.0mi,West,3.5mph,  -,N/A,	,Clear

6:51 AM,71.1°F,  -,51.1°F,49%,30.10in,8.0mi,WNW,3.5mph,  -,N/A,	,Clear

7:51 AM,73.9°F,  -,51.1°F,45%,30.11in,8.0mi,Variable,3.5mph,  -,N/A,	,Clear

8:51 AM,75.9°F,  -,50.0°F,40%,30.11in,8.0mi,West,4.6mph,  -,N/A,	,Clear

9:51 AM,78.1°F,  -,51.1°F,39%,30.10in,7.0mi,West,3.5mph,  -,N/A,	,Clear

10:51 AM,82.9°F,  -,52.0°F,34%,30.09in,7.0mi,Calm,Calm,  -,N/A,	,Clear

11:51 AM,86.0°F,84.5°F,55.0°F,35%,30.08in,7.0mi,Variable,3.5mph,  -,N/A,	,Clear

12:51 PM,88.0°F,  -,52.0°F,29%,30.06in,8.0mi,Variable,4.6mph,  -,N/A,	,Clear

1:51 PM,89.1°F,  -,48.0°F,24%,30.04in,8.0mi,Variable,4.6mph,  -,N/A,	,Clear

2:51 PM,88.0°F,  -,51.1°F,28%,30.04in,8.0mi,Calm,Calm,  -,N/A,	,Clear

3:51 PM,87.1°F,  -,52.0°F,30%,30.04in,8.0mi,Variable,3.5mph,  -,N/A,	,Clear

4:51 PM,84.9°F,  -,50.0°F,30%,30.04in,8.0mi,Variable,4.6mph,  -,N/A,	,Clear

5:51 PM,82.9°F,  -,46.9°F,28%,30.03in,8.0mi,Variable,3.5mph,  -,N/A,	,Clear

6:51 PM,82.9°F,  -,44.1°F,25%,30.03in,8.0mi,Variable,6.9mph,  -,N/A,	,Clear

7:51 PM,81.0°F,  -,41.0°F,24%,30.04in,8.0mi,Variable,5.8mph,  -,N/A,	,Clear

8:51 PM,78.1°F,  -,48.9°F,36%,30.04in,10.0mi,Variable,5.8mph,  -,N/A,	,Clear

9:51 PM,75.9°F,  -,50.0°F,40%,30.05in,10.0mi,Variable,3.5mph,  -,N/A,	,Clear

10:51 PM,75.9°F,  -,52.0°F,43%,30.06in,9.0mi,Variable,3.5mph,  -,N/A,	,Clear

11:51 PM,75.9°F,  -,51.1°F,42%,30.05in,9.0mi,Variable,4.6mph,  -,N/A,	,Clear

