20160630
Time (EDT),Temp.,Heat Index,Dew Point,Humidity,Pressure,Visibility,Wind Dir,Wind Speed,Gust Speed,Precip,Events,Conditions

12:51 AM,71.1°F,  -,57.0°F,61%,29.95in,10.0mi,Calm,Calm,  -,N/A,	,Clear

1:51 AM,71.1°F,  -,55.9°F,59%,29.95in,10.0mi,North,  -,  -,N/A,	,Clear

2:51 AM,69.1°F,  -,57.0°F,65%,29.95in,10.0mi,Variable,3.5mph,  -,N/A,	,Clear

3:51 AM,69.1°F,  -,55.9°F,63%,29.96in,10.0mi,WNW,5.8mph,  -,N/A,	,Clear

4:51 AM,68.0°F,  -,57.0°F,68%,29.98in,10.0mi,Calm,Calm,  -,N/A,	,Clear

5:51 AM,68.0°F,  -,57.0°F,68%,29.99in,10.0mi,WNW,3.5mph,  -,N/A,	,Clear

6:51 AM,68.0°F,  -,57.0°F,68%,30.01in,10.0mi,NW,4.6mph,  -,N/A,	,Clear

7:51 AM,70.0°F,  -,57.0°F,63%,30.01in,10.0mi,North,4.6mph,  -,N/A,	,Clear

8:51 AM,72.0°F,  -,57.0°F,59%,30.01in,10.0mi,ENE,4.6mph,  -,N/A,	,Clear

9:51 AM,75.0°F,  -,55.0°F,50%,30.02in,10.0mi,Calm,Calm,  -,N/A,	,Clear

10:51 AM,77.0°F,  -,54.0°F,45%,30.03in,10.0mi,Calm,Calm,  -,N/A,	,Clear

11:51 AM,81.0°F,81.0°F,57.0°F,44%,30.02in,10.0mi,Calm,Calm,  -,N/A,	,Clear

12:51 PM,82.9°F,82.0°F,55.0°F,38%,30.01in,10.0mi,Calm,Calm,  -,N/A,	,Clear

1:51 PM,84.0°F,83.0°F,55.9°F,38%,30.00in,10.0mi,Calm,Calm,  -,N/A,	,Partly Cloudy

2:51 PM,82.9°F,81.8°F,53.1°F,36%,29.99in,10.0mi,Calm,Calm,  -,N/A,	,Mostly Cloudy

3:51 PM,84.0°F,82.6°F,54.0°F,35%,29.98in,10.0mi,Variable,4.6mph,  -,N/A,	,Clear

4:51 PM,84.0°F,82.9°F,55.0°F,37%,29.98in,10.0mi,North,  -,  -,N/A,	,Clear

5:51 PM,81.0°F,81.0°F,57.0°F,44%,29.99in,10.0mi,Variable,4.6mph,  -,N/A,	,Scattered Clouds

6:51 PM,78.1°F,  -,59.0°F,52%,30.00in,10.0mi,Variable,3.5mph,  -,N/A,	,Scattered Clouds

7:51 PM,78.1°F,  -,60.1°F,54%,30.00in,9.0mi,Variable,5.8mph,  -,N/A,	,Partly Cloudy

8:51 PM,77.0°F,  -,61.0°F,58%,30.00in,10.0mi,Variable,3.5mph,  -,N/A,	,Clear

9:51 PM,75.9°F,  -,61.0°F,60%,30.02in,10.0mi,Calm,Calm,  -,N/A,	,Clear

10:51 PM,75.9°F,  -,61.0°F,60%,30.02in,10.0mi,South,4.6mph,  -,N/A,	,Clear

11:51 PM,75.9°F,  -,60.1°F,58%,30.01in,10.0mi,Variable,3.5mph,  -,N/A,	,Clear

