20161116
Time (EST),Temp.,Windchill,Dew Point,Humidity,Pressure,Visibility,Wind Dir,Wind Speed,Gust Speed,Precip,Events,Conditions

12:51 AM,46.9°F,  -,42.1°F,83%,29.74in,10.0mi,Calm,Calm,  -,N/A,	,Overcast

1:40 AM,46.0°F,44.8°F,39.9°F,79%,29.76in,10.0mi,Variable,3.5mph,  -,N/A,	,Mostly Cloudy

1:51 AM,46.0°F,44.8°F,39.9°F,79%,29.74in,10.0mi,West,3.5mph,  -,N/A,	,Scattered Clouds

2:51 AM,46.0°F,42.5°F,39.0°F,76%,29.74in,10.0mi,Variable,6.9mph,  -,N/A,	,Clear

3:51 AM,45.0°F,42.6°F,37.9°F,76%,29.75in,10.0mi,Variable,4.6mph,  -,N/A,	,Clear

4:51 AM,46.0°F,44.8°F,37.9°F,73%,29.74in,10.0mi,Variable,3.5mph,  -,N/A,	,Clear

5:51 AM,46.9°F,  -,37.0°F,68%,29.75in,10.0mi,Variable,4.6mph,  -,N/A,	,Clear

6:51 AM,46.9°F,  -,37.0°F,68%,29.77in,10.0mi,West,5.8mph,  -,N/A,	,Clear

7:51 AM,46.9°F,  -,37.0°F,68%,29.79in,10.0mi,Variable,5.8mph,  -,N/A,	,Clear

8:51 AM,48.9°F,  -,36.0°F,61%,29.79in,10.0mi,Variable,3.5mph,  -,N/A,	,Clear

9:51 AM,51.1°F,  -,35.1°F,54%,29.78in,9.0mi,West,8.1mph,  -,N/A,	,Clear

10:51 AM,54.0°F,  -,34.0°F,47%,29.77in,9.0mi,West,6.9mph,  -,N/A,	,Clear

11:51 AM,57.9°F,  -,35.1°F,42%,29.75in,9.0mi,Variable,4.6mph,  -,N/A,	,Clear

12:51 PM,59.0°F,  -,35.1°F,41%,29.75in,10.0mi,Variable,4.6mph,16.1mph,N/A,	,Clear

1:51 PM,61.0°F,  -,35.1°F,38%,29.75in,10.0mi,Variable,6.9mph,  -,N/A,	,Clear

2:51 PM,61.0°F,  -,36.0°F,39%,29.75in,10.0mi,Variable,3.5mph,  -,N/A,	,Clear

3:51 PM,60.1°F,  -,37.9°F,44%,29.75in,9.0mi,Calm,Calm,  -,N/A,	,Scattered Clouds

4:51 PM,59.0°F,  -,37.0°F,44%,29.77in,9.0mi,North,  -,  -,N/A,	,Clear

5:51 PM,57.9°F,  -,36.0°F,44%,29.79in,10.0mi,Variable,4.6mph,  -,N/A,	,Scattered Clouds

6:51 PM,55.9°F,  -,36.0°F,47%,29.81in,10.0mi,WNW,5.8mph,  -,N/A,	,Clear

7:51 PM,55.0°F,  -,36.0°F,49%,29.83in,10.0mi,Variable,4.6mph,  -,N/A,	,Clear

8:51 PM,54.0°F,  -,37.0°F,53%,29.86in,10.0mi,Variable,3.5mph,  -,N/A,	,Clear

9:51 PM,53.1°F,  -,37.0°F,55%,29.87in,10.0mi,WNW,3.5mph,  -,N/A,	,Clear

10:51 PM,52.0°F,  -,36.0°F,54%,29.88in,10.0mi,Calm,Calm,  -,N/A,	,Clear

11:51 PM,51.1°F,  -,36.0°F,56%,29.89in,10.0mi,Calm,Calm,  -,N/A,	,Clear

