20160219
Time (EST),Temp.,Windchill,Dew Point,Humidity,Pressure,Visibility,Wind Dir,Wind Speed,Gust Speed,Precip,Events,Conditions

12:51 AM,27.0°F,18.0°F,5.0°F,39%,30.53in,10.0mi,North,9.2mph,  -,N/A,	,Clear

1:51 AM,26.1°F,  -,5.0°F,41%,30.55in,10.0mi,North,  -,  -,N/A,	,Clear

2:51 AM,25.0°F,18.1°F,5.0°F,43%,30.53in,10.0mi,NE,5.8mph,  -,N/A,	,Clear

3:51 AM,25.0°F,20.7°F,7.0°F,46%,30.54in,10.0mi,North,3.5mph,  -,N/A,	,Clear

4:51 AM,24.1°F,18.2°F,6.1°F,46%,30.56in,10.0mi,Variable,4.6mph,  -,N/A,	,Clear

5:51 AM,25.0°F,18.1°F,6.1°F,45%,30.57in,10.0mi,NNE,5.8mph,  -,N/A,	,Clear

6:51 AM,25.0°F,18.1°F,7.0°F,46%,30.58in,10.0mi,NNE,5.8mph,  -,N/A,	,Clear

7:51 AM,27.0°F,21.6°F,3.0°F,36%,30.59in,10.0mi,Variable,4.6mph,  -,N/A,	,Clear

8:51 AM,28.9°F,25.2°F,3.9°F,35%,30.60in,10.0mi,Variable,3.5mph,  -,N/A,	,Clear

9:51 AM,30.9°F,25.2°F,6.1°F,35%,30.58in,10.0mi,Variable,5.8mph,  -,N/A,	,Clear

10:51 AM,32.0°F,  -,8.1°F,37%,30.57in,10.0mi,Calm,Calm,  -,N/A,	,Clear

11:51 AM,35.1°F,  -,9.0°F,34%,30.55in,10.0mi,Calm,Calm,  -,N/A,	,Clear

12:51 PM,36.0°F,31.1°F,8.1°F,31%,30.50in,10.0mi,South,5.8mph,  -,N/A,	,Clear

1:51 PM,35.1°F,27.9°F,8.1°F,33%,30.45in,10.0mi,South,9.2mph,  -,N/A,	,Scattered Clouds

2:51 PM,35.1°F,27.9°F,12.9°F,40%,30.43in,10.0mi,South,9.2mph,  -,N/A,	,Scattered Clouds

3:51 PM,35.1°F,  -,18.0°F,50%,30.38in,10.0mi,Calm,Calm,  -,N/A,	,Overcast

4:51 PM,34.0°F,26.6°F,21.0°F,59%,30.35in,10.0mi,South,9.2mph,17.3mph,N/A,	,Mostly Cloudy

5:51 PM,35.1°F,32.2°F,24.1°F,64%,30.32in,10.0mi,Variable,3.5mph,19.6mph,N/A,	,Clear

6:51 PM,36.0°F,29.0°F,25.0°F,64%,30.30in,10.0mi,SSE,9.2mph,  -,N/A,	,Partly Cloudy

7:51 PM,37.0°F,32.4°F,27.0°F,67%,30.29in,10.0mi,SSW,5.8mph,  -,N/A,	,Overcast

8:51 PM,37.9°F,  -,28.0°F,68%,30.27in,10.0mi,Calm,Calm,  -,N/A,	,Overcast

9:51 PM,37.9°F,30.5°F,28.0°F,68%,30.25in,10.0mi,SSW,11.5mph,19.6mph,N/A,	,Mostly Cloudy

10:00 PM,37.9°F,34.4°F,28.9°F,70%,30.27in,10.0mi,Variable,4.6mph,16.1mph,N/A,	,Mostly Cloudy

10:10 PM,37.9°F,35.5°F,28.9°F,70%,30.27in,10.0mi,SW,3.5mph,  -,N/A,	,Mostly Cloudy

10:51 PM,39.0°F,35.7°F,28.9°F,67%,30.24in,10.0mi,Variable,4.6mph,  -,N/A,	,Overcast

11:37 PM,39.0°F,32.8°F,30.0°F,70%,30.22in,10.0mi,South,9.2mph,  -,N/A,	,Overcast

11:51 PM,39.0°F,  -,30.0°F,70%,30.18in,10.0mi,North,  -,  -,N/A,	,Overcast

