20160702
Time (EDT),Temp.,Dew Point,Humidity,Pressure,Visibility,Wind Dir,Wind Speed,Gust Speed,Precip,Events,Conditions

12:51 AM,69.1°F,66.9°F,93%,29.85in,5.0mi,Calm,Calm,  -,N/A,	,Clear

1:41 AM,70.0°F,66.9°F,90%,29.89in,6.0mi,NW,4.6mph,  -,N/A,	,Mostly Cloudy

1:51 AM,69.1°F,66.9°F,93%,29.86in,5.0mi,Variable,3.5mph,  -,N/A,	,Mostly Cloudy

1:58 AM,69.1°F,66.9°F,93%,29.89in,5.0mi,Calm,Calm,  -,N/A,	,Scattered Clouds

2:51 AM,69.1°F,66.0°F,90%,29.86in,4.0mi,WNW,4.6mph,  -,N/A,	,Mostly Cloudy

3:51 AM,68.0°F,64.9°F,90%,29.88in,6.0mi,Calm,Calm,  -,N/A,	,Clear

4:51 AM,64.9°F,59.0°F,81%,29.89in,10.0mi,Variable,5.8mph,  -,N/A,	,Clear

5:51 AM,64.0°F,57.9°F,80%,29.92in,9.0mi,NW,3.5mph,  -,N/A,	,Clear

6:51 AM,64.9°F,55.9°F,73%,29.95in,10.0mi,Variable,6.9mph,  -,N/A,	,Clear

7:51 AM,66.0°F,57.0°F,73%,29.98in,10.0mi,NW,8.1mph,  -,N/A,	,Clear

8:51 AM,68.0°F,54.0°F,61%,29.98in,10.0mi,NW,8.1mph,18.4mph,N/A,	,Mostly Cloudy

9:51 AM,69.1°F,52.0°F,54%,29.98in,10.0mi,WNW,9.2mph,17.3mph,N/A,	,Clear

10:51 AM,71.1°F,51.1°F,49%,29.98in,10.0mi,WNW,8.1mph,  -,N/A,	,Scattered Clouds

11:51 AM,73.0°F,50.0°F,44%,29.99in,10.0mi,NW,9.2mph,21.9mph,N/A,	,Partly Cloudy

12:51 PM,73.0°F,48.0°F,41%,29.99in,10.0mi,NW,8.1mph,17.3mph,N/A,	,Partly Cloudy

1:51 PM,75.0°F,50.0°F,41%,29.99in,10.0mi,Calm,Calm,  -,N/A,	,Mostly Cloudy

2:51 PM,75.0°F,50.0°F,41%,29.99in,10.0mi,North,  -,  -,N/A,	,Partly Cloudy

3:51 PM,75.0°F,48.9°F,40%,29.99in,10.0mi,Calm,Calm,  -,N/A,	,Partly Cloudy

4:51 PM,75.0°F,48.0°F,38%,30.01in,10.0mi,West,11.5mph,20.7mph,N/A,	,Clear

5:51 PM,75.0°F,46.9°F,37%,30.00in,10.0mi,Variable,6.9mph,  -,N/A,	,Clear

6:51 PM,75.0°F,48.9°F,40%,30.02in,10.0mi,West,9.2mph,17.3mph,N/A,	,Clear

7:51 PM,73.9°F,48.9°F,41%,30.03in,10.0mi,WNW,3.5mph,  -,N/A,	,Clear

8:51 PM,73.0°F,48.0°F,41%,30.04in,10.0mi,Variable,6.9mph,  -,N/A,	,Clear

9:51 PM,72.0°F,48.0°F,43%,30.06in,10.0mi,Calm,Calm,  -,N/A,	,Clear

10:51 PM,71.1°F,50.0°F,47%,30.06in,10.0mi,West,3.5mph,  -,N/A,	,Clear

11:51 PM,71.1°F,48.9°F,45%,30.06in,10.0mi,Calm,Calm,  -,N/A,	,Clear

