20160102
Time (EST),Temp.,Windchill,Dew Point,Humidity,Pressure,Visibility,Wind Dir,Wind Speed,Gust Speed,Precip,Events,Conditions

12:51 AM,34.0°F,28.8°F,15.1°F,46%,30.02in,10.0mi,Variable,5.8mph,18.4mph,N/A,	,Mostly Cloudy

1:51 AM,34.0°F,27.2°F,16.0°F,48%,30.02in,10.0mi,West,8.1mph,16.1mph,N/A,	,Clear

2:51 AM,34.0°F,27.2°F,17.1°F,50%,30.04in,10.0mi,WNW,8.1mph,  -,N/A,	,Clear

3:51 AM,34.0°F,24.6°F,17.1°F,50%,30.03in,10.0mi,West,13.8mph,20.7mph,N/A,	,Clear

4:51 AM,33.1°F,24.9°F,18.0°F,54%,30.04in,10.0mi,West,10.4mph,16.1mph,N/A,	,Clear

5:51 AM,33.1°F,25.5°F,18.0°F,54%,30.05in,10.0mi,West,9.2mph,  -,N/A,	,Clear

6:51 AM,33.1°F,  -,18.0°F,54%,30.06in,10.0mi,Calm,Calm,  -,N/A,	,Scattered Clouds

7:51 AM,34.0°F,29.8°F,18.0°F,52%,30.07in,10.0mi,West,4.6mph,  -,N/A,	,Overcast

8:51 AM,34.0°F,28.0°F,17.1°F,50%,30.09in,10.0mi,West,6.9mph,  -,N/A,	,Overcast

9:51 AM,35.1°F,30.1°F,17.1°F,48%,30.10in,10.0mi,Variable,5.8mph,  -,N/A,	,Overcast

10:51 AM,37.0°F,32.4°F,18.0°F,46%,30.08in,10.0mi,Variable,5.8mph,  -,N/A,	,Overcast

11:51 AM,37.0°F,33.3°F,17.1°F,44%,30.05in,10.0mi,Variable,4.6mph,16.1mph,N/A,	,Scattered Clouds

12:51 PM,37.9°F,32.1°F,17.1°F,43%,30.01in,10.0mi,WNW,8.1mph,  -,N/A,	,Scattered Clouds

1:51 PM,39.0°F,33.4°F,18.0°F,43%,29.99in,10.0mi,WSW,8.1mph,  -,N/A,	,Clear

2:51 PM,39.0°F,32.8°F,19.0°F,45%,29.98in,10.0mi,WNW,9.2mph,17.3mph,N/A,	,Clear

3:51 PM,39.9°F,35.1°F,19.0°F,43%,29.99in,10.0mi,WNW,6.9mph,  -,N/A,	,Overcast

4:51 PM,39.0°F,34.0°F,18.0°F,43%,30.00in,10.0mi,Variable,6.9mph,  -,N/A,	,Overcast

5:51 PM,37.0°F,32.4°F,17.1°F,44%,30.01in,10.0mi,NW,5.8mph,17.3mph,N/A,	,Clear

6:51 PM,36.0°F,  -,17.1°F,46%,30.01in,10.0mi,Calm,Calm,  -,N/A,	,Clear

7:51 PM,36.0°F,30.3°F,17.1°F,46%,30.01in,10.0mi,WNW,6.9mph,  -,N/A,	,Clear

8:51 PM,35.1°F,31.0°F,18.0°F,50%,30.00in,10.0mi,WSW,4.6mph,  -,N/A,	,Clear

9:51 PM,36.0°F,  -,18.0°F,48%,29.99in,10.0mi,North,  -,  -,N/A,	,Clear

10:51 PM,35.1°F,29.3°F,19.0°F,52%,29.97in,10.0mi,Variable,6.9mph,  -,N/A,	,Clear

11:51 PM,36.0°F,29.6°F,19.9°F,52%,29.96in,10.0mi,WSW,8.1mph,  -,N/A,	,Clear

