20160106
Time (EST),Temp.,Windchill,Dew Point,Humidity,Pressure,Visibility,Wind Dir,Wind Speed,Gust Speed,Precip,Events,Conditions

12:51 AM,28.0°F,24.2°F,1.0°F,31%,30.58in,10.0mi,WNW,3.5mph,  -,N/A,	,Clear

1:51 AM,27.0°F,  -,3.9°F,37%,30.58in,10.0mi,Calm,Calm,  -,N/A,	,Clear

2:51 AM,26.1°F,  -,5.0°F,41%,30.57in,10.0mi,Calm,Calm,  -,N/A,	,Clear

3:51 AM,26.1°F,21.9°F,7.0°F,44%,30.56in,10.0mi,NW,3.5mph,  -,N/A,	,Clear

4:51 AM,25.0°F,  -,9.0°F,51%,30.56in,10.0mi,Calm,Calm,  -,N/A,	,Clear

5:51 AM,26.1°F,21.9°F,8.1°F,47%,30.57in,10.0mi,WNW,3.5mph,  -,N/A,	,Clear

6:51 AM,26.1°F,  -,8.1°F,47%,30.57in,10.0mi,Calm,Calm,  -,N/A,	,Clear

7:51 AM,27.0°F,  -,6.1°F,41%,30.57in,10.0mi,Calm,Calm,  -,N/A,	,Clear

8:51 AM,30.0°F,26.5°F,3.0°F,32%,30.58in,10.0mi,Variable,3.5mph,  -,N/A,	,Clear

9:51 AM,30.0°F,23.2°F,3.0°F,32%,30.58in,10.0mi,Variable,6.9mph,  -,N/A,	,Clear

10:51 AM,33.1°F,26.9°F,1.9°F,27%,30.57in,10.0mi,WSW,6.9mph,  -,N/A,	,Clear

11:51 AM,36.0°F,  -,1.0°F,23%,30.53in,10.0mi,Calm,Calm,  -,N/A,	,Clear

12:51 PM,37.9°F,  -,1.0°F,21%,30.49in,10.0mi,Calm,Calm,  -,N/A,	,Clear

1:51 PM,39.9°F,36.7°F,-0.0°F,19%,30.46in,10.0mi,Variable,4.6mph,  -,N/A,	,Clear

2:51 PM,39.9°F,36.7°F,-0.9°F,18%,30.45in,10.0mi,WSW,4.6mph,  -,N/A,	,Clear

3:51 PM,39.0°F,36.8°F,1.0°F,20%,30.44in,10.0mi,SSW,3.5mph,  -,N/A,	,Clear

4:51 PM,37.9°F,35.5°F,3.0°F,23%,30.43in,10.0mi,WSW,3.5mph,  -,N/A,	,Clear

5:51 PM,37.9°F,32.1°F,6.1°F,27%,30.43in,10.0mi,SW,8.1mph,  -,N/A,	,Clear

6:51 PM,37.0°F,32.4°F,3.9°F,25%,30.43in,10.0mi,Variable,5.8mph,  -,N/A,	,Clear

7:51 PM,36.0°F,30.3°F,6.1°F,29%,30.44in,10.0mi,WSW,6.9mph,  -,N/A,	,Clear

8:51 PM,37.0°F,30.4°F,3.9°F,25%,30.44in,10.0mi,West,9.2mph,  -,N/A,	,Clear

9:51 PM,36.0°F,31.1°F,5.0°F,27%,30.43in,10.0mi,West,5.8mph,  -,N/A,	,Clear

10:51 PM,35.1°F,30.1°F,9.0°F,34%,30.42in,10.0mi,West,5.8mph,  -,N/A,	,Clear

11:51 PM,34.0°F,  -,6.1°F,31%,30.41in,10.0mi,Calm,Calm,  -,N/A,	,Clear

