20161203
Time (EST),Temp.,Windchill,Dew Point,Humidity,Pressure,Visibility,Wind Dir,Wind Speed,Gust Speed,Precip,Events,Conditions

12:51 AM,44.1°F,40.8°F,28.9°F,55%,29.91in,10.0mi,Variable,5.8mph,  -,N/A,	,Overcast

1:51 AM,44.1°F,38.1°F,30.0°F,58%,29.92in,10.0mi,West,11.5mph,17.3mph,N/A,	,Overcast

2:51 AM,43.0°F,39.5°F,28.0°F,56%,29.94in,10.0mi,Variable,5.8mph,24.2mph,0.00in,	,Overcast

3:51 AM,43.0°F,36.0°F,27.0°F,53%,29.93in,10.0mi,WNW,13.8mph,24.2mph,N/A,	,Partly Cloudy

4:51 AM,42.1°F,37.1°F,26.1°F,53%,29.95in,10.0mi,WNW,8.1mph,  -,N/A,	,Partly Cloudy

5:51 AM,41.0°F,34.7°F,26.1°F,55%,29.96in,10.0mi,NW,10.4mph,17.3mph,N/A,	,Partly Cloudy

6:51 AM,42.1°F,38.4°F,25.0°F,51%,29.99in,10.0mi,WNW,5.8mph,  -,N/A,	,Mostly Cloudy

7:51 AM,42.1°F,39.2°F,25.0°F,51%,30.01in,10.0mi,Variable,4.6mph,18.4mph,N/A,	,Mostly Cloudy

8:51 AM,43.0°F,40.3°F,26.1°F,51%,30.02in,10.0mi,Variable,4.6mph,  -,N/A,	,Overcast

9:51 AM,44.1°F,  -,24.1°F,45%,30.04in,10.0mi,North,  -,  -,N/A,	,Overcast

10:51 AM,44.1°F,38.1°F,24.1°F,45%,30.03in,10.0mi,NW,11.5mph,23.0mph,N/A,	,Mostly Cloudy

11:51 AM,45.0°F,42.6°F,25.0°F,46%,30.03in,10.0mi,Variable,4.6mph,  -,N/A,	,Mostly Cloudy

12:51 PM,46.9°F,  -,25.0°F,42%,30.03in,10.0mi,NW,13.8mph,23.0mph,N/A,	,Mostly Cloudy

1:51 PM,46.9°F,  -,24.1°F,41%,30.02in,10.0mi,NW,13.8mph,26.5mph,N/A,	,Partly Cloudy

2:51 PM,46.0°F,41.0°F,25.0°F,44%,30.03in,10.0mi,WNW,10.4mph,26.5mph,N/A,	,Mostly Cloudy

3:51 PM,45.0°F,  -,25.0°F,46%,30.08in,10.0mi,North,  -,  -,N/A,	,Clear

4:51 PM,45.0°F,39.7°F,26.1°F,48%,30.09in,10.0mi,NW,10.4mph,19.6mph,N/A,	,Mostly Cloudy

5:51 PM,45.0°F,  -,27.0°F,49%,30.10in,10.0mi,North,  -,  -,N/A,	,Mostly Cloudy

6:51 PM,44.1°F,40.8°F,27.0°F,51%,30.11in,10.0mi,NW,5.8mph,  -,N/A,	,Partly Cloudy

7:51 PM,43.0°F,37.7°F,27.0°F,53%,30.11in,10.0mi,NW,9.2mph,  -,N/A,	,Mostly Cloudy

8:51 PM,43.0°F,37.2°F,27.0°F,53%,30.11in,10.0mi,NW,10.4mph,19.6mph,N/A,	,Mostly Cloudy

9:51 PM,43.0°F,36.4°F,26.1°F,51%,30.13in,10.0mi,NW,12.7mph,17.3mph,N/A,	,Overcast

10:51 PM,43.0°F,38.8°F,25.0°F,49%,30.15in,10.0mi,Variable,6.9mph,  -,N/A,	,Overcast

11:51 PM,42.1°F,38.4°F,24.1°F,49%,30.16in,10.0mi,Variable,5.8mph,17.3mph,N/A,	,Overcast

