20160301
Time (EST),Temp.,Windchill,Dew Point,Humidity,Pressure,Visibility,Wind Dir,Wind Speed,Gust Speed,Precip,Events,Conditions

12:51 AM,48.0°F,  -,27.0°F,44%,29.96in,10.0mi,WSW,9.2mph,  -,N/A,	,Clear

1:51 AM,46.0°F,43.1°F,27.0°F,47%,29.97in,10.0mi,Variable,5.8mph,  -,N/A,	,Clear

2:51 AM,46.9°F,  -,27.0°F,46%,29.99in,10.0mi,West,8.1mph,18.4mph,N/A,	,Clear

3:51 AM,46.0°F,43.9°F,27.0°F,47%,30.04in,10.0mi,Variable,4.6mph,  -,N/A,	,Overcast

4:51 AM,42.1°F,40.2°F,27.0°F,55%,30.08in,10.0mi,Variable,3.5mph,  -,N/A,	,Clear

5:51 AM,41.0°F,35.8°F,24.1°F,51%,30.11in,10.0mi,NW,8.1mph,  -,N/A,	,Clear

6:51 AM,39.9°F,37.8°F,21.9°F,49%,30.13in,10.0mi,Variable,3.5mph,  -,N/A,	,Clear

7:51 AM,39.0°F,34.0°F,21.0°F,49%,30.16in,10.0mi,North,6.9mph,  -,N/A,	,Clear

8:51 AM,39.0°F,34.8°F,19.0°F,45%,30.18in,10.0mi,Variable,5.8mph,  -,N/A,	,Scattered Clouds

9:51 AM,42.1°F,36.6°F,15.1°F,34%,30.19in,10.0mi,NE,9.2mph,  -,N/A,	,Clear

10:51 AM,44.1°F,39.5°F,10.9°F,26%,30.16in,10.0mi,ENE,8.1mph,  -,N/A,	,Clear

11:51 AM,46.9°F,  -,14.0°F,27%,30.14in,10.0mi,Variable,4.6mph,  -,N/A,	,Clear

12:51 PM,48.9°F,  -,18.0°F,29%,30.11in,10.0mi,Variable,5.8mph,  -,N/A,	,Clear

1:51 PM,51.1°F,  -,17.1°F,26%,30.09in,10.0mi,South,6.9mph,  -,N/A,	,Clear

2:51 PM,48.0°F,  -,24.1°F,39%,30.06in,10.0mi,South,11.5mph,18.4mph,N/A,	,Clear

3:51 PM,46.9°F,  -,24.1°F,41%,30.03in,10.0mi,South,10.4mph,19.6mph,N/A,	,Clear

4:51 PM,45.0°F,41.8°F,27.0°F,49%,30.01in,10.0mi,Variable,5.8mph,17.3mph,N/A,	,Partly Cloudy

5:51 PM,45.0°F,41.2°F,30.0°F,56%,29.98in,10.0mi,Variable,6.9mph,16.1mph,N/A,	,Mostly Cloudy

6:51 PM,45.0°F,40.1°F,32.0°F,60%,29.95in,10.0mi,SE,9.2mph,  -,N/A,	,Mostly Cloudy

7:51 PM,46.0°F,  -,35.1°F,66%,29.88in,10.0mi,North,  -,  -,N/A,	,Overcast

8:51 PM,48.0°F,  -,37.9°F,68%,29.84in,10.0mi,SE,9.2mph,19.6mph,N/A,	,Mostly Cloudy

9:51 PM,48.9°F,  -,41.0°F,74%,29.77in,10.0mi,SSE,9.2mph,18.4mph,N/A,	,Overcast

10:08 PM,48.9°F,  -,41.0°F,74%,29.77in,10.0mi,Variable,4.6mph,  -,N/A,	,Overcast

10:21 PM,48.9°F,  -,42.1°F,77%,29.76in,10.0mi,Variable,6.9mph,  -,N/A,	,Overcast

10:51 PM,50.0°F,  -,44.1°F,80%,29.70in,10.0mi,Variable,6.9mph,19.6mph,N/A,	,Mostly Cloudy

11:51 PM,52.0°F,  -,45.0°F,77%,29.62in,10.0mi,South,12.7mph,18.4mph,N/A,	,Overcast

