20160801
Time (EDT),Temp.,Dew Point,Humidity,Pressure,Visibility,Wind Dir,Wind Speed,Gust Speed,Precip,Events,Conditions

12:25 AM,71.1°F,69.1°F,93%,30.08in,5.0mi,ENE,6.9mph,  -,0.03in,Rain,Light Rain

12:51 AM,71.1°F,68.0°F,90%,30.04in,3.0mi,NE,8.1mph,  -,0.05in,Rain,Light Rain

1:51 AM,71.1°F,68.0°F,90%,30.03in,8.0mi,East,6.9mph,  -,0.00in,	,Overcast

2:51 AM,70.0°F,68.0°F,93%,30.02in,7.0mi,East,4.6mph,  -,N/A,	,Overcast

3:31 AM,70.0°F,66.9°F,90%,30.05in,9.0mi,North,  -,  -,N/A,	,Overcast

3:51 AM,70.0°F,66.9°F,90%,30.02in,9.0mi,ENE,8.1mph,  -,N/A,	,Overcast

4:18 AM,70.0°F,66.9°F,90%,30.05in,9.0mi,East,8.1mph,  -,N/A,	,Overcast

4:37 AM,70.0°F,66.9°F,90%,30.06in,10.0mi,ENE,10.4mph,  -,N/A,	,Overcast

4:51 AM,70.0°F,66.9°F,90%,30.03in,10.0mi,Variable,6.9mph,  -,N/A,	,Overcast

5:08 AM,70.0°F,66.9°F,90%,30.06in,9.0mi,Calm,Calm,  -,N/A,	,Overcast

5:44 AM,70.0°F,66.9°F,90%,30.07in,10.0mi,Variable,6.9mph,  -,N/A,	,Overcast

5:51 AM,70.0°F,66.0°F,87%,30.05in,10.0mi,ENE,12.7mph,  -,N/A,	,Overcast

6:34 AM,70.0°F,66.0°F,87%,30.08in,9.0mi,East,9.2mph,  -,N/A,	,Overcast

6:51 AM,70.0°F,66.0°F,87%,30.06in,7.0mi,ENE,5.8mph,  -,N/A,	,Overcast

7:51 AM,70.0°F,66.0°F,87%,30.07in,7.0mi,ENE,8.1mph,  -,N/A,	,Overcast

8:20 AM,70.0°F,64.9°F,84%,30.09in,8.0mi,East,8.1mph,  -,N/A,	,Overcast

8:51 AM,70.0°F,64.9°F,84%,30.07in,9.0mi,ENE,9.2mph,  -,N/A,	,Overcast

9:32 AM,71.1°F,64.9°F,81%,30.10in,9.0mi,Variable,6.9mph,  -,N/A,	,Overcast

9:44 AM,72.0°F,64.9°F,78%,30.10in,9.0mi,NE,9.2mph,  -,N/A,	,Overcast

9:51 AM,71.1°F,64.9°F,81%,30.07in,9.0mi,East,5.8mph,  -,N/A,	,Overcast

10:38 AM,72.0°F,64.9°F,78%,30.10in,8.0mi,Variable,5.8mph,  -,N/A,	,Overcast

10:51 AM,73.0°F,66.0°F,79%,30.07in,8.0mi,Variable,4.6mph,  -,N/A,	,Overcast

11:51 AM,73.0°F,64.9°F,76%,30.08in,8.0mi,ENE,8.1mph,  -,N/A,	,Overcast

12:51 PM,73.0°F,66.0°F,79%,30.08in,8.0mi,Variable,4.6mph,  -,N/A,	,Overcast

1:51 PM,77.0°F,66.0°F,69%,30.06in,7.0mi,Variable,3.5mph,  -,N/A,	,Overcast

2:51 PM,78.1°F,66.9°F,68%,30.04in,8.0mi,ENE,6.9mph,  -,N/A,	,Mostly Cloudy

3:19 PM,78.1°F,66.0°F,66%,30.07in,9.0mi,ENE,3.5mph,  -,N/A,	,Mostly Cloudy

3:51 PM,78.1°F,66.0°F,66%,30.03in,9.0mi,Variable,3.5mph,  -,N/A,	,Overcast

4:51 PM,78.1°F,68.0°F,71%,30.01in,8.0mi,Variable,4.6mph,  -,N/A,	,Mostly Cloudy

5:28 PM,78.1°F,68.0°F,71%,30.05in,8.0mi,Variable,3.5mph,  -,N/A,	,Overcast

5:51 PM,75.9°F,68.0°F,76%,30.02in,8.0mi,Calm,Calm,  -,N/A,	,Overcast

6:08 PM,75.0°F,66.9°F,76%,30.05in,8.0mi,Calm,Calm,  -,N/A,	,Overcast

6:51 PM,73.9°F,66.0°F,76%,30.04in,8.0mi,Calm,Calm,  -,N/A,	,Overcast

7:28 PM,73.9°F,66.0°F,76%,30.06in,8.0mi,Variable,4.6mph,  -,N/A,	,Overcast

7:46 PM,73.4°F,66.2°F,78%,30.07in,8.0mi,Variable,3.5mph,  -,N/A,	,Overcast

7:51 PM,73.9°F,64.9°F,73%,30.05in,8.0mi,Calm,Calm,  -,N/A,	,Overcast

8:51 PM,73.9°F,64.0°F,71%,30.07in,10.0mi,Variable,3.5mph,  -,N/A,	,Overcast

9:51 PM,73.9°F,63.0°F,68%,30.08in,10.0mi,Calm,Calm,  -,N/A,	,Overcast

10:51 PM,73.0°F,64.0°F,73%,30.06in,10.0mi,Calm,Calm,  -,N/A,	,Partly Cloudy

11:51 PM,72.0°F,62.1°F,71%,30.06in,10.0mi,Variable,3.5mph,  -,N/A,	,Scattered Clouds

