20160810
Time (EDT),Temp.,Heat Index,Dew Point,Humidity,Pressure,Visibility,Wind Dir,Wind Speed,Gust Speed,Precip,Events,Conditions

12:51 AM,77.0°F,  -,70.0°F,79%,30.21in,10.0mi,Variable,3.5mph,  -,N/A,	,Scattered Clouds

1:51 AM,78.1°F,  -,70.0°F,76%,30.20in,10.0mi,Calm,Calm,  -,N/A,	,Overcast

2:36 AM,75.9°F,  -,71.1°F,85%,30.22in,8.0mi,Calm,Calm,  -,N/A,	,Overcast

2:51 AM,75.9°F,  -,70.0°F,82%,30.19in,10.0mi,Calm,Calm,  -,N/A,	,Overcast

3:51 AM,75.0°F,  -,71.1°F,87%,30.17in,10.0mi,South,4.6mph,  -,0.01in,	,Overcast

4:51 AM,75.9°F,  -,72.0°F,87%,30.17in,10.0mi,Variable,4.6mph,  -,N/A,	,Overcast

5:51 AM,78.1°F,  -,71.1°F,79%,30.18in,10.0mi,Variable,3.5mph,  -,N/A,	,Overcast

6:04 AM,77.0°F,  -,71.1°F,82%,30.20in,10.0mi,Variable,4.6mph,  -,N/A,	,Overcast

6:51 AM,77.0°F,  -,72.0°F,84%,30.18in,9.0mi,North,  -,  -,N/A,	,Mostly Cloudy

7:14 AM,77.0°F,  -,72.0°F,84%,30.21in,9.0mi,North,  -,  -,N/A,	,Mostly Cloudy

7:51 AM,78.1°F,  -,72.0°F,81%,30.18in,9.0mi,North,  -,  -,N/A,	,Overcast

8:51 AM,79.0°F,  -,73.0°F,82%,30.18in,8.0mi,Variable,5.8mph,  -,N/A,	,Overcast

9:51 AM,80.1°F,84.2°F,73.0°F,79%,30.18in,8.0mi,Variable,5.8mph,  -,N/A,	,Mostly Cloudy

10:21 AM,80.1°F,84.2°F,73.0°F,79%,30.20in,8.0mi,Variable,4.6mph,  -,N/A,	,Mostly Cloudy

10:33 AM,81.0°F,85.8°F,73.0°F,77%,30.20in,8.0mi,Variable,4.6mph,  -,N/A,	,Mostly Cloudy

10:51 AM,80.1°F,84.2°F,73.0°F,79%,30.17in,8.0mi,North,  -,  -,N/A,	,Overcast

11:51 AM,82.0°F,87.9°F,73.9°F,76%,30.16in,7.0mi,Variable,4.6mph,  -,N/A,	,Mostly Cloudy

12:13 PM,82.0°F,87.9°F,73.9°F,76%,30.18in,7.0mi,Calm,Calm,  -,N/A,	,Mostly Cloudy

12:51 PM,80.1°F,85.1°F,75.0°F,85%,30.13in,4.0mi,Variable,3.5mph,  -,0.01in,Rain,Light Rain

1:00 PM,79.0°F,  -,75.0°F,88%,30.16in,1.8mi,Variable,5.8mph,  -,0.02in,Rain,Rain

1:23 PM,78.1°F,  -,75.9°F,93%,30.17in,2.5mi,West,4.6mph,  -,0.07in,Rain,Light Rain

1:30 PM,79.0°F,  -,75.9°F,90%,30.17in,4.0mi,North,  -,  -,0.07in,	,Overcast

1:40 PM,81.0°F,88.6°F,78.1°F,91%,30.15in,5.0mi,Variable,4.6mph,  -,0.07in,	,Scattered Clouds

1:51 PM,80.1°F,85.8°F,77.0°F,90%,30.14in,5.0mi,North,  -,  -,0.07in,	,Scattered Clouds

2:51 PM,82.9°F,90.2°F,75.0°F,77%,30.11in,7.0mi,Variable,5.8mph,19.6mph,N/A,	,Partly Cloudy

3:51 PM,84.0°F,92.6°F,75.9°F,76%,30.09in,7.0mi,Variable,3.5mph,  -,N/A,	,Overcast

4:51 PM,84.9°F,93.3°F,75.0°F,72%,30.09in,7.0mi,Variable,3.5mph,  -,N/A,	,Scattered Clouds

5:51 PM,86.0°F,93.0°F,73.0°F,65%,30.09in,8.0mi,North,  -,  -,N/A,	,Mostly Cloudy

6:51 PM,84.9°F,91.4°F,73.0°F,67%,30.09in,8.0mi,Variable,4.6mph,  -,N/A,	,Overcast

7:51 PM,84.9°F,90.7°F,72.0°F,65%,30.08in,9.0mi,Variable,4.6mph,  -,N/A,	,Mostly Cloudy

8:51 PM,86.0°F,92.2°F,72.0°F,63%,30.10in,10.0mi,SW,4.6mph,  -,N/A,	,Overcast

9:51 PM,84.9°F,90.1°F,71.1°F,63%,30.11in,10.0mi,WSW,3.5mph,  -,N/A,	,Mostly Cloudy

10:51 PM,84.0°F,89.6°F,72.0°F,67%,30.11in,10.0mi,WSW,5.8mph,  -,N/A,	,Clear

11:51 PM,84.0°F,89.0°F,71.1°F,65%,30.11in,10.0mi,Variable,4.6mph,  -,N/A,	,Scattered Clouds

