20160401
Time (EDT),Temp.,Dew Point,Humidity,Pressure,Visibility,Wind Dir,Wind Speed,Gust Speed,Precip,Events,Conditions

12:51 AM,64.0°F,55.9°F,75%,29.76in,10.0mi,Variable,4.6mph,  -,N/A,	,Mostly Cloudy

1:51 AM,64.9°F,57.0°F,75%,29.73in,10.0mi,South,6.9mph,19.6mph,N/A,	,Overcast

2:51 AM,66.0°F,57.0°F,73%,29.73in,10.0mi,Variable,5.8mph,18.4mph,N/A,	,Overcast

3:51 AM,66.0°F,57.9°F,75%,29.73in,10.0mi,Variable,4.6mph,  -,N/A,	,Overcast

4:51 AM,66.9°F,57.9°F,73%,29.70in,10.0mi,Variable,6.9mph,19.6mph,N/A,	,Overcast

5:24 AM,66.0°F,57.9°F,75%,29.71in,10.0mi,South,4.6mph,  -,N/A,	,Mostly Cloudy

5:49 AM,64.4°F,55.4°F,73%,29.71in,10.0mi,South,5.8mph,  -,N/A,	,Overcast

5:51 AM,64.0°F,55.9°F,75%,29.68in,10.0mi,SSE,5.8mph,  -,N/A,	,Overcast

1:51 PM,72.0°F,57.9°F,61%,29.53in,10.0mi,Calm,Calm,  -,N/A,	,Scattered Clouds

2:51 PM,75.0°F,57.0°F,53%,29.50in,10.0mi,West,11.5mph,20.7mph,N/A,	,Scattered Clouds

3:51 PM,78.1°F,55.9°F,46%,29.47in,10.0mi,WSW,10.4mph,18.4mph,N/A,	,Clear

4:51 PM,78.1°F,55.0°F,45%,29.46in,10.0mi,SW,8.1mph,18.4mph,N/A,	,Partly Cloudy

5:51 PM,77.0°F,54.0°F,45%,29.47in,10.0mi,Variable,6.9mph,  -,N/A,	,Partly Cloudy

6:51 PM,71.1°F,55.9°F,59%,29.50in,8.0mi,Calm,Calm,  -,0.00in,Rain,Light Rain

7:51 PM,66.0°F,57.9°F,75%,29.54in,10.0mi,West,3.5mph,  -,0.01in,	,Mostly Cloudy

8:51 PM,69.1°F,57.0°F,65%,29.57in,10.0mi,Variable,4.6mph,  -,N/A,	,Overcast

9:51 PM,69.1°F,55.9°F,63%,29.59in,10.0mi,West,3.5mph,  -,N/A,	,Scattered Clouds

10:51 PM,69.8°F,50.0°F,49%,29.62in,10.0mi,North,  -,  -,N/A,	,Mostly Cloudy

11:51 PM,62.1°F,43.0°F,50%,29.64in,10.0mi,Calm,Calm,  -,N/A,	,Mostly Cloudy

