20160303
Time (EST),Temp.,Windchill,Dew Point,Humidity,Pressure,Visibility,Wind Dir,Wind Speed,Gust Speed,Precip,Events,Conditions

12:51 AM,28.0°F,24.2°F,7.0°F,41%,30.14in,10.0mi,Variable,3.5mph,  -,N/A,	,Clear

1:51 AM,28.0°F,20.0°F,7.0°F,41%,30.14in,10.0mi,NW,8.1mph,16.1mph,N/A,	,Clear

2:51 AM,27.0°F,19.5°F,7.0°F,43%,30.15in,10.0mi,Variable,6.9mph,  -,N/A,	,Clear

3:51 AM,26.1°F,16.2°F,7.0°F,44%,30.16in,10.0mi,NW,10.4mph,17.3mph,N/A,	,Clear

4:51 AM,26.1°F,16.8°F,6.1°F,43%,30.19in,10.0mi,NW,9.2mph,18.4mph,N/A,	,Clear

5:51 AM,26.1°F,18.4°F,6.1°F,43%,30.19in,10.0mi,Variable,6.9mph,16.1mph,N/A,	,Clear

6:51 AM,26.1°F,19.4°F,5.0°F,41%,30.23in,10.0mi,Variable,5.8mph,  -,N/A,	,Clear

7:51 AM,26.1°F,15.0°F,5.0°F,41%,30.25in,10.0mi,WNW,12.7mph,21.9mph,N/A,	,Clear

8:51 AM,26.1°F,16.8°F,5.0°F,41%,30.26in,10.0mi,NW,9.2mph,19.6mph,N/A,	,Clear

9:51 AM,28.0°F,22.8°F,3.9°F,36%,30.26in,10.0mi,Variable,4.6mph,  -,N/A,	,Clear

10:51 AM,30.9°F,  -,3.9°F,32%,30.26in,10.0mi,North,  -,  -,N/A,	,Clear

11:51 AM,32.0°F,26.4°F,3.9°F,31%,30.25in,10.0mi,WSW,5.8mph,  -,N/A,	,Clear

12:51 PM,34.0°F,31.0°F,3.0°F,27%,30.23in,10.0mi,North,3.5mph,  -,N/A,	,Clear

1:51 PM,34.0°F,31.0°F,3.0°F,27%,30.22in,10.0mi,Variable,3.5mph,  -,N/A,	,Clear

2:51 PM,34.0°F,31.0°F,3.0°F,27%,30.21in,10.0mi,Variable,3.5mph,  -,N/A,	,Clear

3:51 PM,35.1°F,28.6°F,3.0°F,26%,30.20in,10.0mi,West,8.1mph,  -,N/A,	,Clear

4:51 PM,35.1°F,  -,5.0°F,28%,30.20in,10.0mi,Calm,Calm,  -,N/A,	,Clear

5:51 PM,34.0°F,31.0°F,5.0°F,30%,30.21in,10.0mi,Variable,3.5mph,  -,N/A,	,Scattered Clouds

6:51 PM,35.1°F,29.3°F,7.0°F,31%,30.23in,10.0mi,West,6.9mph,  -,N/A,	,Scattered Clouds

7:51 PM,35.1°F,30.1°F,6.1°F,30%,30.21in,10.0mi,West,5.8mph,  -,N/A,	,Overcast

8:51 PM,34.0°F,31.0°F,15.1°F,46%,30.23in,10.0mi,Variable,3.5mph,  -,N/A,	,Overcast

9:51 PM,34.0°F,31.0°F,16.0°F,48%,30.23in,10.0mi,Variable,3.5mph,  -,N/A,	,Overcast

10:51 PM,34.0°F,28.0°F,15.1°F,46%,30.21in,10.0mi,South,6.9mph,  -,N/A,	,Overcast

11:51 PM,35.1°F,32.2°F,17.1°F,48%,30.19in,10.0mi,Variable,3.5mph,  -,N/A,	,Overcast

