20161118
Time (EST),Temp.,Windchill,Dew Point,Humidity,Pressure,Visibility,Wind Dir,Wind Speed,Gust Speed,Precip,Events,Conditions

12:51 AM,48.0°F,  -,37.0°F,66%,30.09in,10.0mi,Calm,Calm,  -,N/A,	,Clear

1:51 AM,48.9°F,  -,37.9°F,66%,30.09in,10.0mi,North,6.9mph,  -,N/A,	,Clear

2:51 AM,46.9°F,  -,37.9°F,71%,30.11in,10.0mi,Variable,3.5mph,  -,N/A,	,Clear

3:51 AM,46.0°F,  -,37.9°F,73%,30.11in,10.0mi,Calm,Calm,  -,N/A,	,Clear

4:51 AM,46.0°F,  -,37.9°F,73%,30.12in,10.0mi,Calm,Calm,  -,N/A,	,Clear

5:51 AM,44.1°F,41.5°F,37.0°F,76%,30.14in,10.0mi,WNW,4.6mph,  -,N/A,	,Clear

6:51 AM,44.1°F,  -,37.0°F,76%,30.14in,10.0mi,Calm,Calm,  -,N/A,	,Clear

7:51 AM,45.0°F,42.6°F,37.0°F,74%,30.14in,9.0mi,Variable,4.6mph,  -,N/A,	,Clear

8:51 AM,46.9°F,  -,37.0°F,68%,30.14in,10.0mi,Variable,3.5mph,  -,N/A,	,Clear

9:51 AM,48.9°F,  -,37.0°F,64%,30.14in,10.0mi,WNW,4.6mph,  -,N/A,	,Clear

10:51 AM,54.0°F,  -,37.9°F,55%,30.12in,10.0mi,Calm,Calm,  -,N/A,	,Clear

11:51 AM,57.9°F,  -,37.9°F,47%,30.09in,10.0mi,Variable,3.5mph,  -,N/A,	,Clear

12:51 PM,61.0°F,  -,37.9°F,42%,30.07in,10.0mi,Variable,4.6mph,  -,N/A,	,Clear

2:51 PM,63.0°F,  -,36.0°F,37%,30.05in,10.0mi,Calm,Calm,  -,N/A,	,Clear

3:51 PM,64.0°F,  -,36.0°F,35%,30.05in,10.0mi,Calm,Calm,  -,N/A,	,Clear

4:51 PM,59.0°F,  -,37.9°F,46%,30.05in,10.0mi,Calm,Calm,  -,N/A,	,Clear

5:51 PM,59.0°F,  -,36.0°F,42%,30.05in,10.0mi,NW,3.5mph,  -,N/A,	,Clear

6:51 PM,59.0°F,  -,37.9°F,46%,30.04in,10.0mi,WNW,3.5mph,  -,N/A,	,Clear

7:51 PM,61.0°F,  -,33.1°F,35%,30.05in,10.0mi,WNW,4.6mph,  -,N/A,	,Clear

8:51 PM,57.9°F,  -,34.0°F,41%,30.04in,10.0mi,WNW,3.5mph,  -,N/A,	,Clear

9:51 PM,55.9°F,  -,36.0°F,47%,30.05in,10.0mi,Calm,Calm,  -,N/A,	,Clear

10:51 PM,55.0°F,  -,35.1°F,47%,30.05in,10.0mi,NE,3.5mph,  -,N/A,	,Clear

11:51 PM,54.0°F,  -,37.0°F,53%,30.04in,10.0mi,Calm,Calm,  -,N/A,	,Clear

