20160223
Time (EST),Temp.,Windchill,Dew Point,Humidity,Pressure,Visibility,Wind Dir,Wind Speed,Gust Speed,Precip,Events,Conditions

12:51 AM,37.9°F,31.5°F,12.9°F,36%,30.27in,10.0mi,ENE,9.2mph,17.3mph,N/A,	,Clear

1:51 AM,37.0°F,28.5°F,12.0°F,36%,30.27in,10.0mi,ENE,13.8mph,19.6mph,N/A,	,Clear

2:51 AM,36.0°F,28.0°F,14.0°F,41%,30.27in,10.0mi,ENE,11.5mph,17.3mph,N/A,	,Clear

3:51 AM,36.0°F,28.0°F,21.9°F,57%,30.27in,10.0mi,East,11.5mph,  -,N/A,	,Clear

4:51 AM,36.0°F,27.5°F,27.0°F,70%,30.28in,10.0mi,ENE,12.7mph,17.3mph,N/A,	,Clear

5:51 AM,37.0°F,29.8°F,28.9°F,73%,30.28in,10.0mi,ENE,10.4mph,  -,N/A,	,Scattered Clouds

6:03 AM,37.0°F,29.3°F,30.0°F,76%,30.31in,10.0mi,ENE,11.5mph,20.7mph,N/A,	,Mostly Cloudy

6:16 AM,37.0°F,31.0°F,30.9°F,79%,30.31in,10.0mi,ENE,8.1mph,18.4mph,N/A,	,Mostly Cloudy

6:51 AM,37.9°F,30.9°F,32.0°F,79%,30.30in,10.0mi,East,10.4mph,19.6mph,N/A,	,Overcast

7:42 AM,39.0°F,32.3°F,33.1°F,79%,30.32in,10.0mi,ENE,10.4mph,17.3mph,N/A,	,Overcast

7:51 AM,39.0°F,31.0°F,33.1°F,79%,30.30in,10.0mi,ENE,13.8mph,18.4mph,N/A,	,Overcast

8:36 AM,39.0°F,31.4°F,32.0°F,76%,30.33in,10.0mi,ENE,12.7mph,20.7mph,N/A,	,Overcast

8:51 AM,39.0°F,31.8°F,32.0°F,76%,30.31in,10.0mi,ENE,11.5mph,18.4mph,N/A,	,Overcast

9:51 AM,39.0°F,31.8°F,30.9°F,73%,30.31in,10.0mi,ENE,11.5mph,18.4mph,N/A,	,Overcast

10:51 AM,37.9°F,29.6°F,28.9°F,70%,30.30in,10.0mi,ENE,13.8mph,25.3mph,N/A,	,Overcast

11:51 AM,37.0°F,28.5°F,30.0°F,76%,30.29in,7.0mi,ENE,13.8mph,24.2mph,N/A,	,Overcast

12:51 PM,37.0°F,28.5°F,32.0°F,82%,30.25in,6.0mi,East,13.8mph,21.9mph,0.01in,	,Overcast

1:28 PM,37.0°F,27.7°F,32.0°F,82%,30.26in,6.0mi,ENE,16.1mph,27.6mph,0.01in,	,Overcast

1:51 PM,37.0°F,29.3°F,32.0°F,82%,30.25in,6.0mi,ENE,11.5mph,27.6mph,0.02in,	,Overcast

2:23 PM,36.0°F,27.5°F,32.0°F,86%,30.26in,4.0mi,ENE,12.7mph,27.6mph,0.01in,	,Overcast

2:51 PM,36.0°F,24.7°F,32.0°F,86%,30.24in,5.0mi,ENE,21.9mph,33.4mph,0.01in,	,Overcast

3:51 PM,36.0°F,25.3°F,32.0°F,86%,30.25in,4.0mi,ENE,19.6mph,34.5mph,0.03in,	,Overcast

4:51 PM,36.0°F,25.6°F,32.0°F,86%,30.25in,4.0mi,ENE,18.4mph,29.9mph,0.00in,	,Overcast

5:51 PM,35.1°F,24.5°F,32.0°F,89%,30.24in,5.0mi,ENE,18.4mph,25.3mph,0.02in,	,Overcast

6:51 PM,35.1°F,23.8°F,30.9°F,85%,30.25in,5.0mi,ENE,20.7mph,29.9mph,0.01in,	,Overcast

7:51 PM,35.1°F,24.1°F,32.0°F,89%,30.23in,5.0mi,ENE,19.6mph,27.6mph,0.01in,	,Overcast

8:18 PM,35.1°F,25.2°F,32.0°F,89%,30.26in,2.5mi,East,16.1mph,32.2mph,0.04in,Rain,Light Rain

8:31 PM,35.1°F,25.5°F,32.0°F,89%,30.25in,3.0mi,ENE,15.0mph,27.6mph,0.06in,Rain,Light Rain

8:51 PM,35.1°F,25.5°F,32.0°F,89%,30.23in,4.0mi,ENE,15.0mph,31.1mph,0.08in,	,Overcast

9:39 PM,35.1°F,25.5°F,30.9°F,85%,30.25in,2.5mi,ENE,15.0mph,32.2mph,0.04in,Rain,Light Rain

9:49 PM,35.6°F,27.1°F,30.2°F,81%,30.24in,3.0mi,ENE,12.7mph,29.9mph,0.04in,	,Overcast

9:51 PM,35.1°F,25.2°F,30.9°F,85%,30.22in,3.0mi,ENE,16.1mph,29.9mph,0.05in,	,Overcast

10:05 PM,35.1°F,25.2°F,30.9°F,85%,30.24in,2.5mi,East,16.1mph,27.6mph,0.01in,Rain,Light Rain

10:15 PM,35.1°F,26.9°F,32.0°F,89%,30.24in,4.0mi,ENE,11.5mph,25.3mph,0.02in,	,Overcast

10:51 PM,35.1°F,25.9°F,32.0°F,89%,30.19in,2.5mi,ENE,13.8mph,28.8mph,0.02in,	,Overcast

11:13 PM,35.1°F,24.8°F,32.0°F,89%,30.20in,3.0mi,ENE,17.3mph,35.7mph,0.01in,	,Overcast

11:24 PM,35.1°F,25.2°F,32.0°F,89%,30.20in,2.5mi,ENE,16.1mph,28.8mph,0.02in,	,Overcast

11:51 PM,36.0°F,26.0°F,32.0°F,86%,30.17in,2.5mi,ENE,17.3mph,26.5mph,0.04in,	,Overcast

