20160107
Time (EST),Temp.,Windchill,Dew Point,Humidity,Pressure,Visibility,Wind Dir,Wind Speed,Gust Speed,Precip,Events,Conditions

12:51 AM,35.1°F,29.3°F,3.9°F,27%,30.38in,10.0mi,West,6.9mph,  -,N/A,	,Clear

1:51 AM,34.0°F,28.8°F,5.0°F,30%,30.37in,10.0mi,West,5.8mph,  -,N/A,	,Clear

2:51 AM,33.1°F,  -,5.0°F,31%,30.36in,10.0mi,Calm,Calm,  -,N/A,	,Clear

3:51 AM,33.1°F,  -,6.1°F,32%,30.35in,10.0mi,Calm,Calm,  -,N/A,	,Clear

4:51 AM,32.0°F,27.5°F,9.0°F,38%,30.35in,10.0mi,West,4.6mph,  -,N/A,	,Clear

5:51 AM,32.0°F,26.4°F,8.1°F,37%,30.35in,10.0mi,WNW,5.8mph,  -,N/A,	,Partly Cloudy

6:51 AM,30.9°F,27.5°F,7.0°F,37%,30.34in,10.0mi,Variable,3.5mph,  -,N/A,	,Partly Cloudy

7:51 AM,32.0°F,  -,9.0°F,38%,30.34in,10.0mi,Calm,Calm,  -,N/A,	,Clear

8:51 AM,35.1°F,32.2°F,7.0°F,31%,30.34in,10.0mi,Variable,3.5mph,  -,N/A,	,Mostly Cloudy

9:51 AM,37.9°F,  -,5.0°F,25%,30.33in,10.0mi,Calm,Calm,  -,N/A,	,Partly Cloudy

10:51 AM,42.1°F,40.2°F,6.1°F,23%,30.31in,10.0mi,ENE,3.5mph,  -,N/A,	,Clear

11:51 AM,42.1°F,  -,8.1°F,25%,30.28in,10.0mi,Calm,Calm,  -,N/A,	,Mostly Cloudy

12:51 PM,44.1°F,42.5°F,10.0°F,25%,30.25in,10.0mi,West,3.5mph,  -,N/A,	,Overcast

1:00 PM,45.0°F,43.5°F,9.0°F,23%,30.27in,10.0mi,Variable,3.5mph,  -,N/A,	,Overcast

1:33 PM,45.0°F,43.5°F,10.0°F,24%,30.25in,10.0mi,WNW,3.5mph,  -,N/A,	,Mostly Cloudy

1:51 PM,45.0°F,  -,10.0°F,24%,30.24in,10.0mi,Calm,Calm,  -,N/A,	,Overcast

2:51 PM,45.0°F,  -,9.0°F,23%,30.23in,10.0mi,Calm,Calm,  -,N/A,	,Overcast

3:23 PM,46.0°F,  -,15.1°F,29%,30.25in,10.0mi,Calm,Calm,  -,N/A,	,Overcast

3:44 PM,45.0°F,  -,12.9°F,27%,30.25in,10.0mi,Calm,Calm,  -,N/A,	,Overcast

3:51 PM,46.0°F,  -,12.9°F,26%,30.23in,10.0mi,Calm,Calm,  -,N/A,	,Overcast

4:51 PM,45.0°F,43.5°F,18.0°F,34%,30.23in,10.0mi,WNW,3.5mph,  -,N/A,	,Clear

5:51 PM,45.0°F,43.5°F,21.9°F,40%,30.25in,10.0mi,West,3.5mph,  -,N/A,	,Overcast

6:51 PM,44.1°F,41.5°F,18.0°F,35%,30.24in,10.0mi,WNW,4.6mph,  -,N/A,	,Mostly Cloudy

7:51 PM,42.1°F,  -,19.0°F,40%,30.23in,10.0mi,Calm,Calm,  -,N/A,	,Clear

8:51 PM,42.1°F,40.2°F,19.0°F,40%,30.22in,10.0mi,WNW,3.5mph,  -,N/A,	,Clear

9:51 PM,42.1°F,40.2°F,19.0°F,40%,30.21in,10.0mi,NW,3.5mph,  -,N/A,	,Clear

10:51 PM,39.0°F,36.8°F,19.9°F,46%,30.20in,10.0mi,ENE,3.5mph,  -,N/A,	,Clear

11:51 PM,39.2°F,  -,17.6°F,42%,		-,  -,North,  -,  -,N/A,	,Unknown

