20160814
Time (EDT),Temp.,Heat Index,Dew Point,Humidity,Pressure,Visibility,Wind Dir,Wind Speed,Gust Speed,Precip,Events,Conditions

12:51 AM,86.0°F,88.8°F,66.9°F,53%,29.92in,10.0mi,Calm,Calm,  -,N/A,	,Overcast

1:51 AM,84.0°F,88.4°F,70.0°F,63%,29.91in,10.0mi,Calm,Calm,  -,N/A,	,Mostly Cloudy

2:51 AM,82.9°F,86.5°F,69.1°F,63%,29.90in,10.0mi,Calm,Calm,  -,N/A,	,Scattered Clouds

3:51 AM,82.9°F,86.5°F,69.1°F,63%,29.88in,10.0mi,Calm,Calm,  -,N/A,	,Clear

4:51 AM,82.9°F,87.0°F,70.0°F,65%,29.88in,10.0mi,Calm,Calm,  -,N/A,	,Clear

5:51 AM,82.9°F,88.0°F,72.0°F,69%,29.90in,10.0mi,Variable,3.5mph,  -,N/A,	,Clear

6:51 AM,82.9°F,88.8°F,73.0°F,72%,29.92in,8.0mi,West,4.6mph,  -,N/A,	,Clear

7:51 AM,82.9°F,88.8°F,73.0°F,72%,29.93in,8.0mi,Variable,3.5mph,  -,N/A,	,Clear

8:51 AM,84.9°F,90.7°F,72.0°F,65%,29.95in,9.0mi,WNW,8.1mph,  -,N/A,	,Clear

9:51 AM,86.0°F,92.2°F,72.0°F,63%,29.95in,9.0mi,Variable,4.6mph,  -,N/A,	,Mostly Cloudy

10:51 AM,89.1°F,96.0°F,72.0°F,57%,29.96in,9.0mi,WNW,9.2mph,  -,N/A,	,Clear

11:51 AM,91.9°F,99.5°F,72.0°F,52%,29.96in,9.0mi,Variable,3.5mph,  -,N/A,	,Clear

12:51 PM,93.0°F,100.7°F,72.0°F,50%,29.95in,9.0mi,West,8.1mph,  -,N/A,	,Scattered Clouds

1:51 PM,91.9°F,100.7°F,73.0°F,54%,29.95in,9.0mi,North,  -,  -,N/A,	,Scattered Clouds

2:51 PM,93.9°F,102.1°F,72.0°F,49%,29.94in,8.0mi,Variable,6.9mph,  -,N/A,	,Partly Cloudy

3:51 PM,93.0°F,101.9°F,73.0°F,52%,29.92in,8.0mi,North,  -,  -,N/A,	,Partly Cloudy

4:51 PM,91.0°F,100.4°F,73.9°F,57%,29.94in,8.0mi,Variable,5.8mph,  -,N/A,	,Scattered Clouds

5:51 PM,93.0°F,100.1°F,71.1°F,49%,29.94in,8.0mi,West,9.2mph,  -,N/A,	,Partly Cloudy

6:51 PM,91.0°F,97.6°F,71.1°F,52%,29.96in,8.0mi,West,6.9mph,  -,N/A,	,Clear

7:31 PM,86.0°F,93.0°F,73.0°F,65%,30.04in,1.2mi,North,  -,  -,0.00in,Rain,Heavy Rain

7:43 PM,79.0°F,  -,75.0°F,88%,30.03in,4.0mi,Variable,3.5mph,17.3mph,0.06in,Rain,Light Rain

7:51 PM,79.0°F,  -,75.0°F,88%,30.01in,9.0mi,Calm,Calm,  -,0.06in,	,Mostly Cloudy

8:51 PM,78.1°F,  -,75.0°F,90%,30.01in,9.0mi,Calm,Calm,  -,N/A,	,Clear

9:51 PM,78.1°F,  -,73.9°F,87%,30.02in,10.0mi,Calm,Calm,  -,N/A,	,Clear

10:51 PM,79.0°F,  -,72.0°F,79%,30.02in,10.0mi,West,4.6mph,  -,N/A,	,Clear

11:51 PM,80.1°F,83.6°F,71.1°F,74%,30.05in,10.0mi,Calm,Calm,  -,N/A,	,Clear

