20161208
Time (EST),Temp.,Windchill,Dew Point,Humidity,Pressure,Visibility,Wind Dir,Wind Speed,Gust Speed,Precip,Events,Conditions

12:51 AM,42.1°F,40.2°F,30.9°F,65%,30.00in,10.0mi,Variable,3.5mph,  -,N/A,	,Clear

1:51 AM,42.1°F,38.4°F,30.0°F,62%,29.99in,10.0mi,West,5.8mph,  -,N/A,	,Clear

2:51 AM,41.0°F,38.0°F,30.9°F,67%,30.00in,10.0mi,Variable,4.6mph,  -,N/A,	,Clear

3:51 AM,41.0°F,  -,28.9°F,62%,29.99in,10.0mi,Calm,Calm,  -,N/A,	,Clear

4:51 AM,41.0°F,38.0°F,28.9°F,62%,29.97in,10.0mi,Variable,4.6mph,  -,N/A,	,Partly Cloudy

5:51 AM,41.0°F,39.0°F,28.0°F,60%,29.98in,10.0mi,Variable,3.5mph,  -,N/A,	,Scattered Clouds

6:51 AM,39.9°F,36.7°F,28.0°F,63%,29.98in,10.0mi,WNW,4.6mph,  -,N/A,	,Partly Cloudy

7:51 AM,39.9°F,37.8°F,28.0°F,63%,29.98in,9.0mi,West,3.5mph,  -,N/A,	,Overcast

9:51 AM,44.6°F,  -,26.6°F,49%,		-,  -,North,  -,  -,N/A,	,Unknown

10:51 AM,44.6°F,  -,23.0°F,43%,		-,  -,North,  -,  -,N/A,	,Unknown

11:51 AM,44.6°F,  -,21.2°F,39%,		-,  -,North,  -,  -,N/A,	,Unknown

12:51 PM,44.6°F,  -,21.2°F,39%,		-,  -,North,  -,  -,N/A,	,Unknown

1:51 PM,44.6°F,  -,21.2°F,39%,		-,  -,North,  -,  -,N/A,	,Unknown

2:51 PM,44.6°F,  -,21.2°F,39%,		-,  -,North,  -,  -,N/A,	,Unknown

3:51 PM,44.6°F,  -,17.6°F,34%,		-,  -,North,  -,  -,N/A,	,Unknown

4:51 PM,42.8°F,  -,17.6°F,36%,		-,  -,North,  -,  -,N/A,	,Unknown

5:51 PM,42.8°F,  -,19.4°F,39%,		-,  -,North,  -,  -,N/A,	,Unknown

6:51 PM,41.0°F,  -,19.4°F,42%,		-,  -,North,  -,  -,N/A,	,Unknown

7:51 PM,39.2°F,  -,17.6°F,42%,		-,  -,North,  -,  -,N/A,	,Unknown

8:51 PM,37.4°F,  -,17.6°F,45%,		-,  -,North,  -,  -,N/A,	,Unknown

9:51 PM,37.4°F,  -,15.8°F,41%,		-,  -,North,  -,  -,N/A,	,Unknown

10:51 PM,35.6°F,  -,15.8°F,44%,		-,  -,North,  -,  -,N/A,	,Unknown

11:51 PM,35.6°F,  -,15.8°F,44%,		-,  -,North,  -,  -,N/A,	,Unknown

