20161124
Time (EST),Temp.,Windchill,Dew Point,Humidity,Pressure,Visibility,Wind Dir,Wind Speed,Gust Speed,Precip,Events,Conditions

12:51 AM,39.9°F,36.7°F,23.0°F,51%,30.30in,10.0mi,Variable,4.6mph,  -,N/A,	,Mostly Cloudy

1:51 AM,39.9°F,  -,26.1°F,58%,30.32in,10.0mi,Calm,Calm,  -,N/A,	,Overcast

2:51 AM,39.9°F,37.8°F,27.0°F,60%,30.30in,10.0mi,Variable,3.5mph,  -,N/A,	,Overcast

3:51 AM,39.9°F,35.8°F,27.0°F,60%,30.29in,10.0mi,Variable,5.8mph,  -,N/A,	,Mostly Cloudy

4:51 AM,39.9°F,36.7°F,27.0°F,60%,30.30in,10.0mi,South,4.6mph,  -,N/A,	,Partly Cloudy

5:51 AM,39.9°F,35.8°F,27.0°F,60%,30.30in,10.0mi,Variable,5.8mph,  -,N/A,	,Clear

6:51 AM,39.9°F,35.8°F,28.0°F,63%,30.29in,10.0mi,Variable,5.8mph,  -,N/A,	,Clear

7:51 AM,41.0°F,38.0°F,28.9°F,62%,30.30in,10.0mi,Variable,4.6mph,  -,N/A,	,Clear

8:51 AM,42.1°F,38.4°F,30.9°F,65%,30.29in,10.0mi,ENE,5.8mph,  -,N/A,	,Mostly Cloudy

9:51 AM,45.0°F,40.6°F,34.0°F,65%,30.28in,10.0mi,ESE,8.1mph,  -,N/A,	,Partly Cloudy

10:51 AM,46.0°F,42.5°F,34.0°F,63%,30.27in,10.0mi,ENE,6.9mph,  -,N/A,	,Overcast

11:51 AM,46.9°F,  -,35.1°F,63%,30.24in,10.0mi,ENE,4.6mph,  -,N/A,	,Overcast

12:51 PM,48.0°F,  -,37.9°F,68%,30.21in,10.0mi,East,6.9mph,  -,0.00in,	,Overcast

1:51 PM,46.9°F,  -,37.9°F,71%,30.19in,10.0mi,Variable,6.9mph,  -,N/A,	,Overcast

2:51 PM,46.9°F,  -,39.9°F,77%,30.19in,10.0mi,East,8.1mph,  -,N/A,	,Overcast

3:51 PM,48.0°F,  -,39.9°F,74%,30.19in,10.0mi,ENE,6.9mph,  -,N/A,	,Overcast

4:51 PM,48.0°F,  -,41.0°F,77%,30.19in,10.0mi,East,4.6mph,  -,0.00in,	,Overcast

5:51 PM,46.9°F,  -,43.0°F,86%,30.20in,9.0mi,Calm,Calm,  -,0.03in,	,Overcast

6:51 PM,46.9°F,  -,44.1°F,90%,30.22in,10.0mi,NE,3.5mph,  -,N/A,	,Overcast

7:51 PM,46.9°F,  -,43.0°F,86%,30.21in,9.0mi,Calm,Calm,  -,N/A,	,Overcast

8:51 PM,46.9°F,  -,44.1°F,90%,30.21in,9.0mi,NNE,4.6mph,  -,N/A,	,Overcast

9:51 PM,48.0°F,  -,43.0°F,83%,30.21in,9.0mi,NE,3.5mph,  -,N/A,	,Overcast

10:51 PM,46.9°F,  -,43.0°F,86%,30.22in,8.0mi,Calm,Calm,  -,N/A,	,Overcast

11:48 PM,46.4°F,44.3°F,42.8°F,87%,30.25in,7.0mi,North,4.6mph,  -,N/A,	,Overcast

11:51 PM,46.0°F,44.8°F,42.1°F,86%,30.22in,7.0mi,Variable,3.5mph,  -,N/A,	,Overcast

