20161105
Time (EDT),Temp.,Windchill,Dew Point,Humidity,Pressure,Visibility,Wind Dir,Wind Speed,Gust Speed,Precip,Events,Conditions

12:51 AM,48.0°F,  -,26.1°F,42%,30.24in,10.0mi,Variable,3.5mph,  -,N/A,	,Clear

1:51 AM,46.9°F,  -,27.0°F,46%,30.24in,10.0mi,Calm,Calm,  -,N/A,	,Clear

2:51 AM,46.0°F,44.8°F,28.0°F,50%,30.24in,10.0mi,Variable,3.5mph,  -,N/A,	,Clear

3:51 AM,44.1°F,  -,30.0°F,58%,30.22in,10.0mi,Calm,Calm,  -,N/A,	,Clear

4:51 AM,46.0°F,  -,30.0°F,54%,30.22in,10.0mi,Calm,Calm,  -,N/A,	,Mostly Cloudy

5:51 AM,45.0°F,  -,30.9°F,58%,30.23in,10.0mi,North,  -,  -,N/A,	,Clear

6:51 AM,44.1°F,  -,32.0°F,63%,30.22in,10.0mi,Calm,Calm,  -,N/A,	,Clear

7:51 AM,45.0°F,  -,32.0°F,60%,30.24in,10.0mi,Calm,Calm,  -,N/A,	,Clear

8:51 AM,46.9°F,  -,34.0°F,61%,30.23in,10.0mi,Variable,5.8mph,  -,N/A,	,Clear

9:51 AM,48.9°F,  -,34.0°F,56%,30.23in,10.0mi,Calm,Calm,  -,N/A,	,Clear

10:51 AM,51.1°F,  -,36.0°F,56%,30.22in,10.0mi,Variable,3.5mph,  -,N/A,	,Clear

11:51 AM,55.0°F,  -,37.9°F,53%,30.22in,10.0mi,North,  -,  -,N/A,	,Clear

12:51 PM,57.9°F,  -,39.9°F,51%,30.19in,10.0mi,WNW,8.1mph,  -,N/A,	,Mostly Cloudy

1:51 PM,60.1°F,  -,39.9°F,47%,30.16in,10.0mi,Variable,3.5mph,  -,N/A,	,Partly Cloudy

2:51 PM,60.1°F,  -,41.0°F,49%,30.14in,10.0mi,WNW,6.9mph,  -,N/A,	,Clear

3:51 PM,61.0°F,  -,39.9°F,46%,30.15in,10.0mi,NW,8.1mph,  -,N/A,	,Clear

4:51 PM,61.0°F,  -,41.0°F,48%,30.15in,10.0mi,Variable,3.5mph,  -,N/A,	,Clear

5:51 PM,60.1°F,  -,39.9°F,47%,30.15in,10.0mi,Variable,5.8mph,  -,N/A,	,Clear

6:51 PM,59.0°F,  -,39.9°F,49%,30.16in,10.0mi,WNW,5.8mph,  -,N/A,	,Clear

7:51 PM,57.9°F,  -,41.0°F,53%,30.16in,10.0mi,Variable,4.6mph,  -,N/A,	,Clear

8:51 PM,55.9°F,  -,41.0°F,57%,30.15in,10.0mi,Calm,Calm,  -,N/A,	,Clear

9:51 PM,55.0°F,  -,41.0°F,59%,30.16in,10.0mi,West,3.5mph,  -,N/A,	,Clear

10:51 PM,55.9°F,  -,41.0°F,57%,30.14in,10.0mi,West,3.5mph,  -,N/A,	,Clear

11:51 PM,55.9°F,  -,42.1°F,60%,30.13in,10.0mi,Calm,Calm,  -,N/A,	,Clear

