20160811
Time (EDT),Temp.,Heat Index,Dew Point,Humidity,Pressure,Visibility,Wind Dir,Wind Speed,Gust Speed,Precip,Events,Conditions

12:51 AM,82.9°F,87.5°F,71.1°F,67%,30.10in,9.0mi,Variable,4.6mph,  -,N/A,	,Overcast

1:51 AM,82.0°F,86.3°F,71.1°F,69%,30.08in,9.0mi,Variable,3.5mph,  -,N/A,	,Clear

2:51 AM,81.0°F,85.2°F,72.0°F,74%,30.08in,9.0mi,Variable,5.8mph,  -,N/A,	,Clear

3:51 AM,80.1°F,84.2°F,73.0°F,79%,30.07in,9.0mi,Variable,4.6mph,  -,N/A,	,Clear

4:51 AM,80.1°F,84.2°F,73.0°F,79%,30.08in,9.0mi,Variable,4.6mph,  -,N/A,	,Partly Cloudy

5:51 AM,80.1°F,84.2°F,73.0°F,79%,30.09in,9.0mi,North,  -,  -,N/A,	,Mostly Cloudy

6:51 AM,80.1°F,84.2°F,73.0°F,79%,30.10in,8.0mi,Variable,4.6mph,  -,N/A,	,Partly Cloudy

7:51 AM,81.0°F,86.2°F,73.9°F,79%,30.09in,7.0mi,Variable,4.6mph,  -,N/A,	,Mostly Cloudy

8:51 AM,82.0°F,87.9°F,73.9°F,76%,30.10in,7.0mi,Variable,5.8mph,  -,N/A,	,Clear

9:51 AM,82.9°F,89.4°F,73.9°F,74%,30.09in,7.0mi,Variable,5.8mph,  -,N/A,	,Clear

10:51 AM,84.9°F,92.1°F,73.9°F,69%,30.08in,7.0mi,Calm,Calm,  -,N/A,	,Clear

11:51 AM,91.0°F,100.4°F,73.9°F,57%,30.07in,8.0mi,Variable,3.5mph,  -,N/A,	,Clear

12:51 PM,90.0°F,99.0°F,73.9°F,59%,30.05in,8.0mi,WSW,5.8mph,  -,N/A,	,Partly Cloudy

1:51 PM,89.1°F,99.1°F,75.0°F,63%,30.03in,7.0mi,Variable,4.6mph,  -,N/A,	,Mostly Cloudy

2:51 PM,89.1°F,99.1°F,75.0°F,63%,30.01in,7.0mi,Variable,4.6mph,  -,N/A,	,Mostly Cloudy

3:51 PM,90.0°F,100.2°F,75.0°F,61%,30.00in,7.0mi,Variable,3.5mph,  -,N/A,	,Mostly Cloudy

4:51 PM,89.1°F,98.0°F,73.9°F,61%,29.98in,8.0mi,North,  -,  -,N/A,	,Mostly Cloudy

5:51 PM,88.0°F,97.5°F,75.0°F,65%,29.97in,8.0mi,West,9.2mph,  -,N/A,	,Mostly Cloudy

6:32 PM,80.1°F,85.4°F,75.9°F,87%,30.00in,2.0mi,Variable,5.8mph,  -,0.03in,Rain,Light Rain

6:40 PM,80.1°F,85.8°F,77.0°F,90%,30.00in,5.0mi,Variable,3.5mph,  -,0.03in,	,Partly Cloudy

6:51 PM,80.1°F,85.8°F,77.0°F,90%,29.98in,6.0mi,Variable,3.5mph,  -,0.03in,	,Partly Cloudy

7:51 PM,82.0°F,87.9°F,73.9°F,76%,30.00in,8.0mi,WSW,10.4mph,  -,N/A,	,Clear

8:51 PM,82.9°F,87.5°F,71.1°F,67%,30.00in,10.0mi,West,3.5mph,  -,N/A,	,Clear

9:51 PM,82.9°F,87.5°F,71.1°F,67%,30.01in,10.0mi,Calm,Calm,  -,N/A,	,Scattered Clouds

10:51 PM,82.9°F,87.5°F,71.1°F,67%,29.99in,10.0mi,Calm,Calm,  -,N/A,	,Clear

11:51 PM,82.9°F,88.0°F,72.0°F,69%,29.99in,10.0mi,Variable,3.5mph,  -,N/A,	,Partly Cloudy

