20160916
Time (EDT),Temp.,Dew Point,Humidity,Pressure,Visibility,Wind Dir,Wind Speed,Gust Speed,Precip,Events,Conditions

12:51 AM,64.0°F,54.0°F,70%,30.29in,10.0mi,Variable,3.5mph,  -,N/A,	,Clear

1:51 AM,63.0°F,54.0°F,72%,30.30in,10.0mi,Calm,Calm,  -,N/A,	,Clear

2:51 AM,63.0°F,54.0°F,72%,30.29in,10.0mi,Calm,Calm,  -,N/A,	,Mostly Cloudy

3:51 AM,63.0°F,53.1°F,70%,30.28in,10.0mi,Calm,Calm,  -,N/A,	,Partly Cloudy

4:51 AM,62.1°F,53.1°F,72%,30.29in,10.0mi,Calm,Calm,  -,N/A,	,Clear

5:51 AM,62.1°F,53.1°F,72%,30.30in,10.0mi,Calm,Calm,  -,N/A,	,Overcast

6:51 AM,62.1°F,53.1°F,72%,30.30in,10.0mi,Calm,Calm,  -,N/A,	,Scattered Clouds

7:51 AM,64.0°F,54.0°F,70%,30.31in,10.0mi,Variable,3.5mph,  -,N/A,	,Overcast

8:51 AM,66.9°F,54.0°F,63%,30.32in,10.0mi,Variable,4.6mph,  -,N/A,	,Mostly Cloudy

9:51 AM,68.0°F,51.1°F,55%,30.34in,10.0mi,SE,6.9mph,  -,N/A,	,Partly Cloudy

10:51 AM,68.0°F,52.0°F,56%,30.34in,10.0mi,Variable,4.6mph,  -,N/A,	,Scattered Clouds

11:51 AM,70.0°F,52.0°F,53%,30.33in,10.0mi,Variable,3.5mph,  -,N/A,	,Mostly Cloudy

12:51 PM,69.1°F,53.1°F,57%,30.32in,10.0mi,Calm,Calm,  -,N/A,	,Scattered Clouds

1:51 PM,71.1°F,52.0°F,51%,30.30in,10.0mi,Calm,Calm,  -,N/A,	,Overcast

2:51 PM,73.0°F,53.1°F,49%,30.29in,10.0mi,Variable,4.6mph,  -,N/A,	,Overcast

3:51 PM,72.0°F,51.1°F,48%,30.28in,10.0mi,Calm,Calm,  -,N/A,	,Clear

4:51 PM,69.1°F,51.1°F,53%,30.27in,10.0mi,Variable,3.5mph,  -,N/A,	,Clear

5:51 PM,68.0°F,51.1°F,55%,30.27in,10.0mi,Variable,5.8mph,  -,N/A,	,Clear

6:51 PM,66.0°F,52.0°F,60%,30.27in,10.0mi,Variable,4.6mph,  -,N/A,	,Clear

7:51 PM,64.9°F,52.0°F,63%,30.27in,10.0mi,Variable,5.8mph,  -,N/A,	,Clear

8:51 PM,64.0°F,52.0°F,65%,30.30in,10.0mi,South,3.5mph,  -,N/A,	,Clear

9:51 PM,64.0°F,53.1°F,67%,30.30in,10.0mi,Variable,4.6mph,  -,N/A,	,Clear

10:51 PM,63.0°F,52.0°F,67%,30.29in,10.0mi,South,5.8mph,  -,N/A,	,Clear

11:51 PM,62.1°F,52.0°F,70%,30.29in,10.0mi,Calm,Calm,  -,N/A,	,Clear

