20160805
Time (EDT),Temp.,Heat Index,Dew Point,Humidity,Pressure,Visibility,Wind Dir,Wind Speed,Gust Speed,Precip,Events,Conditions

12:51 AM,70.0°F,  -,59.0°F,68%,30.09in,10.0mi,Variable,4.6mph,  -,N/A,	,Clear

1:51 AM,70.0°F,  -,59.0°F,68%,30.08in,10.0mi,Variable,3.5mph,  -,N/A,	,Clear

2:51 AM,70.0°F,  -,59.0°F,68%,30.06in,10.0mi,Variable,4.6mph,  -,N/A,	,Clear

3:51 AM,69.1°F,  -,59.0°F,70%,30.06in,10.0mi,Calm,Calm,  -,N/A,	,Clear

4:51 AM,69.1°F,  -,59.0°F,70%,30.05in,10.0mi,Variable,3.5mph,  -,N/A,	,Scattered Clouds

5:51 AM,69.1°F,  -,59.0°F,70%,30.06in,10.0mi,West,3.5mph,  -,N/A,	,Clear

6:51 AM,69.1°F,  -,59.0°F,70%,30.07in,9.0mi,WSW,3.5mph,  -,N/A,	,Mostly Cloudy

7:51 AM,71.1°F,  -,60.1°F,68%,30.06in,9.0mi,Variable,4.6mph,  -,N/A,	,Clear

8:51 AM,73.0°F,  -,61.0°F,66%,30.06in,9.0mi,Variable,4.6mph,  -,N/A,	,Clear

9:51 AM,75.0°F,  -,61.0°F,62%,30.04in,9.0mi,Variable,4.6mph,  -,N/A,	,Clear

10:51 AM,78.1°F,  -,62.1°F,58%,30.02in,9.0mi,Calm,Calm,  -,N/A,	,Clear

11:51 AM,80.1°F,81.5°F,63.0°F,56%,30.01in,8.0mi,Variable,3.5mph,  -,N/A,	,Partly Cloudy

12:51 PM,82.0°F,83.8°F,64.9°F,56%,29.99in,8.0mi,Variable,4.6mph,  -,N/A,	,Clear

1:51 PM,82.0°F,83.4°F,64.0°F,54%,29.98in,8.0mi,Variable,4.6mph,  -,N/A,	,Clear

2:51 PM,82.0°F,84.1°F,66.0°F,58%,29.96in,8.0mi,Variable,4.6mph,  -,N/A,	,Mostly Cloudy

3:51 PM,79.0°F,  -,64.0°F,60%,29.95in,8.0mi,South,8.1mph,  -,N/A,	,Overcast

4:51 PM,77.0°F,  -,63.0°F,62%,29.93in,9.0mi,Variable,5.8mph,  -,N/A,	,Mostly Cloudy

5:51 PM,79.0°F,  -,64.0°F,60%,29.90in,9.0mi,South,5.8mph,  -,N/A,	,Clear

6:51 PM,78.1°F,  -,63.0°F,60%,29.89in,9.0mi,Variable,4.6mph,  -,N/A,	,Mostly Cloudy

7:51 PM,78.1°F,  -,63.0°F,60%,29.89in,9.0mi,Variable,3.5mph,  -,N/A,	,Overcast

8:51 PM,77.0°F,  -,64.0°F,64%,29.88in,10.0mi,Calm,Calm,  -,N/A,	,Mostly Cloudy

9:51 PM,77.0°F,  -,63.0°F,62%,29.88in,10.0mi,North,  -,  -,N/A,	,Clear

10:51 PM,75.9°F,  -,63.0°F,64%,29.87in,10.0mi,Calm,Calm,  -,N/A,	,Clear

11:51 PM,75.9°F,  -,61.0°F,60%,29.87in,10.0mi,Variable,4.6mph,  -,N/A,	,Clear

