20160307
Time (EST),Temp.,Windchill,Dew Point,Humidity,Pressure,Visibility,Wind Dir,Wind Speed,Gust Speed,Precip,Events,Conditions

12:51 AM,37.9°F,  -,21.9°F,53%,30.28in,10.0mi,Calm,Calm,  -,N/A,	,Clear

1:51 AM,37.9°F,31.5°F,24.1°F,57%,30.28in,10.0mi,West,9.2mph,  -,N/A,	,Clear

2:51 AM,37.0°F,32.4°F,25.0°F,62%,30.27in,10.0mi,West,5.8mph,  -,N/A,	,Clear

3:51 AM,37.0°F,32.4°F,25.0°F,62%,30.26in,10.0mi,Variable,5.8mph,17.3mph,N/A,	,Clear

4:51 AM,39.0°F,32.8°F,24.1°F,55%,30.25in,10.0mi,SW,9.2mph,  -,N/A,	,Clear

5:51 AM,36.0°F,28.0°F,26.1°F,67%,30.27in,9.0mi,WSW,11.5mph,  -,N/A,	,Clear

6:51 AM,37.0°F,31.6°F,26.1°F,65%,30.27in,7.0mi,Variable,6.9mph,  -,N/A,	,Clear

7:51 AM,37.9°F,33.5°F,28.0°F,68%,30.27in,5.0mi,Variable,5.8mph,  -,N/A,	,Haze

8:51 AM,39.9°F,33.9°F,28.9°F,65%,30.26in,5.0mi,SW,9.2mph,  -,N/A,	,Haze

9:51 AM,44.1°F,  -,30.0°F,58%,30.23in,6.0mi,North,  -,  -,N/A,	,Haze

10:51 AM,46.9°F,  -,30.0°F,52%,30.19in,7.0mi,West,13.8mph,24.2mph,N/A,	,Clear

11:51 AM,50.0°F,  -,30.9°F,48%,30.15in,8.0mi,SW,8.1mph,19.6mph,N/A,	,Clear

12:51 PM,53.1°F,  -,30.9°F,43%,30.09in,8.0mi,WSW,15.0mph,29.9mph,N/A,	,Clear

1:51 PM,55.9°F,  -,32.0°F,40%,30.04in,10.0mi,Variable,3.5mph,17.3mph,N/A,	,Clear

2:51 PM,57.9°F,  -,32.0°F,37%,30.01in,10.0mi,West,8.1mph,  -,N/A,	,Clear

3:51 PM,60.1°F,  -,33.1°F,36%,30.00in,10.0mi,Variable,6.9mph,19.6mph,N/A,	,Clear

4:51 PM,60.1°F,  -,33.1°F,36%,29.97in,10.0mi,West,11.5mph,18.4mph,N/A,	,Clear

5:51 PM,60.1°F,  -,33.1°F,36%,29.99in,10.0mi,WSW,11.5mph,19.6mph,N/A,	,Clear

6:51 PM,59.0°F,  -,33.1°F,38%,30.01in,10.0mi,WSW,9.2mph,  -,N/A,	,Clear

7:51 PM,57.0°F,  -,34.0°F,42%,30.04in,10.0mi,Variable,5.8mph,  -,N/A,	,Clear

8:51 PM,55.9°F,  -,34.0°F,44%,30.05in,10.0mi,WSW,6.9mph,  -,N/A,	,Clear

9:51 PM,55.0°F,  -,34.0°F,45%,30.05in,10.0mi,Variable,5.8mph,  -,N/A,	,Clear

10:51 PM,55.0°F,  -,35.1°F,47%,30.05in,10.0mi,West,8.1mph,  -,N/A,	,Clear

11:51 PM,54.0°F,  -,34.0°F,47%,30.04in,10.0mi,West,4.6mph,  -,N/A,	,Clear

