20160112
Time (EST),Temp.,Windchill,Dew Point,Humidity,Pressure,Visibility,Wind Dir,Wind Speed,Gust Speed,Precip,Events,Conditions

12:51 AM,25.0°F,18.1°F,3.0°F,39%,30.09in,10.0mi,Variable,5.8mph,  -,N/A,	,Clear

1:51 AM,25.0°F,  -,1.9°F,37%,30.10in,10.0mi,Calm,Calm,  -,N/A,	,Clear

2:51 AM,25.0°F,  -,3.0°F,39%,30.10in,10.0mi,Calm,Calm,  -,N/A,	,Clear

3:51 AM,26.1°F,19.4°F,3.9°F,39%,30.09in,10.0mi,West,5.8mph,  -,N/A,	,Clear

4:51 AM,26.1°F,20.5°F,6.1°F,43%,30.08in,10.0mi,Variable,4.6mph,  -,N/A,	,Clear

5:51 AM,26.1°F,  -,6.1°F,43%,30.06in,10.0mi,Calm,Calm,  -,N/A,	,Clear

6:51 AM,27.0°F,  -,6.1°F,41%,30.03in,10.0mi,Calm,Calm,  -,N/A,	,Clear

7:51 AM,28.0°F,  -,9.0°F,45%,30.00in,10.0mi,Calm,Calm,  -,N/A,	,Mostly Cloudy

8:51 AM,28.9°F,  -,10.9°F,47%,29.99in,10.0mi,Calm,Calm,  -,N/A,	,Clear

9:51 AM,33.1°F,26.9°F,14.0°F,46%,29.95in,10.0mi,SSE,6.9mph,  -,N/A,	,Clear

10:51 AM,37.9°F,  -,19.0°F,47%,29.91in,10.0mi,Calm,Calm,  -,N/A,	,Overcast

11:51 AM,39.9°F,35.8°F,16.0°F,38%,29.84in,10.0mi,Variable,5.8mph,23.0mph,N/A,	,Overcast

12:51 PM,42.1°F,36.1°F,18.0°F,38%,29.77in,10.0mi,South,10.4mph,19.6mph,N/A,	,Overcast

1:51 PM,43.0°F,38.2°F,19.0°F,38%,29.70in,10.0mi,SSE,8.1mph,  -,N/A,	,Overcast

2:51 PM,44.1°F,39.5°F,16.0°F,32%,29.67in,10.0mi,SW,8.1mph,  -,N/A,	,Overcast

3:51 PM,43.0°F,36.8°F,21.0°F,42%,29.67in,10.0mi,SSW,11.5mph,27.6mph,N/A,	,Overcast

4:51 PM,37.0°F,30.4°F,28.9°F,73%,29.69in,10.0mi,West,9.2mph,24.2mph,N/A,	,Overcast

5:51 PM,36.0°F,32.1°F,28.0°F,73%,29.66in,10.0mi,WSW,4.6mph,  -,N/A,	,Mostly Cloudy

6:51 PM,37.0°F,  -,28.0°F,70%,29.65in,10.0mi,North,  -,  -,N/A,	,Partly Cloudy

7:51 PM,37.9°F,33.5°F,27.0°F,65%,29.64in,10.0mi,Variable,5.8mph,  -,N/A,	,Partly Cloudy

8:51 PM,37.0°F,31.6°F,25.0°F,62%,29.66in,10.0mi,Variable,6.9mph,20.7mph,N/A,	,Overcast

9:51 PM,33.1°F,22.6°F,19.0°F,56%,29.68in,10.0mi,West,16.1mph,29.9mph,0.00in,	,Mostly Cloudy

10:51 PM,32.0°F,19.8°F,18.0°F,56%,29.69in,10.0mi,West,20.7mph,31.1mph,N/A,	,Scattered Clouds

11:51 PM,30.0°F,21.1°F,10.0°F,43%,29.73in,10.0mi,WNW,10.4mph,23.0mph,N/A,	,Mostly Cloudy

