20160705
Time (EDT),Temp.,Heat Index,Dew Point,Humidity,Pressure,Visibility,Wind Dir,Wind Speed,Gust Speed,Precip,Events,Conditions

12:01 AM,69.1°F,  -,66.9°F,93%,29.94in,2.0mi,Calm,Calm,  -,0.02in,Rain,Light Rain

12:14 AM,69.1°F,  -,66.9°F,93%,29.93in,1.5mi,SSE,3.5mph,  -,0.05in,Rain,Rain

12:51 AM,69.1°F,  -,66.9°F,93%,29.88in,1.2mi,SSE,3.5mph,  -,0.24in,Rain,Heavy Rain

1:17 AM,69.1°F,  -,68.0°F,96%,29.89in,2.5mi,Variable,3.5mph,  -,0.06in,Rain,Light Rain

1:36 AM,70.0°F,  -,68.0°F,93%,29.88in,2.5mi,Variable,3.5mph,  -,0.08in,Rain,Light Rain

1:51 AM,70.0°F,  -,68.0°F,93%,29.84in,2.0mi,Calm,Calm,  -,0.09in,Rain,Rain

2:33 AM,71.1°F,  -,69.1°F,93%,29.85in,5.0mi,Calm,Calm,  -,0.03in,	,Overcast

2:47 AM,71.6°F,  -,69.8°F,94%,29.85in,1.5mi,SW,3.5mph,  -,0.05in,Rain,Heavy Rain

2:51 AM,71.1°F,  -,69.1°F,93%,29.81in,1.0mi,Calm,Calm,  -,0.07in,Rain,Heavy Rain

3:02 AM,71.1°F,  -,69.1°F,93%,29.84in,1.8mi,Calm,Calm,  -,0.12in,Rain,Light Rain

3:07 AM,71.1°F,  -,69.1°F,93%,29.84in,0.8mi,Variable,3.5mph,  -,0.15in,Rain,Heavy Rain

3:14 AM,71.1°F,  -,69.1°F,93%,29.84in,0.5mi,Variable,4.6mph,  -,0.27in,Fog,	,

Rain,Heavy Rain,3:28 AM,71.1°F,  -,69.1°F,93%,29.84in,1.8mi,Calm,Calm,  -,0.41in

Rain,Light Rain,3:37 AM,71.1°F,  -,69.1°F,93%,29.83in,1.0mi,Calm,Calm,  -,0.46in

Rain,Heavy Rain,3:48 AM,71.6°F,  -,69.8°F,94%,29.83in,3.0mi,Calm,Calm,  -,0.50in

Rain,Light Rain,3:51 AM,71.1°F,  -,69.1°F,93%,29.81in,3.0mi,Calm,Calm,  -,0.50in

Rain,Light Rain,4:00 AM,71.1°F,  -,69.1°F,93%,29.83in,4.0mi,Calm,Calm,  -,0.01in

Rain,Light Rain,4:39 AM,71.1°F,  -,69.1°F,93%,29.82in,7.0mi,Calm,Calm,  -,0.01in

	,Overcast,4:48 AM,71.6°F,  -,69.8°F,94%,29.82in,7.0mi,Calm,Calm,  -,0.01in

Rain,Light Rain,4:51 AM,71.1°F,  -,69.1°F,93%,29.79in,7.0mi,Calm,Calm,  -,0.01in

Rain,Light Rain,5:13 AM,71.1°F,  -,69.1°F,93%,29.82in,7.0mi,Calm,Calm,  -,0.01in

Rain,Light Rain,5:28 AM,71.1°F,  -,69.1°F,93%,29.82in,7.0mi,Calm,Calm,  -,0.01in

Rain,Light Rain,5:51 AM,71.1°F,  -,69.1°F,93%,29.79in,6.0mi,Calm,Calm,  -,0.02in

	,Overcast,6:49 AM,71.6°F,  -,69.8°F,94%,29.80in,5.0mi,Calm,Calm,  -,N/A

	,Overcast,6:51 AM,71.1°F,  -,69.1°F,93%,29.78in,5.0mi,Calm,Calm,  -,N/A

	,Overcast,7:07 AM,71.1°F,  -,69.1°F,93%,29.81in,4.0mi,West,3.5mph,  -,N/A

	,Overcast,7:14 AM,71.1°F,  -,69.1°F,93%,29.80in,5.0mi,Calm,Calm,  -,N/A

	,Overcast,7:51 AM,71.1°F,  -,69.1°F,93%,29.77in,6.0mi,Calm,Calm,  -,N/A

	,Overcast,8:30 AM,72.0°F,  -,70.0°F,93%,29.80in,5.0mi,Calm,Calm,  -,N/A

	,Overcast,8:44 AM,72.0°F,  -,69.1°F,91%,29.80in,5.0mi,Variable,3.5mph,  -,N/A

	,Overcast,8:51 AM,72.0°F,  -,69.1°F,91%,29.77in,6.0mi,Variable,5.8mph,  -,N/A

	,Overcast,9:51 AM,75.0°F,  -,69.1°F,82%,29.77in,9.0mi,Variable,3.5mph,  -,N/A

	,Overcast,10:51 AM,75.0°F,  -,69.1°F,82%,29.78in,10.0mi,North,  -,  -,N/A

	,Overcast,11:36 AM,78.1°F,  -,70.0°F,76%,29.81in,10.0mi,North,4.6mph,  -,N/A

	,Overcast,11:51 AM,77.0°F,  -,69.1°F,76%,29.78in,10.0mi,Variable,3.5mph,  -,N/A

	,Overcast,12:51 PM,78.1°F,  -,68.0°F,71%,29.78in,10.0mi,WNW,5.8mph,  -,N/A

	,Overcast,1:51 PM,82.9°F,85.8°F,68.0°F,60%,29.78in,10.0mi,Variable,6.9mph,  -,N/A

	,Scattered Clouds,2:51 PM,81.0°F,83.8°F,68.0°F,65%,29.78in,10.0mi,WNW,3.5mph,  -,N/A

	,Mostly Cloudy,3:51 PM,84.0°F,87.0°F,68.0°F,58%,29.78in,10.0mi,Variable,5.8mph,  -,N/A

	,Mostly Cloudy,4:51 PM,86.0°F,88.2°F,66.0°F,51%,29.76in,10.0mi,Variable,3.5mph,16.1mph,N/A

	,Partly Cloudy,5:51 PM,84.9°F,86.6°F,64.9°F,51%,29.77in,10.0mi,WNW,6.9mph,  -,N/A

	,Clear,6:51 PM,84.9°F,87.1°F,66.0°F,53%,29.77in,10.0mi,Variable,4.6mph,  -,N/A

	,Clear,7:51 PM,82.9°F,85.0°F,66.0°F,56%,29.78in,10.0mi,Variable,4.6mph,  -,N/A

	,Clear,8:51 PM,82.9°F,85.4°F,66.9°F,58%,29.79in,10.0mi,Calm,Calm,  -,N/A

	,Clear,9:51 PM,82.9°F,85.4°F,66.9°F,58%,29.81in,10.0mi,Variable,4.6mph,  -,N/A

	,Clear,10:51 PM,82.0°F,84.5°F,66.9°F,60%,29.83in,10.0mi,Variable,4.6mph,  -,N/A

	,Clear,11:51 PM,81.0°F,83.0°F,66.0°F,60%,29.84in,10.0mi,North,  -,  -,N/A

