20160126
Time (EST),Temp.,Windchill,Dew Point,Humidity,Pressure,Visibility,Wind Dir,Wind Speed,Gust Speed,Precip,Events,Conditions

12:51 AM,39.9°F,  -,27.0°F,60%,30.19in,10.0mi,Calm,Calm,  -,N/A,	,Clear

1:51 AM,39.0°F,35.7°F,27.0°F,62%,30.19in,10.0mi,WSW,4.6mph,  -,N/A,	,Clear

2:51 AM,39.0°F,  -,26.1°F,60%,30.16in,10.0mi,North,  -,  -,N/A,	,Clear

3:51 AM,39.0°F,36.8°F,25.0°F,57%,30.14in,10.0mi,Variable,3.5mph,  -,N/A,	,Clear

4:51 AM,39.0°F,34.8°F,25.0°F,57%,30.13in,10.0mi,WSW,5.8mph,  -,N/A,	,Clear

5:51 AM,39.9°F,37.8°F,25.0°F,55%,30.11in,10.0mi,SW,3.5mph,  -,N/A,	,Clear

6:51 AM,39.0°F,34.0°F,26.1°F,60%,30.10in,10.0mi,Variable,6.9mph,  -,N/A,	,Clear

7:51 AM,41.0°F,38.0°F,27.0°F,57%,30.08in,10.0mi,Variable,4.6mph,  -,N/A,	,Clear

8:51 AM,41.0°F,37.1°F,28.9°F,62%,30.09in,10.0mi,Variable,5.8mph,16.1mph,N/A,	,Clear

9:51 AM,42.1°F,36.6°F,30.0°F,62%,30.07in,10.0mi,WSW,9.2mph,28.8mph,N/A,	,Overcast

10:51 AM,43.0°F,37.7°F,30.0°F,60%,30.05in,10.0mi,West,9.2mph,20.7mph,N/A,	,Mostly Cloudy

11:51 AM,42.1°F,36.6°F,30.0°F,62%,30.01in,9.0mi,WSW,9.2mph,17.3mph,N/A,	,Mostly Cloudy

12:51 PM,44.1°F,40.1°F,30.0°F,58%,29.97in,9.0mi,Variable,6.9mph,17.3mph,N/A,	,Clear

1:51 PM,45.0°F,41.2°F,30.0°F,56%,29.94in,9.0mi,Variable,6.9mph,17.3mph,N/A,	,Clear

2:51 PM,46.9°F,  -,30.0°F,52%,29.92in,9.0mi,WSW,10.4mph,16.1mph,N/A,	,Clear

3:51 PM,48.0°F,  -,30.0°F,50%,29.93in,10.0mi,North,  -,  -,N/A,	,Clear

4:51 PM,46.9°F,  -,30.0°F,52%,29.93in,10.0mi,WSW,8.1mph,  -,N/A,	,Partly Cloudy

5:51 PM,46.9°F,  -,30.0°F,52%,29.94in,10.0mi,SW,10.4mph,21.9mph,N/A,	,Clear

6:51 PM,46.0°F,43.1°F,30.0°F,54%,29.95in,10.0mi,Variable,5.8mph,  -,N/A,	,Clear

7:51 PM,46.9°F,  -,30.0°F,52%,29.95in,10.0mi,North,  -,  -,N/A,	,Mostly Cloudy

8:51 PM,46.9°F,  -,30.0°F,52%,29.95in,10.0mi,WSW,8.1mph,  -,N/A,	,Clear

9:51 PM,46.9°F,  -,30.0°F,52%,29.94in,10.0mi,WSW,6.9mph,  -,N/A,	,Mostly Cloudy

10:51 PM,46.9°F,  -,30.0°F,52%,29.94in,10.0mi,WSW,8.1mph,  -,N/A,	,Partly Cloudy

11:51 PM,46.9°F,  -,30.0°F,52%,29.94in,10.0mi,Variable,3.5mph,  -,N/A,	,Scattered Clouds

