20160122
Time (EST),Temp.,Windchill,Dew Point,Humidity,Pressure,Visibility,Wind Dir,Wind Speed,Gust Speed,Precip,Events,Conditions

12:51 AM,24.1°F,  -,3.0°F,40%,30.24in,10.0mi,Calm,Calm,  -,N/A,	,Clear

1:51 AM,23.0°F,18.4°F,3.9°F,44%,30.24in,10.0mi,Variable,3.5mph,  -,N/A,	,Clear

2:51 AM,21.9°F,11.7°F,3.9°F,46%,30.24in,10.0mi,North,9.2mph,  -,N/A,	,Clear

3:51 AM,21.9°F,15.7°F,3.9°F,46%,30.25in,10.0mi,WNW,4.6mph,  -,N/A,	,Clear

4:51 AM,21.0°F,  -,5.0°F,50%,30.25in,10.0mi,Calm,Calm,  -,N/A,	,Clear

5:51 AM,21.9°F,13.4°F,5.0°F,48%,30.28in,10.0mi,Variable,6.9mph,  -,N/A,	,Clear

6:51 AM,21.0°F,8.1°F,3.9°F,48%,30.30in,10.0mi,North,13.8mph,18.4mph,N/A,	,Clear

7:51 AM,21.9°F,14.5°F,3.9°F,46%,30.29in,10.0mi,Variable,5.8mph,  -,N/A,	,Clear

8:51 AM,23.0°F,13.1°F,3.9°F,44%,30.29in,10.0mi,NNE,9.2mph,19.6mph,N/A,	,Clear

9:51 AM,25.0°F,19.3°F,3.9°F,41%,30.30in,10.0mi,Variable,4.6mph,  -,N/A,	,Clear

10:51 AM,26.1°F,16.2°F,3.9°F,39%,30.28in,10.0mi,NE,10.4mph,17.3mph,N/A,	,Clear

11:51 AM,28.0°F,21.7°F,3.9°F,36%,30.25in,10.0mi,Variable,5.8mph,17.3mph,N/A,	,Clear

12:51 PM,28.9°F,19.2°F,5.0°F,36%,30.22in,10.0mi,NE,11.5mph,  -,N/A,	,Clear

1:51 PM,28.9°F,  -,3.9°F,35%,30.20in,10.0mi,Calm,Calm,  -,N/A,	,Clear

2:51 PM,28.9°F,21.9°F,3.9°F,35%,30.18in,10.0mi,Variable,6.9mph,  -,N/A,	,Clear

3:51 PM,28.9°F,21.9°F,3.9°F,35%,30.17in,10.0mi,Variable,6.9mph,  -,N/A,	,Mostly Cloudy

4:51 PM,28.9°F,22.8°F,5.0°F,36%,30.17in,10.0mi,Variable,5.8mph,  -,N/A,	,Mostly Cloudy

5:51 PM,28.9°F,25.2°F,5.0°F,36%,30.17in,10.0mi,Variable,3.5mph,  -,N/A,	,Mostly Cloudy

6:51 PM,28.0°F,20.8°F,5.0°F,38%,30.18in,10.0mi,NNE,6.9mph,  -,N/A,	,Overcast

7:51 PM,28.0°F,19.3°F,5.0°F,38%,30.17in,10.0mi,NNE,9.2mph,  -,N/A,	,Overcast

8:51 PM,28.0°F,20.8°F,6.1°F,39%,30.15in,10.0mi,Variable,6.9mph,  -,N/A,	,Overcast

9:51 PM,28.9°F,22.8°F,7.0°F,40%,30.15in,10.0mi,Variable,5.8mph,  -,N/A,	,Overcast

10:39 PM,27.0°F,19.5°F,12.9°F,56%,30.14in,3.0mi,Variable,6.9mph,  -,0.00in,Snow,Light Snow

10:51 PM,27.0°F,18.7°F,14.0°F,58%,30.12in,3.0mi,ENE,8.1mph,  -,0.00in,Snow,Light Snow

11:03 PM,27.0°F,18.0°F,14.0°F,58%,30.14in,2.5mi,ENE,9.2mph,  -,0.00in,Snow,Light Snow

11:24 PM,26.1°F,16.8°F,16.0°F,66%,30.13in,1.5mi,ENE,9.2mph,  -,0.00in,Snow,Light Snow

11:51 PM,26.1°F,16.2°F,18.0°F,71%,30.10in,1.2mi,ENE,10.4mph,  -,0.01in,Snow,Light Snow

