20160626
Time (EDT),Temp.,Heat Index,Dew Point,Humidity,Pressure,Visibility,Wind Dir,Wind Speed,Gust Speed,Precip,Events,Conditions

12:51 AM,69.1°F,  -,57.0°F,65%,30.21in,10.0mi,Calm,Calm,  -,N/A,	,Mostly Cloudy

1:51 AM,68.0°F,  -,57.9°F,70%,30.22in,10.0mi,Calm,Calm,  -,N/A,	,Clear

2:51 AM,68.0°F,  -,53.1°F,59%,30.23in,10.0mi,Calm,Calm,  -,N/A,	,Clear

3:51 AM,69.1°F,  -,54.0°F,58%,30.23in,10.0mi,Calm,Calm,  -,N/A,	,Mostly Cloudy

4:51 AM,69.1°F,  -,55.0°F,61%,30.23in,10.0mi,West,3.5mph,  -,N/A,	,Partly Cloudy

5:51 AM,68.0°F,  -,55.0°F,63%,30.23in,9.0mi,Calm,Calm,  -,N/A,	,Clear

6:51 AM,69.1°F,  -,55.9°F,63%,30.22in,9.0mi,WSW,3.5mph,  -,N/A,	,Clear

7:51 AM,72.0°F,  -,55.0°F,55%,30.22in,7.0mi,Calm,Calm,  -,N/A,	,Clear

8:51 AM,73.9°F,  -,54.0°F,50%,30.22in,7.0mi,Calm,Calm,  -,N/A,	,Clear

9:51 AM,77.0°F,  -,55.0°F,47%,30.22in,8.0mi,Variable,3.5mph,  -,N/A,	,Clear

10:51 AM,80.1°F,80.2°F,55.9°F,43%,30.21in,9.0mi,Calm,Calm,  -,N/A,	,Clear

11:51 AM,82.9°F,82.8°F,59.0°F,44%,30.20in,8.0mi,Calm,Calm,  -,N/A,	,Clear

12:51 PM,86.0°F,85.0°F,57.9°F,38%,30.21in,8.0mi,Calm,Calm,  -,N/A,	,Clear

1:51 PM,84.9°F,84.4°F,59.0°F,41%,30.19in,8.0mi,North,  -,  -,N/A,	,Clear

2:51 PM,82.9°F,83.2°F,60.1°F,46%,30.18in,9.0mi,Calm,Calm,  -,N/A,	,Clear

3:51 PM,82.0°F,82.4°F,60.1°F,47%,30.17in,9.0mi,South,6.9mph,  -,N/A,	,Clear

4:51 PM,80.1°F,80.4°F,57.0°F,45%,30.16in,9.0mi,North,  -,  -,N/A,	,Clear

5:51 PM,79.0°F,  -,55.9°F,45%,30.14in,9.0mi,Variable,3.5mph,  -,N/A,	,Clear

6:51 PM,75.9°F,  -,52.0°F,43%,30.15in,9.0mi,Variable,5.8mph,  -,N/A,	,Clear

7:51 PM,75.0°F,  -,52.0°F,44%,30.14in,9.0mi,Variable,4.6mph,  -,N/A,	,Clear

8:51 PM,73.9°F,  -,51.1°F,45%,30.12in,10.0mi,Variable,4.6mph,  -,N/A,	,Clear

9:51 PM,75.0°F,  -,48.0°F,38%,30.13in,10.0mi,Variable,3.5mph,  -,N/A,	,Clear

10:51 PM,73.9°F,  -,46.0°F,37%,30.13in,10.0mi,Variable,4.6mph,  -,N/A,	,Clear

11:51 PM,73.0°F,  -,46.0°F,38%,30.13in,10.0mi,WSW,4.6mph,  -,N/A,	,Clear

