20160625
Time (EDT),Temp.,Heat Index,Dew Point,Humidity,Pressure,Visibility,Wind Dir,Wind Speed,Gust Speed,Precip,Events,Conditions

12:51 AM,68.0°F,  -,57.0°F,68%,30.12in,10.0mi,ENE,6.9mph,  -,N/A,	,Clear

1:51 AM,66.9°F,  -,57.0°F,70%,30.12in,10.0mi,Variable,3.5mph,  -,N/A,	,Clear

2:51 AM,66.9°F,  -,57.9°F,73%,30.12in,10.0mi,Variable,4.6mph,  -,N/A,	,Clear

3:51 AM,66.0°F,  -,57.9°F,75%,30.13in,10.0mi,Calm,Calm,  -,N/A,	,Clear

4:51 AM,64.9°F,  -,59.0°F,81%,30.14in,9.0mi,ENE,3.5mph,  -,N/A,	,Clear

5:51 AM,64.9°F,  -,59.0°F,81%,30.16in,7.0mi,NNE,3.5mph,  -,N/A,	,Clear

6:51 AM,66.9°F,  -,59.0°F,76%,30.17in,8.0mi,ENE,4.6mph,  -,N/A,	,Clear

7:51 AM,69.1°F,  -,59.0°F,70%,30.19in,8.0mi,ENE,8.1mph,  -,N/A,	,Clear

8:51 AM,72.0°F,  -,57.9°F,61%,30.19in,9.0mi,ENE,4.6mph,  -,N/A,	,Clear

9:51 AM,73.0°F,  -,55.0°F,53%,30.19in,10.0mi,Variable,4.6mph,  -,N/A,	,Clear

10:51 AM,75.9°F,  -,55.9°F,50%,30.19in,9.0mi,ENE,4.6mph,  -,N/A,	,Clear

11:51 AM,80.1°F,80.4°F,57.0°F,45%,30.19in,9.0mi,Variable,4.6mph,  -,N/A,	,Clear

12:51 PM,82.9°F,  -,51.1°F,33%,30.19in,10.0mi,Variable,3.5mph,  -,N/A,	,Clear

1:51 PM,84.0°F,82.5°F,53.1°F,34%,30.18in,10.0mi,North,  -,  -,N/A,	,Clear

2:51 PM,84.9°F,83.6°F,55.0°F,36%,30.17in,9.0mi,Variable,5.8mph,  -,N/A,	,Clear

3:51 PM,81.0°F,80.5°F,54.0°F,39%,30.17in,9.0mi,Variable,3.5mph,  -,N/A,	,Clear

4:51 PM,80.1°F,80.0°F,54.0°F,40%,30.18in,9.0mi,Variable,3.5mph,  -,N/A,	,Clear

5:51 PM,77.0°F,  -,53.1°F,43%,30.18in,9.0mi,Variable,5.8mph,  -,N/A,	,Clear

6:51 PM,75.9°F,  -,51.1°F,42%,30.17in,10.0mi,Variable,4.6mph,  -,N/A,	,Clear

7:51 PM,73.0°F,  -,50.0°F,44%,30.18in,10.0mi,Variable,3.5mph,  -,N/A,	,Clear

8:51 PM,72.0°F,  -,48.0°F,43%,30.19in,10.0mi,Calm,Calm,  -,N/A,	,Clear

9:51 PM,71.1°F,  -,51.1°F,49%,30.21in,10.0mi,Calm,Calm,  -,N/A,	,Clear

10:51 PM,69.1°F,  -,54.0°F,58%,30.21in,10.0mi,Calm,Calm,  -,N/A,	,Clear

11:51 PM,68.0°F,  -,57.0°F,68%,30.20in,10.0mi,SSE,4.6mph,  -,N/A,	,Partly Cloudy

