20160123
Time (EST),Temp.,Windchill,Dew Point,Humidity,Pressure,Visibility,Wind Dir,Wind Speed,Gust Speed,Precip,Events,Conditions

12:19 AM,25.0°F,16.3°F,19.0°F,78%,30.10in,0.8mi,ENE,8.1mph,  -,0.00in,Snow,Light Snow

12:47 AM,24.8°F,13.4°F,19.4°F,80%,30.08in,0.5mi,NE,12.7mph,  -,0.02in,Snow,Snow

12:51 AM,25.0°F,14.2°F,19.9°F,81%,30.05in,0.5mi,NE,11.5mph,  -,0.03in,Snow,Snow

1:51 AM,24.1°F,13.1°F,19.9°F,84%,30.00in,0.5mi,NE,11.5mph,20.7mph,0.06in,Fog,	,

Snow,Snow,2:38 AM,25.0°F,11.7°F,19.0°F,78%,29.97in,0.8mi,ENE,17.3mph,26.5mph,0.04in

Snow,Light Snow,2:51 AM,25.0°F,12.2°F,18.0°F,75%,29.94in,1.5mi,NE,16.1mph,23.0mph,0.04in

Snow,Light Snow,3:35 AM,24.1°F,9.8°F,19.0°F,81%,29.92in,0.8mi,ENE,19.6mph,27.6mph,0.01in

Snow,Light Snow,3:51 AM,24.1°F,12.0°F,19.0°F,81%,29.91in,0.5mi,ENE,13.8mph,24.2mph,0.02in

Snow,Snow,4:13 AM,24.1°F,13.1°F,19.0°F,81%,29.92in,0.2mi,NE,11.5mph,25.3mph,0.03in

Snow,Heavy Snow,4:30 AM,24.1°F,10.6°F,19.0°F,81%,29.90in,0.5mi,ENE,17.3mph,27.6mph,0.05in

Snow,Snow,4:51 AM,24.1°F,13.7°F,19.9°F,84%,29.86in,0.2mi,NE,10.4mph,25.3mph,0.08in

Fog,	,,Snow,Snow,5:22 AM,24.1°F,10.6°F,21.0°F,88%,29.84in,0.2mi,NE,17.3mph

27.6mph,0.06in,Fog,	,,Snow,Snow,5:30 AM,24.1°F,10.1°F,19.9°F,84%,29.84in,0.2mi

NE,18.4mph,33.4mph,0.08in,Fog,	,,Snow,Snow,5:51 AM,24.1°F,10.6°F,21.0°F,88%

29.83in,0.2mi,ENE,17.3mph,28.8mph,0.11in,Fog,	,,Snow,Snow,6:39 AM,25.0°F,12.2°F

21.9°F,88%,29.83in,0.2mi,ENE,16.1mph,32.2mph,0.11in,Fog,	,,Snow,Snow,6:51 AM

25.0°F,10.6°F,21.0°F,85%,29.80in,0.2mi,NE,20.7mph,34.5mph,0.15in,Fog,	,,Snow

Snow,7:29 AM,25.0°F,10.9°F,21.9°F,88%,29.78in,0.2mi,ENE,19.6mph,33.4mph,0.08in,Fog

	,,Snow,Snow,7:51 AM,25.0°F,11.3°F,21.9°F,88%,29.77in,0.2mi,ENE,18.4mph,26.5mph

0.14in,Fog,	,,Snow,Heavy Snow,8:51 AM,26.1°F,11.6°F,21.9°F,84%,29.73in,0.2mi,NE

21.9mph,39.1mph,0.17in,Fog,	,,Snow,Heavy Snow,9:51 AM,27.0°F,12.5°F,23.0°F,85%,29.70in

0.2mi,NE,23.0mph,42.6mph,0.19in,Fog,	,,Snow,Snow,10:26 AM,27.0°F,14.3°F,23.0°F

85%,29.71in,0.5mi,NE,17.3mph,29.9mph,0.06in,Fog,	,,Snow,Light Snow,10:51 AM,27.0°F

14.7°F,23.0°F,85%,29.67in,0.2mi,NE,16.1mph,33.4mph,0.10in,Fog,	,,Snow,Snow

11:02 AM,27.0°F,13.9°F,24.1°F,89%,29.68in,0.2mi,NE,18.4mph,28.8mph,0.02in,Fog,	,

Snow,Snow,11:38 AM,27.0°F,15.6°F,24.1°F,89%,29.66in,0.2mi,NE,13.8mph,31.1mph,0.12in

Fog,	,,Snow,Snow,11:51 AM,27.0°F,13.9°F,24.1°F,89%,29.63in,0.2mi,ENE,18.4mph

32.2mph,0.16in,Fog,	,,Snow,Snow,12:40 PM,27.0°F,13.9°F,23.0°F,85%,29.62in,0.2mi

NE,18.4mph,35.7mph,0.16in,Fog,	,,Snow,Snow,12:51 PM,27.0°F,12.5°F,23.0°F,85%

29.60in,0.2mi,NE,23.0mph,36.8mph,0.19in,Fog,	,,Snow,Snow,1:51 PM,27.0°F,15.2°F

23.0°F,85%,29.63in,0.2mi,NE,15.0mph,29.9mph,0.13in,Fog,	,,Snow,Snow,2:51 PM

27.0°F,15.2°F,23.0°F,85%,29.63in,0.2mi,NE,15.0mph,33.4mph,0.15in,Fog,	,,Snow

Snow,3:19 PM,27.0°F,16.1°F,23.0°F,85%,29.65in,0.2mi,NE,12.7mph,31.1mph,0.08in,Fog

	,,Snow,Heavy Snow,3:51 PM,27.0°F,13.9°F,23.0°F,85%,29.64in,0.2mi,NNE,18.4mph,34.5mph

0.15in,Fog,	,,Snow,Snow,4:24 PM,27.0°F,15.6°F,23.0°F,85%,29.66in,0.2mi,NE

13.8mph,29.9mph,0.06in,Fog,	,,Snow,Heavy Snow,4:51 PM,27.0°F,13.5°F,23.0°F,85%,29.65in

0.2mi,NNE,19.6mph,33.4mph,0.14in,Fog,	,,Snow,Heavy Snow,5:34 PM,27.0°F,15.6°F,23.0°F

85%,29.68in,0.2mi,NNE,13.8mph,36.8mph,0.07in,Fog,	,,Snow,Snow,5:51 PM,27.0°F

15.6°F,23.0°F,85%,29.67in,0.2mi,NNE,13.8mph,32.2mph,0.10in,Fog,	,,Snow,Heavy Snow

6:51 PM,26.1°F,15.6°F,21.9°F,84%,29.68in,0.5mi,NNE,11.5mph,25.3mph,0.07in,Fog,Light Freezing Fog

7:51 PM,25.0°F,16.3°F,21.0°F,85%,29.69in,0.2mi,North,8.1mph,24.2mph,0.07in,Fog,	,

Snow,Heavy Snow,8:51 PM,24.1°F,9.8°F,19.9°F,84%,29.69in,0.5mi,North,19.6mph,29.9mph,0.05in

Fog,	,,Snow,Snow,9:14 PM,25.0°F,13.6°F,19.9°F,81%,29.71in,1.0mi,NNE,12.7mph

21.9mph,0.01in,Snow,Light Snow,9:35 PM,25.0°F,14.8°F,19.0°F,78%,29.71in,2.0mi,North,10.4mph

25.3mph,0.01in,Snow,Light Snow,9:51 PM,26.1°F,15.6°F,18.0°F,71%,29.69in,2.0mi,North,11.5mph

19.6mph,0.01in,Snow,Light Snow,10:01 PM,26.1°F,14.5°F,17.1°F,69%,29.71in,2.5mi,North,13.8mph

25.3mph,0.00in,Snow,Light Snow,10:34 PM,27.0°F,16.1°F,17.1°F,66%,29.71in,3.0mi,NNE,12.7mph

24.2mph,0.00in,Snow,Light Snow,10:51 PM,27.0°F,16.7°F,15.1°F,61%,29.70in,5.0mi,NNE,11.5mph

23.0mph,0.00in,Snow,Light Snow,11:51 PM,27.0°F,21.6°F,17.1°F,66%,29.72in,4.0mi,Variable,4.6mph

