20160108
Time (EST),Temp.,Windchill,Dew Point,Humidity,Pressure,Visibility,Wind Dir,Wind Speed,Gust Speed,Precip,Events,Conditions

12:51 AM,37.4°F,  -,21.2°F,52%,		-,  -,North,  -,  -,N/A,	,Unknown

1:51 AM,37.4°F,  -,21.2°F,52%,		-,  -,North,  -,  -,N/A,	,Unknown

2:51 AM,37.4°F,  -,21.2°F,52%,		-,  -,North,  -,  -,N/A,	,Unknown

3:51 AM,35.6°F,  -,19.4°F,52%,		-,  -,North,  -,  -,N/A,	,Unknown

4:51 AM,35.6°F,  -,17.6°F,48%,		-,  -,North,  -,  -,N/A,	,Unknown

5:51 AM,35.6°F,  -,17.6°F,48%,		-,  -,North,  -,  -,N/A,	,Unknown

6:51 AM,35.6°F,  -,21.2°F,56%,		-,  -,North,  -,  -,N/A,	,Unknown

7:51 AM,37.4°F,  -,24.8°F,60%,		-,  -,North,  -,  -,N/A,	,Unknown

9:51 AM,39.2°F,  -,30.2°F,70%,		-,  -,North,  -,  -,N/A,	,Unknown

10:51 AM,41.0°F,  -,30.2°F,65%,		-,  -,North,  -,  -,N/A,	,Unknown

11:51 AM,42.8°F,  -,39.2°F,87%,		-,  -,North,  -,  -,N/A,	,Unknown

12:51 PM,42.8°F,  -,33.8°F,70%,		-,  -,North,  -,  -,N/A,	,Unknown

1:51 PM,42.8°F,  -,32.0°F,66%,		-,  -,North,  -,  -,N/A,	,Unknown

2:28 PM,43.0°F,37.2°F,30.9°F,62%,30.19in,10.0mi,East,10.4mph,  -,N/A,	,Mostly Cloudy

2:51 PM,43.0°F,38.8°F,30.9°F,62%,30.17in,10.0mi,Variable,6.9mph,  -,N/A,	,Overcast

3:51 PM,43.0°F,39.5°F,33.1°F,68%,30.17in,10.0mi,NE,5.8mph,  -,N/A,	,Overcast

4:51 PM,44.1°F,40.8°F,33.1°F,65%,30.17in,10.0mi,NE,5.8mph,  -,N/A,	,Overcast

5:28 PM,44.1°F,39.5°F,33.1°F,65%,30.20in,10.0mi,East,8.1mph,  -,N/A,	,Overcast

5:48 PM,44.6°F,40.7°F,33.8°F,66%,30.20in,10.0mi,Variable,6.9mph,  -,N/A,	,Overcast

5:51 PM,44.1°F,40.8°F,33.1°F,65%,30.18in,10.0mi,SE,5.8mph,  -,N/A,	,Overcast

6:36 PM,44.1°F,39.0°F,30.9°F,60%,30.21in,10.0mi,SE,9.2mph,  -,N/A,	,Mostly Cloudy

6:51 PM,44.1°F,  -,30.9°F,60%,30.19in,10.0mi,North,  -,  -,N/A,	,Overcast

7:51 PM,44.1°F,40.1°F,30.9°F,60%,30.21in,10.0mi,East,6.9mph,  -,N/A,	,Overcast

8:51 PM,44.1°F,40.8°F,30.9°F,60%,30.21in,10.0mi,Variable,5.8mph,  -,N/A,	,Overcast

9:10 PM,43.0°F,37.7°F,32.0°F,65%,30.22in,10.0mi,ENE,9.2mph,  -,N/A,	,Overcast

9:42 PM,42.1°F,36.1°F,33.1°F,70%,30.22in,10.0mi,ENE,10.4mph,19.6mph,N/A,	,Overcast

9:51 PM,42.1°F,36.1°F,33.1°F,70%,30.20in,10.0mi,ENE,10.4mph,20.7mph,N/A,	,Overcast

10:51 PM,42.1°F,36.6°F,33.1°F,70%,30.21in,10.0mi,East,9.2mph,  -,N/A,	,Overcast

11:18 PM,42.1°F,36.1°F,33.1°F,70%,30.22in,10.0mi,ENE,10.4mph,  -,N/A,	,Overcast

11:46 PM,42.8°F,37.0°F,33.8°F,70%,30.20in,10.0mi,East,10.4mph,  -,N/A,	,Overcast

11:51 PM,41.0°F,34.3°F,32.0°F,70%,30.18in,10.0mi,East,11.5mph,20.7mph,N/A,	,Overcast

