20160917
Time (EDT),Temp.,Dew Point,Humidity,Pressure,Visibility,Wind Dir,Wind Speed,Gust Speed,Precip,Events,Conditions

12:51 AM,62.1°F,52.0°F,70%,30.28in,10.0mi,SSW,3.5mph,  -,N/A,	,Clear

1:51 AM,62.1°F,52.0°F,70%,30.27in,10.0mi,Calm,Calm,  -,N/A,	,Clear

2:51 AM,62.1°F,53.1°F,72%,30.25in,10.0mi,Calm,Calm,  -,N/A,	,Clear

3:51 AM,61.0°F,53.1°F,75%,30.25in,10.0mi,Calm,Calm,  -,N/A,	,Clear

4:51 AM,61.0°F,54.0°F,78%,30.25in,10.0mi,Calm,Calm,  -,N/A,	,Clear

5:51 AM,59.0°F,55.0°F,87%,30.25in,10.0mi,Calm,Calm,  -,N/A,	,Clear

6:51 AM,60.1°F,55.0°F,83%,30.25in,10.0mi,Calm,Calm,  -,N/A,	,Clear

7:51 AM,63.0°F,55.9°F,78%,30.25in,10.0mi,Calm,Calm,  -,N/A,	,Clear

8:51 AM,66.0°F,55.9°F,70%,30.25in,9.0mi,Variable,3.5mph,  -,N/A,	,Partly Cloudy

9:26 AM,66.9°F,57.0°F,70%,30.28in,10.0mi,Variable,5.8mph,  -,N/A,	,Mostly Cloudy

9:51 AM,69.1°F,57.0°F,65%,30.26in,10.0mi,Variable,5.8mph,  -,N/A,	,Overcast

10:32 AM,70.0°F,55.0°F,59%,30.27in,10.0mi,North,  -,  -,N/A,	,Partly Cloudy

10:51 AM,70.0°F,55.0°F,59%,30.25in,10.0mi,SSW,6.9mph,  -,N/A,	,Clear

11:51 AM,73.9°F,55.9°F,53%,30.22in,10.0mi,Calm,Calm,  -,N/A,	,Clear

12:51 PM,75.9°F,57.0°F,52%,30.21in,10.0mi,Variable,3.5mph,  -,N/A,	,Clear

1:51 PM,75.9°F,57.9°F,54%,30.19in,10.0mi,Variable,5.8mph,  -,N/A,	,Clear

2:51 PM,75.9°F,60.1°F,58%,30.16in,10.0mi,Variable,5.8mph,  -,N/A,	,Clear

3:51 PM,75.0°F,61.0°F,62%,30.15in,10.0mi,Variable,5.8mph,  -,N/A,	,Clear

4:51 PM,73.0°F,61.0°F,66%,30.14in,9.0mi,South,8.1mph,  -,N/A,	,Clear

5:51 PM,72.0°F,62.1°F,71%,30.14in,9.0mi,Variable,5.8mph,  -,N/A,	,Clear

6:51 PM,71.1°F,63.0°F,75%,30.12in,10.0mi,Variable,3.5mph,  -,N/A,	,Clear

7:51 PM,70.0°F,63.0°F,78%,30.13in,10.0mi,Variable,3.5mph,  -,N/A,	,Clear

8:51 PM,71.1°F,64.0°F,78%,30.13in,10.0mi,Variable,5.8mph,  -,N/A,	,Clear

9:51 PM,70.0°F,63.0°F,78%,30.12in,10.0mi,Variable,3.5mph,  -,N/A,	,Clear

10:51 PM,71.1°F,63.0°F,75%,30.11in,10.0mi,North,  -,  -,N/A,	,Clear

11:51 PM,70.0°F,64.0°F,81%,30.10in,10.0mi,Variable,3.5mph,  -,N/A,	,Clear

