20160914
Time (EDT),Temp.,Heat Index,Dew Point,Humidity,Pressure,Visibility,Wind Dir,Wind Speed,Gust Speed,Precip,Events,Conditions

12:51 AM,71.1°F,  -,55.9°F,59%,30.12in,10.0mi,WSW,8.1mph,  -,N/A,	,Clear

1:51 AM,70.0°F,  -,57.9°F,65%,30.10in,10.0mi,WSW,4.6mph,  -,N/A,	,Clear

2:51 AM,70.0°F,  -,59.0°F,68%,30.09in,10.0mi,Variable,5.8mph,  -,N/A,	,Partly Cloudy

3:51 AM,70.0°F,  -,60.1°F,71%,30.09in,10.0mi,Variable,5.8mph,  -,N/A,	,Clear

4:51 AM,70.0°F,  -,59.0°F,68%,30.09in,10.0mi,Variable,4.6mph,  -,N/A,	,Clear

5:51 AM,70.0°F,  -,57.9°F,65%,30.09in,10.0mi,Variable,5.8mph,  -,N/A,	,Clear

6:51 AM,70.0°F,  -,59.0°F,68%,30.09in,10.0mi,WSW,9.2mph,  -,N/A,	,Clear

7:51 AM,71.1°F,  -,60.1°F,68%,30.09in,9.0mi,West,8.1mph,  -,N/A,	,Clear

8:51 AM,72.0°F,  -,61.0°F,68%,30.09in,9.0mi,Variable,4.6mph,  -,N/A,	,Clear

9:51 AM,75.0°F,  -,62.1°F,64%,30.08in,9.0mi,Calm,Calm,  -,N/A,	,Clear

10:51 AM,79.0°F,  -,63.0°F,58%,30.07in,9.0mi,Variable,4.6mph,  -,N/A,	,Clear

11:51 AM,84.0°F,84.4°F,61.0°F,46%,30.05in,9.0mi,West,4.6mph,  -,N/A,	,Clear

12:51 PM,88.0°F,87.6°F,60.1°F,39%,30.03in,9.0mi,Variable,3.5mph,  -,N/A,	,Clear

1:51 PM,90.0°F,88.1°F,55.9°F,31%,30.00in,10.0mi,Calm,Calm,  -,N/A,	,Clear

2:51 PM,90.0°F,88.6°F,57.0°F,33%,29.98in,10.0mi,Variable,3.5mph,  -,N/A,	,Clear

3:51 PM,88.0°F,87.1°F,59.0°F,37%,29.97in,9.0mi,Variable,3.5mph,  -,N/A,	,Mostly Cloudy

4:51 PM,86.0°F,86.3°F,62.1°F,44%,29.96in,9.0mi,South,6.9mph,  -,N/A,	,Overcast

5:28 PM,73.9°F,  -,70.0°F,87%,30.02in,1.8mi,Variable,4.6mph,  -,0.02in,Rain,Light Rain

5:38 PM,72.0°F,  -,69.1°F,91%,30.07in,0.2mi,WNW,9.2mph,18.4mph,0.18in,Fog,	,

Rain,Heavy Rain,5:46 PM,69.8°F,  -,66.2°F,88%,30.08in,0.2mi,West,9.2mph,27.6mph,0.45in

Fog,	,,Rain,Heavy Rain,5:51 PM,69.1°F,  -,66.9°F,93%,30.05in,0.2mi,Variable,3.5mph

19.6mph,0.52in,Fog,	,,Rain,Heavy Rain,5:59 PM,70.0°F,  -,66.9°F,90%,30.06in,2.0mi

Calm,Calm,  -,0.02in,Rain,Light Rain,6:17 PM,70.0°F,  -,66.9°F,90%,30.04in,3.0mi

East,3.5mph,  -,0.04in,Rain,Light Rain,6:29 PM,69.1°F,  -,66.9°F,93%,30.04in,2.5mi

Calm,Calm,  -,0.04in,	,Overcast,6:37 PM,70.0°F,  -,66.9°F,90%,30.04in,3.0mi

Calm,Calm,  -,0.04in,	,Mostly Cloudy,6:51 PM,70.0°F,  -,68.0°F,93%,30.02in,5.0mi

NNE,4.6mph,  -,0.04in,	,Scattered Clouds,7:51 PM,72.0°F,  -,66.9°F,84%,30.04in,9.0mi

North,3.5mph,  -,N/A,	,Mostly Cloudy,8:51 PM,73.0°F,  -,66.9°F,81%,30.08in,10.0mi

Calm,Calm,  -,N/A,	,Partly Cloudy,9:51 PM,72.0°F,  -,64.0°F,76%,30.09in,10.0mi

Variable,3.5mph,  -,N/A,	,Mostly Cloudy,10:51 PM,72.0°F,  -,61.0°F,68%,30.11in,10.0mi

North,8.1mph,  -,N/A,	,Clear,11:51 PM,70.0°F,  -,54.0°F,57%,30.14in,10.0mi

