20161013
Time (EDT),Temp.,Dew Point,Humidity,Pressure,Visibility,Wind Dir,Wind Speed,Gust Speed,Precip,Events,Conditions

12:51 AM,57.9°F,54.0°F,87%,30.17in,10.0mi,Calm,Calm,  -,N/A,	,Clear

1:51 AM,57.9°F,55.0°F,90%,30.16in,10.0mi,Calm,Calm,  -,N/A,	,Partly Cloudy

2:24 AM,59.0°F,55.9°F,90%,30.17in,10.0mi,WNW,3.5mph,  -,N/A,	,Mostly Cloudy

2:51 AM,57.0°F,55.0°F,93%,30.14in,9.0mi,Calm,Calm,  -,N/A,	,Scattered Clouds

3:51 AM,55.9°F,53.1°F,90%,30.12in,9.0mi,Calm,Calm,  -,N/A,	,Partly Cloudy

4:22 AM,55.9°F,53.1°F,90%,30.14in,8.0mi,Calm,Calm,  -,N/A,	,Mostly Cloudy

4:51 AM,55.9°F,53.1°F,90%,30.12in,8.0mi,Calm,Calm,  -,N/A,	,Mostly Cloudy

5:09 AM,55.9°F,53.1°F,90%,30.14in,7.0mi,WNW,3.5mph,  -,N/A,	,Scattered Clouds

5:51 AM,55.0°F,53.1°F,93%,30.11in,5.0mi,WNW,3.5mph,  -,N/A,	,Clear

6:51 AM,55.0°F,52.0°F,89%,30.12in,6.0mi,Calm,Calm,  -,N/A,	,Clear

7:51 AM,55.9°F,53.1°F,90%,30.10in,5.0mi,Calm,Calm,  -,N/A,	,Partly Cloudy

8:51 AM,57.9°F,55.0°F,90%,30.11in,7.0mi,Calm,Calm,  -,N/A,	,Clear

9:51 AM,62.1°F,55.0°F,78%,30.09in,7.0mi,Variable,4.6mph,  -,N/A,	,Clear

10:51 AM,64.0°F,55.0°F,73%,30.08in,7.0mi,WSW,4.6mph,  -,N/A,	,Clear

11:51 AM,66.0°F,55.0°F,68%,30.06in,8.0mi,North,  -,  -,N/A,	,Partly Cloudy

12:51 PM,66.9°F,55.0°F,66%,30.05in,9.0mi,Variable,3.5mph,  -,N/A,	,Clear

1:51 PM,66.9°F,54.0°F,63%,30.05in,10.0mi,Variable,4.6mph,  -,N/A,	,Mostly Cloudy

2:51 PM,62.1°F,55.9°F,80%,30.05in,8.0mi,North,  -,  -,0.00in,	,Overcast

3:51 PM,62.1°F,55.0°F,78%,30.05in,8.0mi,West,6.9mph,  -,0.00in,	,Scattered Clouds

4:23 PM,63.0°F,55.0°F,75%,30.08in,8.0mi,West,9.2mph,  -,N/A,	,Mostly Cloudy

4:51 PM,62.1°F,55.0°F,78%,30.06in,7.0mi,Variable,4.6mph,  -,N/A,	,Overcast

5:28 PM,63.0°F,55.0°F,75%,30.09in,8.0mi,Variable,3.5mph,  -,N/A,	,Overcast

5:51 PM,63.0°F,54.0°F,72%,30.06in,8.0mi,Variable,5.8mph,  -,N/A,	,Mostly Cloudy

6:51 PM,62.1°F,54.0°F,75%,30.08in,9.0mi,WNW,5.8mph,  -,N/A,	,Mostly Cloudy

7:51 PM,61.0°F,54.0°F,78%,30.10in,9.0mi,Calm,Calm,  -,N/A,	,Partly Cloudy

8:51 PM,61.0°F,51.1°F,70%,30.14in,10.0mi,NW,8.1mph,  -,N/A,	,Clear

9:51 PM,59.0°F,46.0°F,62%,30.16in,10.0mi,Calm,Calm,  -,N/A,	,Clear

10:51 PM,57.0°F,44.1°F,62%,30.18in,10.0mi,North,  -,  -,N/A,	,Clear

11:51 PM,55.0°F,39.0°F,55%,30.19in,10.0mi,Variable,4.6mph,  -,N/A,	,Clear

