20161220
Time (EST),Temp.,Windchill,Dew Point,Humidity,Pressure,Visibility,Wind Dir,Wind Speed,Gust Speed,Precip,Events,Conditions

12:51 AM,23.0°F,15.8°F,7.0°F,50%,30.67in,10.0mi,Variable,5.8mph,  -,N/A,	,Clear

1:51 AM,23.0°F,17.0°F,8.1°F,53%,30.66in,10.0mi,Variable,4.6mph,  -,N/A,	,Clear

2:51 AM,21.9°F,12.5°F,3.0°F,44%,30.64in,10.0mi,NE,8.1mph,  -,N/A,	,Clear

3:51 AM,21.9°F,14.5°F,3.9°F,46%,30.62in,10.0mi,ENE,5.8mph,  -,N/A,	,Clear

4:51 AM,21.0°F,  -,9.0°F,60%,30.62in,10.0mi,Calm,Calm,  -,N/A,	,Clear

5:51 AM,21.0°F,16.2°F,10.0°F,63%,30.62in,10.0mi,Variable,3.5mph,  -,N/A,	,Clear

6:51 AM,19.9°F,  -,9.0°F,62%,30.60in,10.0mi,Calm,Calm,  -,N/A,	,Clear

7:51 AM,21.0°F,  -,10.0°F,63%,30.58in,10.0mi,Calm,Calm,  -,N/A,	,Clear

8:51 AM,23.0°F,  -,9.0°F,55%,30.59in,10.0mi,Calm,Calm,  -,N/A,	,Clear

9:51 AM,26.1°F,21.9°F,9.0°F,49%,30.57in,10.0mi,Variable,3.5mph,  -,N/A,	,Clear

10:51 AM,27.0°F,  -,8.1°F,45%,30.54in,10.0mi,Calm,Calm,  -,N/A,	,Clear

11:51 AM,28.9°F,  -,8.1°F,41%,30.50in,10.0mi,Calm,Calm,  -,N/A,	,Clear

12:51 PM,30.0°F,25.2°F,8.1°F,40%,30.45in,10.0mi,West,4.6mph,  -,N/A,	,Clear

1:51 PM,30.9°F,  -,6.1°F,35%,30.41in,10.0mi,Calm,Calm,  -,N/A,	,Clear

2:51 PM,32.0°F,  -,6.1°F,34%,30.38in,10.0mi,Calm,Calm,  -,N/A,	,Clear

3:51 PM,32.0°F,  -,7.0°F,35%,30.35in,10.0mi,Calm,Calm,  -,N/A,	,Clear

4:51 PM,30.9°F,  -,7.0°F,37%,30.32in,10.0mi,Calm,Calm,  -,N/A,	,Clear

5:51 PM,32.0°F,26.4°F,9.0°F,38%,30.29in,10.0mi,Variable,5.8mph,  -,N/A,	,Clear

6:51 PM,32.0°F,  -,10.0°F,40%,30.27in,10.0mi,Calm,Calm,  -,N/A,	,Clear

7:51 PM,33.1°F,28.7°F,10.9°F,40%,30.25in,10.0mi,WSW,4.6mph,  -,N/A,	,Clear

8:51 PM,32.0°F,24.2°F,12.0°F,44%,30.24in,10.0mi,WSW,9.2mph,  -,N/A,	,Clear

9:51 PM,32.0°F,26.4°F,15.1°F,50%,30.22in,10.0mi,Variable,5.8mph,19.6mph,N/A,	,Clear

10:51 PM,33.1°F,24.9°F,14.0°F,46%,30.19in,10.0mi,West,10.4mph,18.4mph,N/A,	,Clear

11:51 PM,32.0°F,  -,12.0°F,44%,30.15in,10.0mi,North,  -,  -,N/A,	,Clear

