20160508
Time (EDT),Temp.,Dew Point,Humidity,Pressure,Visibility,Wind Dir,Wind Speed,Gust Speed,Precip,Events,Conditions

12:51 AM,51.1°F,46.0°F,83%,29.73in,10.0mi,North,  -,  -,N/A,	,Clear

1:51 AM,52.0°F,46.0°F,80%,29.71in,10.0mi,Variable,4.6mph,  -,N/A,	,Clear

2:51 AM,50.0°F,46.0°F,86%,29.69in,10.0mi,Calm,Calm,  -,N/A,	,Clear

3:51 AM,50.0°F,46.0°F,86%,29.68in,7.0mi,Calm,Calm,  -,N/A,	,Clear

4:51 AM,50.0°F,46.0°F,86%,29.66in,5.0mi,Calm,Calm,  -,N/A,	,Overcast

5:51 AM,51.1°F,46.9°F,86%,29.64in,6.0mi,Calm,Calm,  -,N/A,	,Overcast

6:51 AM,52.0°F,46.9°F,83%,29.65in,9.0mi,North,  -,  -,N/A,	,Overcast

7:17 AM,50.0°F,46.9°F,89%,29.71in,4.0mi,Variable,3.5mph,  -,0.00in,Rain,Light Rain

7:23 AM,50.0°F,46.9°F,89%,29.70in,1.8mi,WSW,3.5mph,  -,0.02in,Rain,Rain

7:38 AM,50.0°F,46.9°F,89%,29.69in,1.5mi,Calm,Calm,  -,0.06in,Rain,Rain

7:51 AM,50.0°F,46.9°F,89%,29.66in,1.0mi,Calm,Calm,  -,0.11in,Rain,Rain

8:29 AM,51.1°F,48.9°F,92%,29.69in,2.5mi,Variable,5.8mph,  -,0.04in,	,Overcast

8:40 AM,52.0°F,48.9°F,89%,29.68in,3.0mi,WSW,3.5mph,  -,0.04in,Rain,Light Rain

8:51 AM,52.0°F,48.9°F,89%,29.66in,2.5mi,Variable,3.5mph,  -,0.05in,Rain,Light Rain

8:58 AM,52.0°F,48.9°F,89%,29.68in,4.0mi,SSW,3.5mph,  -,0.00in,	,Overcast

9:35 AM,52.0°F,48.9°F,89%,29.66in,6.0mi,Variable,4.6mph,  -,0.00in,	,Overcast

9:51 AM,53.1°F,50.0°F,89%,29.64in,5.0mi,Calm,Calm,  -,0.00in,	,Overcast

10:34 AM,55.0°F,51.1°F,86%,29.67in,8.0mi,North,  -,  -,N/A,	,Overcast

10:51 AM,55.0°F,50.0°F,83%,29.65in,7.0mi,Variable,4.6mph,  -,N/A,	,Overcast

11:22 AM,57.9°F,51.1°F,78%,29.67in,8.0mi,North,  -,  -,N/A,	,Partly Cloudy

11:43 AM,59.0°F,52.0°F,78%,29.67in,8.0mi,Variable,4.6mph,  -,N/A,	,Mostly Cloudy

11:51 AM,61.0°F,52.0°F,72%,29.64in,8.0mi,Variable,4.6mph,  -,N/A,	,Mostly Cloudy

12:10 PM,62.1°F,51.1°F,67%,29.66in,9.0mi,WSW,6.9mph,  -,N/A,	,Scattered Clouds

12:51 PM,63.0°F,42.1°F,46%,29.65in,10.0mi,WNW,9.2mph,  -,N/A,	,Mostly Cloudy

1:51 PM,64.9°F,35.1°F,33%,29.69in,10.0mi,NW,15.0mph,27.6mph,N/A,	,Clear

2:51 PM,64.0°F,28.0°F,26%,29.72in,10.0mi,NW,16.1mph,31.1mph,N/A,	,Clear

3:51 PM,64.0°F,28.0°F,26%,29.73in,10.0mi,NW,11.5mph,25.3mph,N/A,	,Partly Cloudy

4:51 PM,64.0°F,25.0°F,23%,29.75in,10.0mi,North,  -,  -,N/A,	,Partly Cloudy

5:51 PM,64.0°F,25.0°F,23%,29.77in,10.0mi,NW,10.4mph,19.6mph,N/A,	,Mostly Cloudy

6:51 PM,63.0°F,26.1°F,25%,29.80in,10.0mi,Variable,6.9mph,17.3mph,N/A,	,Partly Cloudy

7:51 PM,61.0°F,28.0°F,29%,29.83in,10.0mi,Variable,3.5mph,  -,N/A,	,Clear

8:51 PM,59.0°F,28.0°F,31%,29.86in,10.0mi,Calm,Calm,  -,N/A,	,Scattered Clouds

9:51 PM,57.0°F,30.0°F,36%,29.88in,10.0mi,West,3.5mph,  -,N/A,	,Clear

10:51 PM,57.9°F,28.9°F,33%,29.91in,10.0mi,West,3.5mph,  -,N/A,	,Clear

11:51 PM,57.0°F,30.9°F,37%,29.94in,10.0mi,Variable,5.8mph,  -,N/A,	,Clear

