20160416
Time (EDT),Temp.,Windchill,Dew Point,Humidity,Pressure,Visibility,Wind Dir,Wind Speed,Gust Speed,Precip,Events,Conditions

12:51 AM,46.9°F,  -,35.1°F,63%,30.41in,10.0mi,Calm,Calm,  -,N/A,	,Clear

1:51 AM,46.9°F,  -,35.1°F,63%,30.40in,10.0mi,NE,3.5mph,  -,N/A,	,Clear

2:51 AM,46.9°F,  -,34.0°F,61%,30.39in,10.0mi,NE,3.5mph,  -,N/A,	,Clear

3:51 AM,46.0°F,44.8°F,34.0°F,63%,30.40in,10.0mi,Variable,3.5mph,  -,N/A,	,Clear

4:51 AM,45.0°F,43.5°F,32.0°F,60%,30.42in,10.0mi,Variable,3.5mph,  -,N/A,	,Clear

5:51 AM,44.1°F,40.8°F,30.9°F,60%,30.43in,10.0mi,ENE,5.8mph,  -,N/A,	,Clear

6:51 AM,45.0°F,42.6°F,32.0°F,60%,30.45in,10.0mi,NE,4.6mph,  -,N/A,	,Clear

7:51 AM,48.0°F,  -,30.0°F,50%,30.47in,10.0mi,NE,4.6mph,  -,N/A,	,Clear

8:51 AM,51.1°F,  -,19.9°F,29%,30.48in,10.0mi,ENE,6.9mph,  -,N/A,	,Clear

9:51 AM,53.1°F,  -,14.0°F,21%,30.48in,10.0mi,ENE,11.5mph,19.6mph,N/A,	,Clear

10:51 AM,55.9°F,  -,17.1°F,22%,30.46in,10.0mi,ENE,8.1mph,  -,N/A,	,Clear

11:51 AM,57.9°F,  -,17.1°F,20%,30.45in,10.0mi,Variable,5.8mph,  -,N/A,	,Clear

12:51 PM,61.0°F,  -,16.0°F,17%,30.43in,10.0mi,Variable,6.9mph,  -,N/A,	,Clear

1:51 PM,64.0°F,  -,16.0°F,16%,30.41in,10.0mi,Variable,5.8mph,17.3mph,N/A,	,Clear

2:51 PM,66.0°F,  -,19.0°F,17%,30.40in,10.0mi,Variable,74.8mph,  -,N/A,	,Clear

3:51 PM,64.0°F,  -,16.0°F,16%,30.38in,10.0mi,Calm,Calm,  -,N/A,	,Clear

4:51 PM,66.0°F,  -,18.0°F,16%,30.37in,10.0mi,North,  -,  -,N/A,	,Clear

5:51 PM,63.0°F,  -,19.0°F,18%,30.38in,10.0mi,ENE,6.9mph,  -,N/A,	,Clear

6:51 PM,62.1°F,  -,17.1°F,18%,30.39in,10.0mi,ENE,4.6mph,  -,N/A,	,Clear

7:51 PM,53.1°F,  -,28.9°F,40%,30.41in,10.0mi,South,8.1mph,  -,N/A,	,Clear

8:51 PM,51.1°F,  -,32.0°F,48%,30.43in,10.0mi,South,5.8mph,  -,N/A,	,Clear

9:51 PM,48.9°F,  -,35.1°F,59%,30.44in,10.0mi,Variable,4.6mph,  -,N/A,	,Clear

10:51 PM,48.0°F,  -,35.1°F,61%,30.46in,10.0mi,Calm,Calm,  -,N/A,	,Clear

11:51 PM,46.9°F,  -,35.1°F,63%,30.46in,10.0mi,Calm,Calm,  -,N/A,	,Clear

