20160910
Time (EDT),Temp.,Heat Index,Dew Point,Humidity,Pressure,Visibility,Wind Dir,Wind Speed,Gust Speed,Precip,Events,Conditions

12:51 AM,75.9°F,  -,73.0°F,91%,29.99in,8.0mi,Calm,Calm,  -,N/A,	,Mostly Cloudy

1:51 AM,75.9°F,  -,73.9°F,94%,29.98in,7.0mi,Calm,Calm,  -,N/A,	,Partly Cloudy

2:51 AM,75.9°F,  -,73.9°F,94%,29.98in,6.0mi,NE,4.6mph,  -,N/A,	,Mostly Cloudy

3:51 AM,75.9°F,  -,73.9°F,94%,29.98in,4.0mi,East,3.5mph,  -,N/A,	,Mostly Cloudy

4:51 AM,75.0°F,  -,73.0°F,94%,29.99in,4.0mi,Calm,Calm,  -,N/A,	,Partly Cloudy

5:51 AM,75.0°F,  -,73.0°F,94%,29.98in,7.0mi,Calm,Calm,  -,N/A,	,Overcast

6:51 AM,75.0°F,  -,73.0°F,94%,30.01in,4.0mi,NE,3.5mph,  -,N/A,	,Mostly Cloudy

7:51 AM,75.9°F,  -,73.0°F,91%,30.01in,6.0mi,Variable,4.6mph,  -,N/A,	,Clear

8:51 AM,77.0°F,  -,70.0°F,79%,30.01in,8.0mi,ESE,8.1mph,  -,N/A,	,Clear

9:51 AM,80.1°F,83.6°F,71.1°F,74%,30.01in,8.0mi,ESE,4.6mph,  -,N/A,	,Clear

10:51 AM,82.9°F,87.5°F,71.1°F,67%,30.01in,8.0mi,Calm,Calm,  -,N/A,	,Clear

11:51 AM,87.1°F,94.5°F,73.0°F,63%,30.00in,6.0mi,Variable,4.6mph,  -,N/A,	,Haze

12:51 PM,89.1°F,97.0°F,73.0°F,59%,29.98in,6.0mi,Variable,4.6mph,  -,N/A,	,Haze

1:51 PM,90.0°F,100.2°F,75.0°F,61%,29.97in,5.0mi,Variable,4.6mph,  -,N/A,	,Haze

2:51 PM,88.0°F,97.5°F,75.0°F,65%,29.95in,5.0mi,North,  -,  -,N/A,	,Haze

3:51 PM,86.0°F,96.9°F,77.0°F,74%,29.95in,6.0mi,Variable,5.8mph,  -,0.00in,	,Haze

4:51 PM,86.0°F,93.0°F,73.0°F,65%,29.94in,6.0mi,SSE,8.1mph,  -,N/A,	,Haze

5:51 PM,86.0°F,93.8°F,73.9°F,67%,29.92in,6.0mi,North,  -,  -,N/A,	,Haze

6:51 PM,84.0°F,91.2°F,73.9°F,72%,29.91in,6.0mi,Variable,5.8mph,  -,N/A,	,Haze

7:51 PM,82.9°F,88.8°F,73.0°F,72%,29.91in,8.0mi,Variable,3.5mph,  -,N/A,	,Clear

8:51 PM,82.0°F,86.7°F,72.0°F,71%,29.92in,8.0mi,North,  -,  -,N/A,	,Clear

9:51 PM,82.0°F,86.7°F,72.0°F,71%,29.93in,8.0mi,Variable,6.9mph,  -,N/A,	,Clear

10:51 PM,82.0°F,86.3°F,71.1°F,69%,29.94in,8.0mi,Variable,4.6mph,18.4mph,N/A,	,Clear

11:51 PM,81.0°F,85.2°F,72.0°F,74%,29.94in,8.0mi,North,  -,  -,N/A,	,Clear

