20160201
Time (EST),Temp.,Windchill,Dew Point,Humidity,Pressure,Visibility,Wind Dir,Wind Speed,Gust Speed,Precip,Events,Conditions

12:51 AM,50.0°F,  -,36.0°F,59%,29.77in,10.0mi,WSW,8.1mph,19.6mph,N/A,	,Clear

1:51 AM,50.0°F,  -,35.1°F,57%,29.75in,10.0mi,West,5.8mph,  -,N/A,	,Clear

2:51 AM,50.0°F,  -,36.0°F,59%,29.74in,10.0mi,WSW,8.1mph,20.7mph,N/A,	,Clear

3:51 AM,50.0°F,  -,35.1°F,57%,29.73in,10.0mi,Variable,5.8mph,  -,N/A,	,Clear

4:51 AM,50.0°F,  -,36.0°F,59%,29.74in,10.0mi,West,8.1mph,  -,N/A,	,Clear

5:51 AM,50.0°F,  -,36.0°F,59%,29.74in,10.0mi,Variable,6.9mph,16.1mph,N/A,	,Clear

6:51 AM,48.9°F,  -,36.0°F,61%,29.77in,10.0mi,Variable,5.8mph,  -,N/A,	,Clear

7:51 AM,50.0°F,  -,36.0°F,59%,29.78in,10.0mi,WSW,8.1mph,  -,N/A,	,Clear

8:51 AM,51.1°F,  -,36.0°F,56%,29.79in,10.0mi,Variable,5.8mph,  -,N/A,	,Mostly Cloudy

9:51 AM,52.0°F,  -,37.0°F,57%,29.81in,10.0mi,WSW,6.9mph,  -,N/A,	,Clear

10:51 AM,55.0°F,  -,37.0°F,51%,29.80in,10.0mi,West,5.8mph,  -,N/A,	,Clear

11:51 AM,57.0°F,  -,37.9°F,49%,29.81in,10.0mi,North,  -,  -,N/A,	,Clear

12:51 PM,59.0°F,  -,39.0°F,48%,29.79in,10.0mi,Variable,6.9mph,  -,N/A,	,Partly Cloudy

1:51 PM,57.9°F,  -,39.0°F,49%,29.80in,10.0mi,Variable,6.9mph,  -,0.00in,	,Overcast

2:51 PM,55.9°F,  -,37.0°F,49%,29.83in,10.0mi,Variable,3.5mph,  -,0.00in,	,Overcast

3:51 PM,53.1°F,  -,34.0°F,48%,29.87in,5.0mi,Variable,6.9mph,19.6mph,0.00in,Rain,Light Rain

4:51 PM,52.0°F,  -,32.0°F,47%,29.88in,10.0mi,North,3.5mph,  -,0.01in,	,Overcast

5:51 PM,52.0°F,  -,30.0°F,43%,29.92in,10.0mi,WNW,3.5mph,  -,N/A,	,Overcast

6:51 PM,51.1°F,  -,28.0°F,41%,29.94in,10.0mi,Variable,6.9mph,  -,N/A,	,Overcast

7:51 PM,50.0°F,  -,28.0°F,43%,29.97in,10.0mi,Variable,6.9mph,  -,0.00in,	,Scattered Clouds

8:51 PM,48.0°F,  -,24.1°F,39%,30.01in,10.0mi,Variable,4.6mph,  -,N/A,	,Scattered Clouds

9:51 PM,46.9°F,  -,24.1°F,41%,30.01in,10.0mi,Calm,Calm,  -,N/A,	,Clear

10:51 PM,46.0°F,43.1°F,27.0°F,47%,30.05in,10.0mi,Variable,5.8mph,  -,N/A,	,Clear

11:51 PM,44.1°F,40.8°F,25.0°F,47%,30.08in,10.0mi,Variable,5.8mph,  -,N/A,	,Clear

