20160715
Time (EDT),Temp.,Heat Index,Dew Point,Humidity,Pressure,Visibility,Wind Dir,Wind Speed,Gust Speed,Precip,Events,Conditions

12:51 AM,82.0°F,86.7°F,72.0°F,71%,29.82in,9.0mi,WSW,5.8mph,  -,N/A,	,Clear

1:51 AM,81.0°F,85.2°F,72.0°F,74%,29.82in,9.0mi,WSW,6.9mph,  -,N/A,	,Clear

2:51 AM,81.0°F,85.2°F,72.0°F,74%,29.82in,8.0mi,Variable,4.6mph,  -,N/A,	,Clear

3:51 AM,80.1°F,83.8°F,72.0°F,76%,29.82in,9.0mi,WSW,3.5mph,  -,N/A,	,Clear

4:51 AM,79.0°F,  -,72.0°F,79%,29.83in,9.0mi,WSW,6.9mph,  -,N/A,	,Clear

5:51 AM,79.0°F,  -,72.0°F,79%,29.85in,7.0mi,WSW,5.8mph,  -,N/A,	,Clear

6:51 AM,80.1°F,83.6°F,71.1°F,74%,29.86in,7.0mi,Variable,3.5mph,  -,N/A,	,Clear

7:51 AM,80.1°F,83.2°F,70.0°F,71%,29.87in,8.0mi,Calm,Calm,  -,N/A,	,Clear

8:51 AM,82.9°F,87.0°F,70.0°F,65%,29.88in,8.0mi,Calm,Calm,  -,N/A,	,Clear

9:51 AM,84.9°F,88.8°F,69.1°F,59%,29.88in,9.0mi,Variable,4.6mph,  -,N/A,	,Clear

10:51 AM,86.0°F,89.4°F,68.0°F,55%,29.87in,8.0mi,Calm,Calm,  -,N/A,	,Clear

11:51 AM,87.1°F,90.6°F,68.0°F,53%,29.88in,8.0mi,WNW,4.6mph,  -,N/A,	,Clear

12:51 PM,84.9°F,89.4°F,70.0°F,61%,29.87in,8.0mi,Calm,Calm,  -,N/A,	,Scattered Clouds

1:51 PM,84.0°F,87.8°F,69.1°F,61%,29.86in,8.0mi,SSW,3.5mph,  -,N/A,	,Overcast

2:51 PM,87.1°F,92.0°F,70.0°F,57%,29.86in,8.0mi,West,8.1mph,  -,N/A,	,Partly Cloudy

3:51 PM,87.1°F,90.6°F,68.0°F,53%,29.86in,9.0mi,Variable,4.6mph,20.7mph,N/A,	,Clear

4:51 PM,86.0°F,88.2°F,66.0°F,51%,29.86in,9.0mi,West,5.8mph,  -,N/A,	,Clear

5:51 PM,87.1°F,88.9°F,64.9°F,48%,29.84in,9.0mi,SW,9.2mph,  -,N/A,	,Clear

6:51 PM,86.0°F,87.3°F,64.0°F,48%,29.84in,9.0mi,Variable,3.5mph,  -,N/A,	,Clear

7:51 PM,84.9°F,86.1°F,64.0°F,49%,29.85in,9.0mi,Variable,4.6mph,  -,N/A,	,Clear

8:51 PM,84.0°F,85.8°F,64.9°F,53%,29.87in,10.0mi,West,4.6mph,  -,N/A,	,Clear

9:51 PM,82.9°F,85.0°F,66.0°F,56%,29.90in,10.0mi,North,  -,  -,N/A,	,Clear

10:51 PM,84.0°F,86.5°F,66.9°F,56%,29.92in,10.0mi,Variable,5.8mph,18.4mph,N/A,	,Clear

11:51 PM,82.0°F,84.5°F,66.9°F,60%,29.93in,10.0mi,Variable,4.6mph,  -,N/A,	,Clear

