20161218
Time (EST),Temp.,Windchill,Dew Point,Humidity,Pressure,Visibility,Wind Dir,Wind Speed,Gust Speed,Precip,Events,Conditions

12:18 AM,39.0°F,36.8°F,37.0°F,93%,29.91in,4.0mi,West,3.5mph,  -,N/A,	,Overcast

12:47 AM,39.2°F,  -,37.4°F,93%,29.91in,3.0mi,Calm,Calm,  -,N/A,	,Overcast

12:51 AM,39.0°F,36.8°F,37.9°F,96%,29.89in,3.0mi,NW,3.5mph,  -,N/A,	,Overcast

12:59 AM,39.0°F,  -,37.9°F,96%,29.90in,2.0mi,Calm,Calm,  -,N/A,	,Overcast

1:04 AM,39.0°F,  -,37.9°F,96%,29.90in,1.2mi,Calm,Calm,  -,N/A,	,Overcast

1:13 AM,37.9°F,35.5°F,37.9°F,100%,29.89in,0.5mi,NNE,3.5mph,  -,N/A,Fog,Fog

1:47 AM,39.2°F,  -,37.4°F,93%,29.87in,1.8mi,Calm,Calm,  -,N/A,	,Overcast

1:51 AM,39.0°F,  -,37.9°F,96%,29.86in,1.8mi,Calm,Calm,  -,N/A,	,Overcast

2:01 AM,39.0°F,  -,39.0°F,100%,29.88in,2.0mi,Calm,Calm,  -,N/A,	,Overcast

2:12 AM,39.0°F,  -,39.0°F,100%,29.89in,3.0mi,Calm,Calm,  -,N/A,	,Overcast

2:23 AM,39.0°F,  -,37.9°F,96%,29.87in,3.0mi,Calm,Calm,  -,N/A,	,Overcast

2:51 AM,39.9°F,  -,39.0°F,97%,29.84in,2.5mi,Calm,Calm,  -,N/A,	,Overcast

3:05 AM,39.9°F,  -,39.0°F,97%,29.86in,1.5mi,Calm,Calm,  -,N/A,	,Overcast

3:18 AM,39.9°F,37.8°F,39.9°F,100%,29.84in,0.5mi,SSE,3.5mph,  -,N/A,Fog,Fog

3:51 AM,43.0°F,38.8°F,43.0°F,100%,29.81in,0.2mi,South,6.9mph,  -,N/A,Fog,Fog

4:51 AM,45.0°F,40.6°F,45.0°F,100%,29.75in,1.0mi,SSE,8.1mph,  -,0.02in,	,Overcast

4:59 AM,46.0°F,43.9°F,45.0°F,96%,29.77in,2.0mi,Variable,4.6mph,  -,N/A,	,Overcast

5:30 AM,46.9°F,  -,46.9°F,100%,29.76in,2.5mi,Variable,5.8mph,  -,N/A,	,Overcast

5:48 AM,48.2°F,  -,48.2°F,100%,29.75in,4.0mi,Variable,6.9mph,  -,N/A,	,Overcast

5:51 AM,48.9°F,  -,48.0°F,97%,29.72in,4.0mi,South,4.6mph,  -,N/A,	,Overcast

6:51 AM,52.0°F,  -,51.1°F,97%,29.72in,7.0mi,Variable,4.6mph,  -,N/A,	,Overcast

7:51 AM,48.9°F,  -,48.0°F,97%,29.78in,6.0mi,West,6.9mph,  -,0.00in,	,Overcast

8:00 AM,46.9°F,  -,46.9°F,100%,29.80in,5.0mi,NNW,3.5mph,  -,N/A,	,Overcast

8:51 AM,50.0°F,  -,48.9°F,96%,29.78in,5.0mi,Variable,5.8mph,  -,N/A,	,Overcast

9:12 AM,53.1°F,  -,51.1°F,93%,29.80in,6.0mi,Variable,4.6mph,  -,N/A,	,Overcast

9:51 AM,54.0°F,  -,52.0°F,93%,29.78in,7.0mi,Variable,3.5mph,16.1mph,N/A,	,Overcast

10:51 AM,55.9°F,  -,53.1°F,90%,29.78in,7.0mi,West,8.1mph,  -,N/A,	,Overcast

11:51 AM,57.0°F,  -,54.0°F,89%,29.81in,8.0mi,North,  -,  -,N/A,	,Overcast

12:51 PM,57.0°F,  -,54.0°F,89%,29.81in,7.0mi,North,  -,  -,N/A,	,Overcast

1:51 PM,57.9°F,  -,55.0°F,90%,29.83in,8.0mi,Variable,6.9mph,  -,0.01in,Rain,Light Rain

2:32 PM,55.9°F,  -,53.1°F,90%,29.91in,7.0mi,WNW,18.4mph,29.9mph,0.00in,Rain,Light Rain

2:51 PM,46.0°F,41.0°F,37.9°F,73%,29.97in,10.0mi,NW,10.4mph,28.8mph,0.01in,	,Overcast

3:04 PM,45.0°F,38.9°F,37.0°F,74%,29.99in,10.0mi,WNW,12.7mph,27.6mph,N/A,	,Overcast

3:51 PM,43.0°F,38.2°F,35.1°F,74%,30.04in,10.0mi,WNW,8.1mph,25.3mph,N/A,	,Overcast

4:51 PM,42.1°F,35.2°F,26.1°F,53%,30.14in,10.0mi,NW,12.7mph,31.1mph,N/A,	,Overcast

5:51 PM,39.9°F,33.4°F,19.9°F,45%,30.21in,10.0mi,NW,10.4mph,24.2mph,N/A,	,Mostly Cloudy

6:51 PM,37.9°F,30.9°F,15.1°F,39%,30.26in,10.0mi,NNW,10.4mph,25.3mph,N/A,	,Partly Cloudy

7:51 PM,37.0°F,31.0°F,15.1°F,41%,30.32in,10.0mi,NW,8.1mph,23.0mph,N/A,	,Clear

8:51 PM,36.0°F,29.0°F,15.1°F,43%,30.35in,10.0mi,NW,9.2mph,18.4mph,N/A,	,Clear

9:51 PM,34.0°F,25.5°F,14.0°F,44%,30.40in,10.0mi,NW,11.5mph,21.9mph,N/A,	,Clear

10:51 PM,32.0°F,23.0°F,12.9°F,45%,30.44in,10.0mi,WNW,11.5mph,24.2mph,N/A,	,Clear

11:51 PM,30.9°F,22.2°F,12.9°F,47%,30.46in,10.0mi,WNW,10.4mph,19.6mph,N/A,	,Clear

