20160105
Time (EST),Temp.,Windchill,Dew Point,Humidity,Pressure,Visibility,Wind Dir,Wind Speed,Gust Speed,Precip,Events,Conditions

2:51 AM,12.0°F,4.1°F,-0.9°F,56%,30.46in,10.0mi,Variable,4.6mph,20.7mph,N/A,	,Clear

3:51 AM,12.0°F,1.5°F,-2.0°F,53%,30.47in,10.0mi,Variable,6.9mph,23.0mph,N/A,	,Clear

4:51 AM,12.0°F,4.1°F,-2.9°F,51%,30.48in,10.0mi,Variable,4.6mph,23.0mph,N/A,	,Clear

5:51 AM,10.9°F,-2.6°F,-2.9°F,54%,30.52in,10.0mi,NNE,10.4mph,20.7mph,N/A,	,Clear

6:51 AM,10.9°F,  -,-2.9°F,54%,30.54in,10.0mi,North,  -,  -,N/A,	,Clear

7:51 AM,12.0°F,2.7°F,-2.0°F,53%,30.54in,10.0mi,Variable,5.8mph,  -,N/A,	,Clear

8:51 AM,12.9°F,-1.6°F,-4.0°F,47%,30.58in,10.0mi,North,12.7mph,19.6mph,N/A,	,Clear

9:51 AM,17.1°F,  -,-2.0°F,43%,30.61in,10.0mi,North,  -,  -,N/A,	,Clear

10:51 AM,19.0°F,10.0°F,-4.0°F,36%,30.60in,10.0mi,Variable,6.9mph,16.1mph,N/A,	,Clear

11:51 AM,21.9°F,11.0°F,-5.1°F,30%,30.60in,10.0mi,NE,10.4mph,18.4mph,N/A,	,Clear

12:51 PM,25.0°F,17.1°F,-6.0°F,26%,30.58in,10.0mi,Variable,6.9mph,  -,N/A,	,Clear

1:51 PM,27.0°F,20.5°F,-6.0°F,24%,30.57in,10.0mi,Variable,5.8mph,  -,N/A,	,Clear

2:51 PM,28.0°F,22.8°F,-4.0°F,25%,30.58in,10.0mi,WNW,4.6mph,  -,N/A,	,Clear

3:51 PM,28.0°F,  -,-2.9°F,26%,30.59in,10.0mi,Calm,Calm,  -,N/A,	,Clear

4:51 PM,28.0°F,  -,-4.0°F,25%,30.60in,10.0mi,Calm,Calm,  -,N/A,	,Clear

5:51 PM,27.0°F,  -,-2.9°F,27%,30.61in,10.0mi,Calm,Calm,  -,N/A,	,Clear

6:51 PM,27.0°F,  -,-2.9°F,27%,30.62in,10.0mi,Calm,Calm,  -,N/A,	,Clear

7:51 PM,28.0°F,  -,-2.0°F,27%,30.62in,10.0mi,Calm,Calm,  -,N/A,	,Clear

8:51 PM,28.9°F,25.2°F,-2.0°F,26%,30.62in,10.0mi,WNW,3.5mph,  -,N/A,	,Clear

9:51 PM,28.0°F,24.2°F,-0.0°F,30%,30.61in,10.0mi,Variable,3.5mph,  -,N/A,	,Clear

10:51 PM,28.0°F,  -,-0.0°F,30%,30.61in,10.0mi,Calm,Calm,  -,N/A,	,Clear

11:51 PM,27.0°F,23.0°F,1.0°F,33%,30.59in,10.0mi,West,3.5mph,  -,N/A,	,Clear

