20161113
Time (EST),Temp.,Windchill,Dew Point,Humidity,Pressure,Visibility,Wind Dir,Wind Speed,Gust Speed,Precip,Events,Conditions

12:51 AM,44.1°F,41.5°F,23.0°F,43%,30.16in,10.0mi,Variable,4.6mph,  -,N/A,	,Clear

1:51 AM,44.1°F,40.8°F,23.0°F,43%,30.16in,10.0mi,West,5.8mph,  -,N/A,	,Clear

2:51 AM,43.0°F,38.8°F,23.0°F,45%,30.14in,10.0mi,West,6.9mph,  -,N/A,	,Clear

3:51 AM,42.1°F,37.7°F,24.1°F,49%,30.14in,10.0mi,West,6.9mph,  -,N/A,	,Clear

4:51 AM,42.1°F,  -,25.0°F,51%,30.15in,10.0mi,Calm,Calm,  -,N/A,	,Clear

5:51 AM,41.0°F,38.0°F,26.1°F,55%,30.14in,10.0mi,Variable,4.6mph,  -,N/A,	,Clear

6:51 AM,42.1°F,40.2°F,26.1°F,53%,30.15in,10.0mi,Variable,3.5mph,  -,N/A,	,Clear

7:51 AM,43.0°F,41.3°F,27.0°F,53%,30.16in,10.0mi,Variable,3.5mph,  -,N/A,	,Clear

8:51 AM,44.1°F,42.5°F,27.0°F,51%,30.16in,10.0mi,Variable,3.5mph,  -,N/A,	,Clear

9:51 AM,46.0°F,44.8°F,27.0°F,47%,30.15in,10.0mi,Variable,3.5mph,  -,N/A,	,Clear

10:51 AM,50.0°F,  -,27.0°F,41%,30.13in,10.0mi,WSW,9.2mph,  -,N/A,	,Clear

11:51 AM,55.9°F,  -,26.1°F,32%,30.09in,10.0mi,West,4.6mph,  -,N/A,	,Clear

12:51 PM,59.0°F,  -,24.1°F,26%,30.06in,10.0mi,West,4.6mph,  -,N/A,	,Clear

1:51 PM,61.0°F,  -,19.9°F,21%,30.04in,10.0mi,Variable,3.5mph,  -,N/A,	,Clear

2:51 PM,61.0°F,  -,21.9°F,22%,30.03in,10.0mi,North,  -,  -,N/A,	,Clear

3:51 PM,60.1°F,  -,21.9°F,23%,30.04in,10.0mi,WSW,9.2mph,  -,N/A,	,Clear

4:51 PM,57.9°F,  -,21.0°F,24%,30.04in,10.0mi,Variable,3.5mph,  -,N/A,	,Clear

5:51 PM,57.0°F,  -,21.0°F,25%,30.05in,10.0mi,Variable,5.8mph,  -,N/A,	,Clear

6:51 PM,55.9°F,  -,21.0°F,26%,30.06in,10.0mi,Variable,4.6mph,  -,N/A,	,Clear

7:51 PM,54.0°F,  -,21.9°F,29%,30.06in,10.0mi,West,8.1mph,  -,N/A,	,Clear

8:51 PM,54.0°F,  -,21.0°F,28%,30.05in,10.0mi,West,8.1mph,  -,N/A,	,Clear

9:51 PM,52.0°F,  -,21.9°F,31%,30.05in,10.0mi,WSW,8.1mph,  -,N/A,	,Clear

10:51 PM,51.1°F,  -,23.0°F,33%,30.05in,10.0mi,Variable,5.8mph,  -,N/A,	,Clear

11:51 PM,51.1°F,  -,21.9°F,32%,30.06in,10.0mi,West,5.8mph,  -,N/A,	,Clear

