20160927
Time (EDT),Temp.,Dew Point,Humidity,Pressure,Visibility,Wind Dir,Wind Speed,Gust Speed,Precip,Events,Conditions

12:51 AM,69.1°F,60.1°F,73%,29.95in,10.0mi,North,  -,  -,N/A,	,Overcast

1:00 AM,69.1°F,60.1°F,73%,29.97in,10.0mi,South,3.5mph,  -,N/A,	,Overcast

1:51 AM,69.1°F,61.0°F,75%,29.93in,10.0mi,North,  -,  -,N/A,	,Overcast

2:14 AM,68.0°F,62.1°F,81%,29.95in,6.0mi,Variable,3.5mph,  -,0.00in,Rain,Light Rain

2:43 AM,66.0°F,64.0°F,93%,29.94in,1.8mi,Variable,3.5mph,  -,0.06in,Rain,Heavy Rain

2:51 AM,66.0°F,64.0°F,93%,29.92in,2.0mi,Variable,4.6mph,  -,0.11in,Rain,Light Rain

3:28 AM,66.0°F,64.0°F,93%,29.93in,5.0mi,Variable,6.9mph,  -,0.06in,Rain,Light Rain

3:51 AM,66.0°F,64.0°F,93%,29.91in,5.0mi,Calm,Calm,  -,0.07in,	,Overcast

3:59 AM,66.0°F,64.0°F,93%,29.93in,3.0mi,Variable,6.9mph,  -,0.00in,Rain,Light Rain

4:51 AM,66.0°F,64.0°F,93%,29.90in,4.0mi,Variable,3.5mph,  -,0.03in,Rain,Light Rain

5:10 AM,64.9°F,63.0°F,93%,29.93in,7.0mi,West,8.1mph,  -,0.00in,	,Overcast

5:38 AM,64.9°F,63.0°F,93%,29.93in,7.0mi,Variable,4.6mph,  -,0.00in,	,Overcast

5:51 AM,64.9°F,63.0°F,93%,29.90in,6.0mi,Variable,3.5mph,  -,0.00in,Rain,Light Rain

6:01 AM,64.9°F,63.0°F,93%,29.93in,6.0mi,Calm,Calm,  -,0.00in,	,Overcast

6:33 AM,64.0°F,62.1°F,93%,29.94in,7.0mi,Variable,3.5mph,  -,0.00in,	,Overcast

6:51 AM,64.0°F,62.1°F,93%,29.91in,5.0mi,West,5.8mph,  -,0.01in,Rain,Light Rain

7:51 AM,64.0°F,61.0°F,90%,29.91in,6.0mi,WNW,3.5mph,  -,0.00in,	,Overcast

8:51 AM,64.0°F,61.0°F,90%,29.93in,7.0mi,Variable,4.6mph,  -,N/A,	,Scattered Clouds

9:51 AM,64.9°F,60.1°F,84%,29.95in,8.0mi,West,5.8mph,  -,N/A,	,Partly Cloudy

10:51 AM,66.9°F,60.1°F,79%,29.95in,9.0mi,WNW,5.8mph,  -,N/A,	,Clear

11:51 AM,69.1°F,60.1°F,73%,29.93in,10.0mi,Calm,Calm,  -,N/A,	,Partly Cloudy

12:51 PM,71.1°F,59.0°F,66%,29.92in,10.0mi,Calm,Calm,  -,N/A,	,Clear

1:51 PM,72.0°F,55.9°F,57%,29.91in,10.0mi,Variable,3.5mph,  -,N/A,	,Clear

2:51 PM,73.9°F,55.0°F,52%,29.89in,10.0mi,Variable,3.5mph,  -,N/A,	,Clear

3:51 PM,72.0°F,55.0°F,55%,29.88in,10.0mi,South,3.5mph,  -,N/A,	,Clear

4:51 PM,73.0°F,52.0°F,48%,29.88in,10.0mi,Variable,4.6mph,  -,N/A,	,Clear

5:51 PM,71.1°F,50.0°F,47%,29.89in,10.0mi,WSW,5.8mph,  -,N/A,	,Clear

6:51 PM,69.1°F,53.1°F,57%,29.91in,10.0mi,North,  -,  -,N/A,	,Clear

7:51 PM,66.9°F,61.0°F,81%,29.93in,10.0mi,Variable,4.6mph,  -,N/A,	,Clear

8:51 PM,66.0°F,61.0°F,84%,29.94in,8.0mi,Calm,Calm,  -,N/A,	,Clear

9:51 PM,66.0°F,60.1°F,81%,29.95in,9.0mi,Calm,Calm,  -,N/A,	,Clear

10:51 PM,66.9°F,61.0°F,81%,29.97in,8.0mi,Calm,Calm,  -,N/A,	,Clear

11:51 PM,64.9°F,60.1°F,84%,29.98in,9.0mi,West,4.6mph,  -,N/A,	,Clear

