20161221
Time (EST),Temp.,Windchill,Dew Point,Humidity,Pressure,Visibility,Wind Dir,Wind Speed,Gust Speed,Precip,Events,Conditions

12:51 AM,30.9°F,27.5°F,12.9°F,47%,30.14in,10.0mi,West,3.5mph,17.3mph,N/A,	,Clear

1:51 AM,30.9°F,  -,14.0°F,50%,30.12in,10.0mi,North,  -,  -,N/A,	,Clear

2:51 AM,30.0°F,  -,15.1°F,54%,30.12in,10.0mi,Calm,Calm,  -,N/A,	,Clear

3:51 AM,30.0°F,23.2°F,16.0°F,56%,30.11in,10.0mi,Variable,6.9mph,  -,N/A,	,Clear

4:51 AM,30.0°F,26.5°F,16.0°F,56%,30.11in,10.0mi,West,3.5mph,  -,N/A,	,Clear

5:51 AM,30.9°F,27.5°F,17.1°F,57%,30.13in,10.0mi,Variable,3.5mph,  -,N/A,	,Clear

6:51 AM,30.9°F,  -,17.1°F,57%,30.14in,10.0mi,Calm,Calm,  -,N/A,	,Clear

7:51 AM,32.0°F,27.5°F,17.1°F,54%,30.15in,10.0mi,Variable,4.6mph,  -,N/A,	,Clear

8:51 AM,32.0°F,  -,18.0°F,56%,30.17in,10.0mi,Calm,Calm,  -,N/A,	,Clear

9:51 AM,34.0°F,  -,18.0°F,52%,30.19in,10.0mi,Calm,Calm,  -,N/A,	,Clear

10:51 AM,36.0°F,33.3°F,18.0°F,48%,30.18in,10.0mi,Variable,3.5mph,  -,N/A,	,Clear

11:51 AM,37.0°F,  -,18.0°F,46%,30.18in,10.0mi,Calm,Calm,  -,N/A,	,Clear

12:51 PM,37.9°F,35.5°F,18.0°F,45%,30.16in,10.0mi,West,3.5mph,  -,N/A,	,Clear

1:51 PM,39.0°F,  -,18.0°F,43%,30.17in,10.0mi,North,  -,  -,N/A,	,Clear

2:51 PM,39.9°F,  -,18.0°F,41%,30.17in,10.0mi,Calm,Calm,  -,N/A,	,Clear

3:51 PM,39.9°F,37.8°F,18.0°F,41%,30.18in,10.0mi,West,3.5mph,  -,N/A,	,Clear

4:51 PM,39.9°F,35.8°F,18.0°F,41%,30.19in,10.0mi,Variable,5.8mph,  -,N/A,	,Clear

5:51 PM,39.0°F,36.8°F,19.9°F,46%,30.19in,10.0mi,Variable,3.5mph,  -,N/A,	,Clear

6:51 PM,39.9°F,35.1°F,21.0°F,47%,30.21in,10.0mi,WSW,6.9mph,  -,N/A,	,Clear

7:51 PM,39.9°F,35.1°F,21.0°F,47%,30.21in,10.0mi,West,6.9mph,  -,N/A,	,Clear

8:51 PM,39.0°F,34.8°F,19.9°F,46%,30.20in,10.0mi,Variable,5.8mph,  -,N/A,	,Clear

9:51 PM,39.0°F,  -,19.9°F,46%,30.19in,10.0mi,Calm,Calm,  -,N/A,	,Clear

10:51 PM,39.0°F,  -,19.9°F,46%,30.18in,10.0mi,Calm,Calm,  -,N/A,	,Overcast

11:51 PM,39.0°F,  -,19.0°F,45%,30.16in,10.0mi,Calm,Calm,  -,N/A,	,Partly Cloudy

