20160118
Time (EST),Temp.,Windchill,Dew Point,Humidity,Pressure,Visibility,Wind Dir,Wind Speed,Gust Speed,Precip,Events,Conditions

12:51 AM,30.9°F,26.2°F,23.0°F,72%,29.68in,10.0mi,Variable,4.6mph,  -,N/A,	,Clear

1:51 AM,30.9°F,  -,24.1°F,76%,29.68in,8.0mi,North,  -,  -,N/A,	,Clear

2:51 AM,30.0°F,24.1°F,24.1°F,79%,29.68in,8.0mi,Variable,5.8mph,  -,N/A,	,Clear

3:51 AM,30.0°F,18.7°F,18.0°F,61%,29.69in,10.0mi,West,16.1mph,27.6mph,N/A,	,Clear

4:51 AM,28.9°F,18.6°F,9.0°F,43%,29.70in,10.0mi,WNW,12.7mph,24.2mph,N/A,	,Partly Cloudy

5:51 AM,27.0°F,15.2°F,3.0°F,36%,29.73in,10.0mi,WNW,15.0mph,27.6mph,N/A,	,Clear

6:32 AM,21.9°F,9.2°F,14.0°F,72%,29.79in,1.8mi,NW,13.8mph,25.3mph,0.00in,Snow,Light Snow

6:43 AM,23.0°F,9.6°F,12.9°F,65%,29.79in,3.0mi,NW,16.1mph,27.6mph,0.00in,Snow,Light Snow

6:51 AM,23.0°F,11.1°F,10.9°F,60%,29.78in,9.0mi,NW,12.7mph,32.2mph,0.00in,	,Overcast

7:51 AM,21.9°F,11.0°F,6.1°F,51%,29.79in,10.0mi,WNW,10.4mph,20.7mph,N/A,	,Mostly Cloudy

8:51 AM,23.0°F,17.0°F,3.9°F,44%,29.84in,10.0mi,Variable,4.6mph,23.0mph,N/A,	,Clear

9:51 AM,23.0°F,  -,3.0°F,42%,29.83in,10.0mi,North,  -,  -,N/A,	,Partly Cloudy

10:51 AM,24.1°F,13.7°F,1.0°F,37%,29.84in,10.0mi,West,10.4mph,24.2mph,N/A,	,Clear

11:51 AM,26.1°F,  -,1.0°F,34%,29.83in,10.0mi,North,  -,  -,N/A,	,Clear

12:51 PM,26.1°F,12.7°F,-0.9°F,31%,29.82in,10.0mi,NW,18.4mph,29.9mph,N/A,	,Clear

1:51 PM,28.0°F,18.6°F,-2.0°F,27%,29.81in,10.0mi,WNW,10.4mph,23.0mph,N/A,	,Mostly Cloudy

2:51 PM,26.1°F,15.0°F,-2.0°F,30%,29.83in,10.0mi,WNW,12.7mph,26.5mph,N/A,	,Mostly Cloudy

3:51 PM,25.0°F,11.3°F,-2.0°F,31%,29.85in,10.0mi,West,18.4mph,33.4mph,N/A,	,Mostly Cloudy

4:51 PM,23.0°F,13.1°F,1.0°F,39%,29.87in,10.0mi,WNW,9.2mph,23.0mph,N/A,	,Clear

5:51 PM,23.0°F,  -,1.9°F,40%,29.90in,10.0mi,North,  -,  -,N/A,	,Clear

6:51 PM,21.9°F,11.0°F,1.0°F,40%,29.94in,10.0mi,WNW,10.4mph,26.5mph,N/A,	,Clear

7:51 PM,21.0°F,5.7°F,1.9°F,44%,29.94in,10.0mi,West,19.6mph,27.6mph,N/A,	,Clear

8:51 PM,19.9°F,6.7°F,-0.0°F,42%,29.96in,10.0mi,WNW,13.8mph,23.0mph,N/A,	,Clear

9:51 PM,19.9°F,7.9°F,-0.0°F,42%,29.99in,10.0mi,WNW,11.5mph,24.2mph,N/A,	,Clear

10:51 PM,19.0°F,9.0°F,1.0°F,46%,29.97in,10.0mi,West,8.1mph,21.9mph,N/A,	,Clear

11:51 PM,18.0°F,5.4°F,1.0°F,48%,29.97in,10.0mi,WNW,11.5mph,21.9mph,N/A,	,Clear

