20160519
Time (EDT),Temp.,Dew Point,Humidity,Pressure,Visibility,Wind Dir,Wind Speed,Gust Speed,Precip,Events,Conditions

12:51 AM,55.0°F,42.1°F,62%,30.13in,10.0mi,Calm,Calm,  -,N/A,	,Overcast

1:51 AM,55.0°F,39.9°F,57%,30.12in,10.0mi,Calm,Calm,  -,N/A,	,Overcast

2:51 AM,55.0°F,41.0°F,59%,30.12in,10.0mi,Calm,Calm,  -,N/A,	,Overcast

3:51 AM,55.0°F,41.0°F,59%,30.11in,10.0mi,Calm,Calm,  -,N/A,	,Overcast

4:51 AM,55.0°F,39.0°F,55%,30.12in,10.0mi,Calm,Calm,  -,N/A,	,Overcast

5:51 AM,55.0°F,41.0°F,59%,30.12in,10.0mi,Calm,Calm,  -,N/A,	,Overcast

6:51 AM,57.0°F,42.1°F,57%,30.09in,10.0mi,Calm,Calm,  -,N/A,	,Overcast

7:51 AM,57.9°F,43.0°F,58%,30.10in,10.0mi,Calm,Calm,  -,N/A,	,Overcast

8:51 AM,60.1°F,43.0°F,53%,30.11in,10.0mi,Calm,Calm,  -,N/A,	,Overcast

9:51 AM,62.1°F,42.1°F,48%,30.10in,10.0mi,Calm,Calm,  -,N/A,	,Mostly Cloudy

10:51 AM,66.0°F,41.0°F,40%,30.10in,10.0mi,Variable,3.5mph,  -,N/A,	,Clear

11:51 AM,66.9°F,37.9°F,34%,30.09in,10.0mi,Calm,Calm,  -,N/A,	,Overcast

12:51 PM,71.1°F,39.0°F,31%,30.08in,10.0mi,Calm,Calm,  -,N/A,	,Partly Cloudy

1:51 PM,69.1°F,39.0°F,33%,30.08in,10.0mi,Variable,3.5mph,  -,N/A,	,Mostly Cloudy

2:51 PM,68.0°F,43.0°F,40%,30.07in,10.0mi,Variable,5.8mph,  -,N/A,	,Overcast

3:51 PM,64.9°F,45.0°F,48%,30.07in,10.0mi,Variable,5.8mph,  -,N/A,	,Mostly Cloudy

4:51 PM,64.0°F,42.1°F,45%,30.06in,10.0mi,South,8.1mph,  -,N/A,	,Scattered Clouds

5:51 PM,63.0°F,41.0°F,45%,30.06in,10.0mi,Calm,Calm,  -,N/A,	,Clear

6:51 PM,63.0°F,39.9°F,43%,30.08in,10.0mi,Variable,3.5mph,  -,N/A,	,Mostly Cloudy

7:51 PM,60.1°F,39.9°F,47%,30.10in,10.0mi,Calm,Calm,  -,N/A,	,Mostly Cloudy

8:51 PM,57.9°F,42.1°F,56%,30.11in,10.0mi,Calm,Calm,  -,N/A,	,Partly Cloudy

9:51 PM,57.0°F,43.0°F,59%,30.13in,10.0mi,Calm,Calm,  -,N/A,	,Clear

10:51 PM,57.0°F,45.0°F,64%,30.14in,10.0mi,Calm,Calm,  -,N/A,	,Clear

11:51 PM,59.0°F,42.1°F,53%,30.14in,10.0mi,Calm,Calm,  -,N/A,	,Clear

