20160818
Time (EDT),Temp.,Heat Index,Dew Point,Humidity,Pressure,Visibility,Wind Dir,Wind Speed,Gust Speed,Precip,Events,Conditions

12:51 AM,79.0°F,  -,63.0°F,58%,30.02in,10.0mi,Variable,3.5mph,  -,N/A,	,Overcast

1:51 AM,78.1°F,  -,62.1°F,58%,30.02in,10.0mi,Calm,Calm,  -,N/A,	,Overcast

2:51 AM,78.1°F,  -,64.0°F,62%,30.01in,10.0mi,Calm,Calm,  -,N/A,	,Overcast

3:51 AM,78.1°F,  -,64.0°F,62%,30.01in,10.0mi,Calm,Calm,  -,N/A,	,Overcast

4:51 AM,73.0°F,  -,66.9°F,81%,30.01in,4.0mi,WSW,3.5mph,  -,0.01in,Rain,Light Rain

5:51 AM,73.0°F,  -,70.0°F,90%,30.00in,10.0mi,Calm,Calm,  -,0.02in,	,Overcast

6:51 AM,72.0°F,  -,68.0°F,87%,30.01in,9.0mi,NE,5.8mph,  -,N/A,	,Overcast

7:51 AM,73.0°F,  -,66.9°F,81%,30.02in,10.0mi,North,3.5mph,  -,N/A,	,Overcast

8:51 AM,75.9°F,  -,64.0°F,67%,30.01in,9.0mi,NNE,4.6mph,  -,N/A,	,Mostly Cloudy

9:51 AM,75.9°F,  -,66.9°F,74%,30.01in,9.0mi,Variable,4.6mph,  -,N/A,	,Overcast

10:51 AM,78.1°F,  -,64.9°F,64%,30.01in,9.0mi,ENE,5.8mph,  -,N/A,	,Overcast

11:51 AM,79.0°F,  -,64.9°F,62%,30.00in,9.0mi,Calm,Calm,  -,N/A,	,Overcast

12:51 PM,81.0°F,83.0°F,66.0°F,60%,29.99in,8.0mi,Calm,Calm,  -,N/A,	,Overcast

1:51 PM,81.0°F,83.3°F,66.9°F,62%,29.97in,8.0mi,Calm,Calm,  -,N/A,	,Overcast

2:51 PM,81.0°F,83.3°F,66.9°F,62%,29.96in,8.0mi,WSW,3.5mph,  -,N/A,	,Mostly Cloudy

3:51 PM,84.0°F,85.8°F,64.9°F,53%,29.94in,8.0mi,Variable,3.5mph,  -,N/A,	,Mostly Cloudy

4:51 PM,82.9°F,85.0°F,66.0°F,56%,29.92in,9.0mi,Variable,3.5mph,  -,N/A,	,Partly Cloudy

5:51 PM,82.9°F,84.6°F,64.9°F,54%,29.92in,9.0mi,Calm,Calm,  -,N/A,	,Clear

6:51 PM,82.9°F,85.4°F,66.9°F,58%,29.92in,9.0mi,Calm,Calm,  -,N/A,	,Partly Cloudy

7:51 PM,81.0°F,82.2°F,63.0°F,54%,29.92in,10.0mi,Calm,Calm,  -,N/A,	,Clear

8:51 PM,81.0°F,82.5°F,64.0°F,56%,29.93in,10.0mi,Calm,Calm,  -,N/A,	,Clear

9:51 PM,79.0°F,  -,68.0°F,69%,29.95in,9.0mi,Calm,Calm,  -,N/A,	,Scattered Clouds

10:51 PM,79.0°F,  -,66.9°F,66%,29.95in,10.0mi,Calm,Calm,  -,N/A,	,Overcast

11:51 PM,78.1°F,  -,69.1°F,74%,29.94in,10.0mi,Calm,Calm,  -,N/A,	,Scattered Clouds

