20160518
Time (EDT),Temp.,Dew Point,Humidity,Pressure,Visibility,Wind Dir,Wind Speed,Gust Speed,Precip,Events,Conditions

12:55 AM,51.8°F,48.2°F,88%,		-,  -,North,  -,  -,N/A,	,Unknown

1:55 AM,53.6°F,48.2°F,82%,		-,  -,North,  -,  -,N/A,	,Unknown

2:55 AM,51.8°F,48.2°F,88%,		-,  -,North,  -,  -,N/A,	,Unknown

3:51 AM,51.8°F,46.4°F,82%,		-,  -,North,  -,  -,N/A,	,Unknown

4:53 AM,53.6°F,41.0°F,62%,		-,  -,North,  -,  -,N/A,	,Unknown

5:52 AM,53.6°F,37.4°F,54%,		-,  -,North,  -,  -,N/A,	,Unknown

6:53 AM,53.6°F,37.4°F,54%,		-,  -,North,  -,  -,N/A,	,Unknown

7:53 AM,55.4°F,37.4°F,51%,		-,  -,North,  -,  -,N/A,	,Unknown

8:53 AM,57.2°F,37.4°F,48%,		-,  -,North,  -,  -,N/A,	,Unknown

9:53 AM,59.0°F,35.6°F,42%,		-,  -,North,  -,  -,N/A,	,Unknown

10:53 AM,60.8°F,35.6°F,39%,		-,  -,North,  -,  -,N/A,	,Unknown

11:53 AM,62.6°F,33.8°F,34%,		-,  -,North,  -,  -,N/A,	,Unknown

12:53 PM,64.4°F,33.8°F,32%,		-,  -,North,  -,  -,N/A,	,Unknown

1:53 PM,68.0°F,33.8°F,28%,		-,  -,North,  -,  -,N/A,	,Unknown

2:54 PM,66.2°F,35.6°F,32%,		-,  -,North,  -,  -,N/A,	,Unknown

3:53 PM,64.4°F,35.6°F,34%,		-,  -,North,  -,  -,N/A,	,Unknown

4:54 PM,62.6°F,37.4°F,39%,		-,  -,North,  -,  -,N/A,	,Unknown

5:54 PM,59.0°F,37.4°F,45%,		-,  -,North,  -,  -,N/A,	,Unknown

6:51 PM,57.9°F,37.9°F,47%,30.12in,  -,Variable,4.6mph,  -,N/A,	,Unknown

7:51 PM,57.9°F,39.0°F,49%,30.11in,10.0mi,Variable,3.5mph,  -,N/A,	,Overcast

8:51 PM,57.0°F,37.9°F,49%,30.12in,10.0mi,South,4.6mph,  -,N/A,	,Overcast

9:51 PM,57.0°F,39.9°F,53%,30.13in,10.0mi,Calm,Calm,  -,N/A,	,Overcast

10:51 PM,55.0°F,45.0°F,69%,30.13in,10.0mi,Calm,Calm,  -,N/A,	,Overcast

11:51 PM,55.0°F,43.0°F,64%,30.13in,10.0mi,Calm,Calm,  -,0.00in,	,Overcast

