20161209
Time (EST),Temp.,Windchill,Dew Point,Humidity,Pressure,Visibility,Wind Dir,Wind Speed,Gust Speed,Precip,Events,Conditions

12:51 AM,35.6°F,  -,15.8°F,44%,		-,  -,North,  -,  -,N/A,	,Unknown

1:51 AM,33.8°F,  -,15.8°F,48%,		-,  -,North,  -,  -,N/A,	,Unknown

2:51 AM,33.8°F,  -,15.8°F,48%,		-,  -,North,  -,  -,N/A,	,Unknown

3:51 AM,33.8°F,  -,15.8°F,48%,		-,  -,North,  -,  -,N/A,	,Unknown

4:51 AM,33.8°F,  -,17.6°F,52%,		-,  -,North,  -,  -,N/A,	,Unknown

5:51 AM,33.8°F,  -,19.4°F,56%,		-,  -,North,  -,  -,N/A,	,Unknown

6:51 AM,33.8°F,  -,19.4°F,56%,		-,  -,North,  -,  -,N/A,	,Unknown

7:51 AM,33.8°F,  -,19.4°F,56%,		-,  -,North,  -,  -,N/A,	,Unknown

8:51 AM,35.6°F,  -,19.4°F,52%,		-,  -,North,  -,  -,N/A,	,Unknown

9:51 AM,37.4°F,  -,17.6°F,45%,		-,  -,North,  -,  -,N/A,	,Unknown

10:51 AM,39.2°F,  -,19.4°F,45%,		-,  -,North,  -,  -,N/A,	,Unknown

11:51 AM,39.2°F,  -,19.4°F,45%,		-,  -,North,  -,  -,N/A,	,Unknown

12:51 PM,41.0°F,  -,19.4°F,42%,		-,  -,North,  -,  -,N/A,	,Unknown

1:51 PM,39.2°F,  -,14.0°F,36%,		-,  -,North,  -,  -,N/A,	,Unknown

2:51 PM,39.0°F,32.3°F,10.9°F,32%,30.11in,10.0mi,NW,10.4mph,23.0mph,N/A,	,Mostly Cloudy

3:51 PM,37.0°F,  -,12.9°F,37%,30.15in,10.0mi,North,  -,  -,N/A,	,Overcast

4:51 PM,36.0°F,29.0°F,12.9°F,39%,30.17in,10.0mi,NW,9.2mph,17.3mph,N/A,	,Overcast

5:51 PM,35.1°F,27.4°F,12.0°F,39%,30.21in,10.0mi,NW,10.4mph,19.6mph,N/A,	,Mostly Cloudy

6:51 PM,33.1°F,24.9°F,10.9°F,40%,30.23in,10.0mi,West,10.4mph,25.3mph,N/A,	,Clear

7:51 PM,32.0°F,23.0°F,12.0°F,44%,30.26in,10.0mi,NW,11.5mph,21.9mph,N/A,	,Clear

8:51 PM,30.9°F,22.8°F,10.9°F,43%,30.27in,10.0mi,NW,9.2mph,23.0mph,N/A,	,Clear

9:51 PM,30.9°F,23.5°F,10.9°F,43%,30.28in,10.0mi,WNW,8.1mph,  -,N/A,	,Clear

10:51 PM,30.9°F,24.3°F,10.9°F,43%,30.28in,10.0mi,West,6.9mph,  -,N/A,	,Clear

11:51 PM,30.0°F,22.4°F,12.9°F,49%,30.28in,10.0mi,WNW,8.1mph,  -,N/A,	,Clear

