20160912
Time (EDT),Temp.,Dew Point,Humidity,Pressure,Visibility,Wind Dir,Wind Speed,Gust Speed,Precip,Events,Conditions

12:51 AM,68.0°F,46.0°F,45%,30.17in,10.0mi,Variable,4.6mph,  -,N/A,	,Clear

1:51 AM,66.9°F,46.0°F,47%,30.17in,10.0mi,Variable,4.6mph,  -,N/A,	,Clear

2:51 AM,66.0°F,46.0°F,48%,30.18in,10.0mi,ENE,6.9mph,  -,N/A,	,Clear

3:51 AM,64.9°F,45.0°F,48%,30.19in,10.0mi,ENE,8.1mph,  -,N/A,	,Clear

4:51 AM,62.1°F,46.9°F,58%,30.21in,10.0mi,East,8.1mph,  -,N/A,	,Clear

5:51 AM,63.0°F,46.9°F,56%,30.22in,10.0mi,ENE,5.8mph,  -,N/A,	,Clear

6:51 AM,62.1°F,48.0°F,60%,30.24in,10.0mi,NE,4.6mph,  -,N/A,	,Clear

7:51 AM,64.9°F,48.0°F,54%,30.25in,10.0mi,NE,6.9mph,  -,N/A,	,Clear

8:51 AM,66.9°F,48.9°F,52%,30.26in,10.0mi,NE,5.8mph,  -,N/A,	,Clear

9:51 AM,69.1°F,51.1°F,53%,30.27in,10.0mi,East,6.9mph,  -,N/A,	,Clear

10:51 AM,70.0°F,52.0°F,53%,30.27in,10.0mi,Variable,5.8mph,  -,N/A,	,Clear

11:51 AM,75.0°F,51.1°F,43%,30.25in,10.0mi,Variable,5.8mph,  -,N/A,	,Clear

12:51 PM,78.1°F,48.9°F,36%,30.24in,10.0mi,Calm,Calm,  -,N/A,	,Clear

1:51 PM,73.0°F,51.1°F,46%,30.23in,10.0mi,Calm,Calm,  -,N/A,	,Partly Cloudy

2:51 PM,72.0°F,55.0°F,55%,30.22in,10.0mi,Variable,3.5mph,  -,N/A,	,Clear

3:51 PM,75.0°F,55.0°F,50%,30.21in,10.0mi,Variable,5.8mph,  -,N/A,	,Partly Cloudy

4:51 PM,73.4°F,53.6°F,50%,30.23in,10.0mi,Calm,Calm,  -,N/A,	,Clear

5:51 PM,72.0°F,54.0°F,53%,30.20in,10.0mi,Variable,3.5mph,  -,N/A,	,Clear

6:51 PM,70.0°F,55.0°F,59%,30.20in,10.0mi,North,  -,  -,N/A,	,Clear

7:51 PM,69.1°F,55.0°F,61%,30.21in,10.0mi,South,6.9mph,  -,N/A,	,Clear

8:51 PM,68.0°F,55.9°F,65%,30.22in,10.0mi,Calm,Calm,  -,N/A,	,Clear

9:51 PM,68.0°F,55.9°F,65%,30.22in,10.0mi,Variable,3.5mph,  -,N/A,	,Clear

10:51 PM,66.9°F,57.0°F,70%,30.22in,10.0mi,WSW,3.5mph,  -,N/A,	,Clear

11:51 PM,66.0°F,57.0°F,73%,30.22in,10.0mi,Calm,Calm,  -,N/A,	,Clear

