20160614
Time (EDT),Temp.,Dew Point,Humidity,Pressure,Visibility,Wind Dir,Wind Speed,Gust Speed,Precip,Events,Conditions

12:51 AM,64.0°F,46.9°F,54%,29.85in,10.0mi,Variable,5.8mph,  -,N/A,	,Overcast

1:51 AM,64.0°F,48.0°F,56%,29.86in,10.0mi,North,  -,  -,N/A,	,Overcast

2:51 AM,62.1°F,46.9°F,58%,29.86in,10.0mi,North,  -,  -,N/A,	,Clear

3:51 AM,61.0°F,46.9°F,60%,29.87in,10.0mi,Variable,5.8mph,  -,N/A,	,Clear

4:51 AM,60.1°F,46.0°F,60%,29.89in,10.0mi,Variable,6.9mph,  -,N/A,	,Clear

5:51 AM,59.0°F,46.9°F,64%,29.92in,10.0mi,North,  -,  -,N/A,	,Clear

6:51 AM,59.0°F,46.9°F,64%,29.94in,10.0mi,Variable,4.6mph,  -,N/A,	,Clear

7:51 AM,60.1°F,46.0°F,60%,29.94in,10.0mi,Calm,Calm,  -,N/A,	,Clear

8:51 AM,62.1°F,44.1°F,52%,29.95in,10.0mi,Variable,4.6mph,  -,N/A,	,Clear

9:51 AM,64.0°F,42.1°F,45%,29.94in,10.0mi,Variable,3.5mph,  -,N/A,	,Clear

10:51 AM,68.0°F,42.1°F,39%,29.94in,10.0mi,Variable,5.8mph,  -,N/A,	,Clear

11:51 AM,71.1°F,42.1°F,35%,29.93in,10.0mi,Variable,4.6mph,  -,N/A,	,Clear

12:51 PM,73.9°F,41.0°F,30%,29.92in,10.0mi,Variable,4.6mph,  -,N/A,	,Clear

1:51 PM,75.9°F,43.0°F,31%,29.91in,10.0mi,Variable,3.5mph,  -,N/A,	,Clear

2:51 PM,77.0°F,43.0°F,30%,29.91in,10.0mi,Variable,3.5mph,  -,N/A,	,Clear

3:51 PM,79.0°F,43.0°F,28%,29.90in,10.0mi,North,4.6mph,  -,N/A,	,Clear

4:51 PM,78.1°F,44.1°F,30%,29.90in,10.0mi,Variable,5.8mph,  -,N/A,	,Clear

5:51 PM,78.1°F,42.1°F,28%,29.89in,10.0mi,WNW,8.1mph,  -,N/A,	,Clear

6:51 PM,77.0°F,45.0°F,32%,29.91in,10.0mi,Calm,Calm,  -,N/A,	,Clear

7:51 PM,75.9°F,44.1°F,32%,29.91in,10.0mi,Variable,4.6mph,  -,N/A,	,Clear

8:51 PM,75.0°F,44.1°F,33%,29.93in,10.0mi,Variable,5.8mph,  -,N/A,	,Clear

9:51 PM,73.9°F,45.0°F,35%,29.95in,10.0mi,West,5.8mph,  -,N/A,	,Clear

10:51 PM,71.1°F,45.0°F,39%,29.96in,10.0mi,WNW,3.5mph,  -,N/A,	,Clear

11:51 PM,70.0°F,46.0°F,42%,29.97in,10.0mi,Calm,Calm,  -,N/A,	,Clear

