20160501
Time (EDT),Temp.,Windchill,Dew Point,Humidity,Pressure,Visibility,Wind Dir,Wind Speed,Gust Speed,Precip,Events,Conditions

12:51 AM,50.0°F,  -,32.0°F,50%,30.23in,10.0mi,Variable,3.5mph,  -,N/A,	,Clear

1:51 AM,50.0°F,  -,37.0°F,61%,30.21in,10.0mi,North,  -,  -,N/A,	,Clear

2:51 AM,50.0°F,  -,33.1°F,52%,30.19in,10.0mi,SSE,5.8mph,  -,N/A,	,Mostly Cloudy

3:51 AM,50.0°F,  -,32.0°F,50%,30.20in,10.0mi,Calm,Calm,  -,N/A,	,Overcast

4:51 AM,50.0°F,  -,34.0°F,54%,30.19in,10.0mi,Calm,Calm,  -,N/A,	,Overcast

5:51 AM,50.0°F,  -,36.0°F,59%,30.19in,10.0mi,Variable,3.5mph,  -,N/A,	,Overcast

6:51 AM,50.0°F,  -,37.0°F,61%,30.21in,10.0mi,Calm,Calm,  -,N/A,	,Overcast

7:51 AM,48.9°F,  -,36.0°F,61%,30.22in,10.0mi,South,6.9mph,  -,N/A,	,Overcast

8:51 AM,48.0°F,  -,41.0°F,77%,30.24in,6.0mi,Calm,Calm,  -,0.01in,Rain,Light Rain

9:51 AM,46.9°F,  -,43.0°F,86%,30.22in,5.0mi,Variable,3.5mph,  -,0.05in,Rain,Light Rain

10:48 AM,48.2°F,  -,42.8°F,82%,30.23in,5.0mi,SSE,6.9mph,  -,0.03in,Rain,Light Rain

10:51 AM,48.0°F,  -,44.1°F,86%,30.20in,6.0mi,Variable,5.8mph,  -,0.03in,Rain,Light Rain

11:16 AM,48.0°F,  -,42.1°F,80%,30.23in,10.0mi,Calm,Calm,  -,0.00in,	,Overcast

11:23 AM,48.0°F,  -,43.0°F,83%,30.23in,10.0mi,Variable,4.6mph,  -,0.00in,	,Overcast

11:51 AM,46.9°F,  -,43.0°F,86%,30.19in,2.5mi,SSE,8.1mph,  -,0.02in,Rain,Light Rain

11:59 AM,46.9°F,  -,43.0°F,86%,30.21in,5.0mi,Variable,5.8mph,  -,0.01in,Rain,Light Rain

12:51 PM,46.9°F,  -,43.0°F,86%,30.17in,7.0mi,North,  -,  -,0.03in,Rain,Light Rain

1:25 PM,46.9°F,  -,42.1°F,83%,30.19in,10.0mi,SSE,8.1mph,18.4mph,0.00in,	,Overcast

1:51 PM,48.0°F,  -,43.0°F,83%,30.16in,10.0mi,Variable,5.8mph,  -,0.00in,	,Overcast

2:04 PM,48.0°F,  -,43.0°F,83%,30.17in,10.0mi,Variable,3.5mph,  -,N/A,	,Overcast

2:51 PM,48.0°F,  -,42.1°F,80%,30.15in,10.0mi,Variable,5.8mph,  -,N/A,	,Overcast

3:51 PM,48.9°F,  -,41.0°F,74%,30.14in,10.0mi,Variable,3.5mph,  -,N/A,	,Overcast

4:51 PM,48.0°F,  -,43.0°F,83%,30.12in,7.0mi,Variable,5.8mph,  -,0.01in,Rain,Light Rain

4:59 PM,48.0°F,  -,43.0°F,83%,30.14in,7.0mi,East,6.9mph,  -,0.00in,Rain,Light Rain

5:49 PM,48.2°F,  -,44.6°F,87%,30.13in,2.0mi,ENE,6.9mph,  -,0.00in,Rain,Light Rain

5:51 PM,48.0°F,  -,45.0°F,89%,30.11in,2.0mi,Variable,5.8mph,  -,0.00in,Rain,Light Rain

6:09 PM,48.0°F,  -,45.0°F,89%,30.13in,4.0mi,ENE,5.8mph,  -,0.01in,	,Overcast

6:21 PM,48.0°F,  -,46.0°F,93%,30.13in,2.0mi,East,4.6mph,  -,0.01in,	,Overcast

6:35 PM,48.0°F,  -,45.0°F,89%,30.13in,1.8mi,ENE,8.1mph,  -,0.01in,	,Overcast

6:51 PM,46.9°F,  -,45.0°F,93%,30.10in,1.8mi,ENE,9.2mph,  -,0.01in,	,Overcast

7:15 PM,46.9°F,  -,45.0°F,93%,30.12in,2.0mi,Variable,4.6mph,  -,N/A,	,Overcast

7:29 PM,46.9°F,  -,45.0°F,93%,30.12in,1.5mi,ENE,11.5mph,  -,N/A,	,Overcast

7:39 PM,46.9°F,  -,45.0°F,93%,30.12in,3.0mi,ENE,9.2mph,  -,N/A,	,Overcast

7:47 PM,46.4°F,41.9°F,44.6°F,93%,30.13in,2.5mi,ENE,9.2mph,  -,N/A,	,Overcast

7:51 PM,46.9°F,  -,44.1°F,90%,30.11in,3.0mi,ENE,9.2mph,  -,N/A,	,Overcast

8:51 PM,45.0°F,40.1°F,42.1°F,90%,30.11in,6.0mi,East,9.2mph,  -,0.00in,	,Overcast

9:51 PM,45.0°F,41.2°F,42.1°F,90%,30.09in,8.0mi,Variable,6.9mph,  -,N/A,	,Overcast

10:51 PM,45.0°F,41.8°F,42.1°F,90%,30.09in,9.0mi,Variable,5.8mph,  -,N/A,	,Overcast

11:51 PM,46.0°F,  -,44.1°F,93%,30.09in,3.0mi,Calm,Calm,  -,N/A,	,Overcast

