20160827
Time (EDT),Temp.,Heat Index,Dew Point,Humidity,Pressure,Visibility,Wind Dir,Wind Speed,Gust Speed,Precip,Events,Conditions

12:51 AM,77.0°F,  -,62.6°F,61%,		-,  -,North,  -,  -,N/A,	,Unknown

1:51 AM,75.2°F,  -,62.6°F,65%,		-,  -,North,  -,  -,N/A,	,Unknown

2:51 AM,73.4°F,  -,62.6°F,69%,		-,  -,North,  -,  -,N/A,	,Unknown

3:51 AM,75.2°F,  -,59.0°F,57%,		-,  -,North,  -,  -,N/A,	,Unknown

4:51 AM,75.2°F,  -,57.2°F,53%,		-,  -,North,  -,  -,N/A,	,Unknown

5:51 AM,73.4°F,  -,59.0°F,61%,		-,  -,North,  -,  -,N/A,	,Unknown

6:51 AM,75.2°F,  -,59.0°F,57%,		-,  -,North,  -,  -,N/A,	,Unknown

7:51 AM,75.2°F,  -,59.0°F,57%,		-,  -,North,  -,  -,N/A,	,Unknown

8:51 AM,77.0°F,  -,59.0°F,54%,		-,  -,North,  -,  -,N/A,	,Unknown

9:51 AM,80.6°F,81.1°F,59.0°F,48%,		-,  -,North,  -,  -,N/A,	,Unknown

10:51 AM,82.4°F,82.0°F,57.2°F,42%,		-,  -,North,  -,  -,N/A,	,Unknown

11:51 AM,82.4°F,81.7°F,55.4°F,39%,		-,  -,North,  -,  -,N/A,	,Unknown

12:51 PM,87.8°F,86.5°F,57.2°F,35%,		-,  -,North,  -,  -,N/A,	,Unknown

1:51 PM,88.0°F,87.1°F,59.0°F,37%,30.20in,9.0mi,Variable,3.5mph,  -,N/A,	,Clear

2:51 PM,88.0°F,87.1°F,59.0°F,37%,30.19in,9.0mi,Calm,Calm,  -,N/A,	,Clear

3:51 PM,84.0°F,83.5°F,57.9°F,41%,30.20in,9.0mi,Variable,5.8mph,16.1mph,N/A,	,Clear

4:51 PM,82.9°F,82.4°F,57.0°F,41%,30.20in,9.0mi,Variable,6.9mph,  -,N/A,	,Clear

5:51 PM,82.0°F,82.0°F,57.9°F,44%,30.20in,9.0mi,Variable,4.6mph,  -,N/A,	,Clear

6:51 PM,81.0°F,81.0°F,57.0°F,44%,30.20in,9.0mi,Variable,3.5mph,  -,N/A,	,Clear

7:51 PM,78.1°F,  -,57.9°F,50%,30.22in,10.0mi,Variable,4.6mph,  -,N/A,	,Clear

8:51 PM,78.1°F,  -,57.0°F,48%,30.24in,10.0mi,Calm,Calm,  -,N/A,	,Clear

9:51 PM,77.0°F,  -,55.9°F,48%,30.25in,10.0mi,Calm,Calm,  -,N/A,	,Clear

10:51 PM,77.0°F,  -,55.0°F,47%,30.26in,10.0mi,Variable,3.5mph,  -,N/A,	,Clear

11:51 PM,75.9°F,  -,57.0°F,52%,30.25in,10.0mi,Calm,Calm,  -,N/A,	,Clear

