20160606
Time (EDT),Temp.,Heat Index,Dew Point,Humidity,Pressure,Visibility,Wind Dir,Wind Speed,Gust Speed,Precip,Events,Conditions

12:51 AM,66.0°F,  -,63.0°F,90%,29.66in,6.0mi,WSW,4.6mph,  -,N/A,	,Clear

1:12 AM,66.0°F,  -,63.0°F,90%,29.68in,5.0mi,Variable,5.8mph,  -,N/A,	,Mostly Cloudy

1:51 AM,66.0°F,  -,64.0°F,93%,29.65in,6.0mi,Variable,3.5mph,  -,N/A,	,Overcast

2:51 AM,66.0°F,  -,64.0°F,93%,29.65in,5.0mi,Variable,4.6mph,  -,N/A,	,Overcast

3:51 AM,66.0°F,  -,64.0°F,93%,29.65in,5.0mi,Calm,Calm,  -,N/A,	,Overcast

4:51 AM,66.0°F,  -,64.0°F,93%,29.65in,5.0mi,Variable,4.6mph,  -,N/A,	,Overcast

5:04 AM,66.9°F,  -,64.0°F,90%,29.67in,6.0mi,WSW,4.6mph,  -,N/A,	,Overcast

5:51 AM,66.0°F,  -,64.0°F,93%,29.65in,4.0mi,Variable,5.8mph,  -,N/A,	,Clear

6:11 AM,66.9°F,  -,64.0°F,90%,29.69in,5.0mi,Variable,6.9mph,  -,N/A,	,Partly Cloudy

6:51 AM,66.9°F,  -,64.0°F,90%,29.67in,5.0mi,West,4.6mph,  -,N/A,	,Clear

7:51 AM,69.1°F,  -,64.0°F,84%,29.68in,6.0mi,Variable,5.8mph,  -,N/A,	,Haze

8:51 AM,71.1°F,  -,61.0°F,70%,29.68in,8.0mi,WNW,5.8mph,  -,N/A,	,Clear

9:51 AM,72.0°F,  -,61.0°F,68%,29.69in,9.0mi,West,6.9mph,17.3mph,N/A,	,Mostly Cloudy

10:51 AM,75.0°F,  -,55.9°F,51%,29.69in,9.0mi,Variable,3.5mph,  -,N/A,	,Partly Cloudy

11:51 AM,78.1°F,  -,55.9°F,46%,29.69in,9.0mi,West,8.1mph,  -,N/A,	,Partly Cloudy

12:51 PM,80.1°F,80.1°F,55.0°F,42%,29.69in,9.0mi,WSW,8.1mph,  -,N/A,	,Clear

1:51 PM,81.0°F,80.8°F,55.9°F,42%,29.67in,9.0mi,Variable,6.9mph,  -,N/A,	,Partly Cloudy

2:51 PM,82.0°F,81.6°F,55.9°F,41%,29.66in,9.0mi,Variable,4.6mph,  -,N/A,	,Clear

3:51 PM,82.0°F,81.6°F,55.9°F,41%,29.65in,8.0mi,Variable,6.9mph,  -,N/A,	,Overcast

4:51 PM,82.0°F,81.4°F,55.0°F,39%,29.64in,9.0mi,Variable,3.5mph,  -,N/A,	,Scattered Clouds

5:51 PM,81.0°F,80.8°F,55.9°F,42%,29.64in,9.0mi,West,10.4mph,  -,N/A,	,Scattered Clouds

6:51 PM,80.1°F,80.2°F,55.9°F,43%,29.63in,9.0mi,Variable,4.6mph,  -,N/A,	,Clear

7:51 PM,81.0°F,80.5°F,54.0°F,39%,29.65in,9.0mi,West,9.2mph,  -,N/A,	,Clear

8:51 PM,79.0°F,  -,55.0°F,44%,29.65in,10.0mi,SW,4.6mph,  -,N/A,	,Clear

9:51 PM,78.1°F,  -,57.9°F,50%,29.65in,10.0mi,SW,6.9mph,  -,N/A,	,Clear

10:51 PM,78.1°F,  -,57.9°F,50%,29.65in,9.0mi,Variable,5.8mph,  -,N/A,	,Mostly Cloudy

11:51 PM,77.0°F,  -,57.9°F,52%,29.64in,10.0mi,Variable,6.9mph,  -,N/A,	,Clear

