20160531
Time (EDT),Temp.,Heat Index,Dew Point,Humidity,Pressure,Visibility,Wind Dir,Wind Speed,Gust Speed,Precip,Events,Conditions

12:04 AM,72.0°F,  -,66.0°F,81%,29.98in,10.0mi,North,  -,  -,N/A,	,Scattered Clouds

12:51 AM,72.0°F,  -,66.0°F,81%,29.94in,10.0mi,Variable,4.6mph,  -,N/A,	,Scattered Clouds

1:03 AM,72.0°F,  -,66.0°F,81%,29.97in,10.0mi,North,  -,  -,N/A,	,Mostly Cloudy

1:51 AM,73.0°F,  -,66.0°F,79%,29.93in,10.0mi,Variable,3.5mph,  -,N/A,	,Overcast

2:51 AM,72.0°F,  -,66.0°F,81%,29.93in,10.0mi,North,  -,  -,N/A,	,Overcast

3:19 AM,72.0°F,  -,66.0°F,81%,29.96in,9.0mi,WSW,5.8mph,  -,N/A,	,Overcast

3:51 AM,72.0°F,  -,66.0°F,81%,29.93in,9.0mi,SW,6.9mph,  -,N/A,	,Overcast

4:51 AM,72.0°F,  -,66.0°F,81%,29.93in,9.0mi,Variable,3.5mph,  -,N/A,	,Overcast

5:51 AM,72.0°F,  -,66.9°F,84%,29.93in,7.0mi,Variable,3.5mph,  -,N/A,	,Scattered Clouds

6:51 AM,72.0°F,  -,66.9°F,84%,29.94in,6.0mi,Calm,Calm,  -,N/A,	,Haze

7:51 AM,73.0°F,  -,66.0°F,79%,29.96in,7.0mi,Variable,6.9mph,  -,N/A,	,Scattered Clouds

8:51 AM,73.9°F,  -,64.9°F,73%,29.97in,7.0mi,Variable,3.5mph,  -,N/A,	,Mostly Cloudy

9:51 AM,75.9°F,  -,61.0°F,60%,29.97in,8.0mi,ENE,5.8mph,  -,N/A,	,Mostly Cloudy

10:51 AM,78.1°F,  -,61.0°F,56%,29.98in,9.0mi,Variable,4.6mph,  -,N/A,	,Partly Cloudy

11:51 AM,81.0°F,81.7°F,61.0°F,50%,29.97in,8.0mi,South,4.6mph,  -,N/A,	,Clear

12:51 PM,82.0°F,82.7°F,61.0°F,49%,29.96in,8.0mi,Calm,Calm,  -,N/A,	,Partly Cloudy

1:51 PM,84.9°F,84.8°F,60.1°F,43%,29.94in,8.0mi,Calm,Calm,  -,N/A,	,Partly Cloudy

2:51 PM,82.9°F,84.4°F,64.0°F,53%,29.92in,8.0mi,Variable,3.5mph,  -,N/A,	,Partly Cloudy

3:51 PM,80.1°F,81.1°F,61.0°F,52%,29.92in,8.0mi,Variable,6.9mph,  -,N/A,	,Scattered Clouds

4:51 PM,80.1°F,80.7°F,59.0°F,48%,29.91in,8.0mi,Variable,3.5mph,  -,N/A,	,Clear

5:51 PM,78.1°F,  -,59.0°F,52%,29.92in,9.0mi,Variable,4.6mph,  -,N/A,	,Clear

6:51 PM,78.1°F,  -,60.1°F,54%,29.93in,8.0mi,South,3.5mph,  -,N/A,	,Clear

7:51 PM,75.0°F,  -,63.0°F,66%,29.94in,7.0mi,Calm,Calm,  -,N/A,	,Clear

8:51 PM,73.9°F,  -,62.1°F,66%,29.95in,8.0mi,Calm,Calm,  -,N/A,	,Clear

9:51 PM,73.9°F,  -,63.0°F,68%,29.96in,8.0mi,Calm,Calm,  -,N/A,	,Clear

10:51 PM,73.9°F,  -,64.0°F,71%,29.97in,8.0mi,WSW,6.9mph,  -,N/A,	,Clear

11:51 PM,73.9°F,  -,64.9°F,73%,29.98in,8.0mi,Calm,Calm,  -,N/A,	,Clear

