20160528
Time (EDT),Temp.,Heat Index,Dew Point,Humidity,Pressure,Visibility,Wind Dir,Wind Speed,Gust Speed,Precip,Events,Conditions

12:51 AM,75.0°F,  -,63.0°F,66%,30.07in,8.0mi,Variable,5.8mph,  -,N/A,	,Clear

1:51 AM,75.0°F,  -,61.0°F,62%,30.08in,9.0mi,Variable,4.6mph,  -,N/A,	,Clear

2:51 AM,73.0°F,  -,60.1°F,64%,30.08in,9.0mi,Variable,5.8mph,  -,N/A,	,Clear

3:51 AM,72.0°F,  -,59.0°F,64%,30.08in,9.0mi,Variable,6.9mph,  -,N/A,	,Clear

4:51 AM,71.1°F,  -,57.9°F,63%,30.08in,9.0mi,Variable,4.6mph,  -,N/A,	,Clear

5:51 AM,71.1°F,  -,57.9°F,63%,30.10in,8.0mi,West,6.9mph,  -,N/A,	,Clear

6:51 AM,72.0°F,  -,57.9°F,61%,30.12in,8.0mi,WSW,8.1mph,17.3mph,N/A,	,Clear

7:51 AM,73.0°F,  -,59.0°F,61%,30.12in,8.0mi,North,  -,  -,N/A,	,Clear

8:51 AM,75.9°F,  -,60.1°F,58%,30.12in,8.0mi,Variable,5.8mph,  -,N/A,	,Clear

9:51 AM,78.1°F,  -,63.0°F,60%,30.12in,7.0mi,North,  -,  -,N/A,	,Clear

10:51 AM,82.9°F,84.4°F,64.0°F,53%,30.12in,7.0mi,Variable,5.8mph,  -,N/A,	,Clear

11:51 AM,87.1°F,89.2°F,66.0°F,49%,30.12in,7.0mi,Variable,3.5mph,  -,N/A,	,Clear

12:51 PM,89.1°F,91.0°F,64.9°F,45%,30.10in,7.0mi,Variable,4.6mph,  -,N/A,	,Clear

1:51 PM,90.0°F,92.4°F,66.0°F,45%,30.09in,7.0mi,North,  -,  -,N/A,	,Clear

2:51 PM,90.0°F,92.4°F,66.0°F,45%,30.08in,6.0mi,Variable,6.9mph,  -,N/A,	,Haze

3:51 PM,88.0°F,89.6°F,64.9°F,46%,30.08in,7.0mi,South,5.8mph,16.1mph,N/A,	,Clear

4:51 PM,88.0°F,89.3°F,64.0°F,45%,30.06in,7.0mi,South,6.9mph,  -,N/A,	,Clear

5:51 PM,86.0°F,87.6°F,64.9°F,49%,30.07in,7.0mi,Variable,3.5mph,  -,N/A,	,Mostly Cloudy

6:51 PM,82.9°F,84.6°F,64.9°F,54%,30.08in,7.0mi,Calm,Calm,  -,N/A,	,Mostly Cloudy

7:51 PM,82.0°F,83.8°F,64.9°F,56%,30.09in,7.0mi,Calm,Calm,  -,N/A,	,Clear

8:51 PM,81.0°F,82.5°F,64.0°F,56%,30.09in,8.0mi,Calm,Calm,  -,N/A,	,Overcast

9:51 PM,80.1°F,81.5°F,63.0°F,56%,30.11in,8.0mi,Calm,Calm,  -,N/A,	,Scattered Clouds

10:51 PM,80.1°F,81.7°F,64.0°F,58%,30.12in,8.0mi,North,  -,  -,N/A,	,Clear

11:51 PM,78.1°F,  -,62.1°F,58%,30.12in,9.0mi,Variable,4.6mph,  -,N/A,	,Clear

