20161111
Time (EST),Temp.,Windchill,Dew Point,Humidity,Pressure,Visibility,Wind Dir,Wind Speed,Gust Speed,Precip,Events,Conditions

12:51 AM,52.0°F,  -,33.1°F,49%,29.67in,10.0mi,WSW,9.2mph,  -,N/A,	,Clear

1:51 AM,51.1°F,  -,33.1°F,50%,29.67in,10.0mi,WSW,8.1mph,21.9mph,N/A,	,Clear

2:51 AM,51.1°F,  -,32.0°F,48%,29.65in,10.0mi,WSW,8.1mph,18.4mph,N/A,	,Clear

3:51 AM,50.0°F,  -,32.0°F,50%,29.66in,10.0mi,WSW,11.5mph,21.9mph,N/A,	,Clear

4:51 AM,50.0°F,  -,30.9°F,48%,29.65in,10.0mi,WSW,8.1mph,  -,N/A,	,Clear

5:51 AM,48.9°F,  -,32.0°F,52%,29.66in,10.0mi,Variable,4.6mph,18.4mph,N/A,	,Clear

6:51 AM,50.0°F,  -,32.0°F,50%,29.67in,10.0mi,Variable,3.5mph,  -,N/A,	,Clear

7:51 AM,51.1°F,  -,34.0°F,52%,29.69in,10.0mi,North,  -,  -,N/A,	,Clear

8:51 AM,53.1°F,  -,35.1°F,50%,29.69in,10.0mi,Calm,Calm,  -,N/A,	,Clear

9:51 AM,59.0°F,  -,37.9°F,46%,29.69in,10.0mi,NW,9.2mph,20.7mph,N/A,	,Clear

10:27 AM,60.1°F,  -,37.0°F,42%,29.72in,10.0mi,North,  -,  -,N/A,	,Partly Cloudy

10:51 AM,61.0°F,  -,35.1°F,38%,29.70in,10.0mi,WNW,11.5mph,20.7mph,N/A,	,Partly Cloudy

11:51 AM,62.1°F,  -,36.0°F,38%,29.71in,10.0mi,NW,10.4mph,17.3mph,N/A,	,Mostly Cloudy

12:51 PM,60.1°F,  -,30.9°F,33%,29.74in,10.0mi,WNW,8.1mph,19.6mph,N/A,	,Partly Cloudy

1:51 PM,59.0°F,  -,28.9°F,32%,29.76in,10.0mi,WNW,15.0mph,26.5mph,N/A,	,Partly Cloudy

2:51 PM,55.9°F,  -,28.9°F,36%,29.82in,10.0mi,WNW,17.3mph,34.5mph,N/A,	,Partly Cloudy

3:51 PM,53.1°F,  -,23.0°F,31%,29.86in,10.0mi,Variable,6.9mph,24.2mph,N/A,	,Partly Cloudy

4:51 PM,52.0°F,  -,23.0°F,32%,29.91in,10.0mi,Variable,6.9mph,19.6mph,N/A,	,Clear

5:02 PM,51.1°F,  -,23.0°F,33%,29.94in,10.0mi,NW,9.2mph,21.9mph,N/A,	,Partly Cloudy

5:51 PM,48.9°F,  -,21.9°F,35%,29.97in,10.0mi,Variable,6.9mph,26.5mph,0.00in,Rain,Light Rain

6:51 PM,46.9°F,  -,21.0°F,36%,30.02in,10.0mi,NW,9.2mph,18.4mph,0.00in,	,Clear

7:51 PM,45.0°F,  -,21.0°F,39%,30.06in,10.0mi,North,  -,  -,0.00in,Rain,Light Rain

8:51 PM,44.1°F,  -,19.9°F,38%,30.11in,10.0mi,North,  -,  -,0.00in,	,Clear

9:51 PM,43.0°F,40.3°F,21.0°F,42%,30.13in,10.0mi,NW,4.6mph,  -,N/A,	,Clear

10:51 PM,42.1°F,38.4°F,21.0°F,43%,30.15in,10.0mi,Variable,5.8mph,  -,N/A,	,Clear

11:51 PM,42.1°F,  -,19.9°F,41%,30.16in,10.0mi,North,  -,  -,N/A,	,Clear

