20160524
Time (EDT),Temp.,Dew Point,Humidity,Pressure,Visibility,Wind Dir,Wind Speed,Gust Speed,Precip,Events,Conditions

12:51 AM,62.1°F,48.0°F,60%,29.91in,10.0mi,Variable,3.5mph,  -,N/A,	,Overcast

1:51 AM,63.0°F,48.0°F,58%,29.90in,10.0mi,Calm,Calm,  -,N/A,	,Overcast

2:51 AM,57.9°F,53.1°F,84%,29.88in,8.0mi,Calm,Calm,  -,0.03in,Rain,Light Rain

3:51 AM,59.0°F,54.0°F,83%,29.87in,7.0mi,West,6.9mph,  -,0.00in,Rain,Light Rain

4:51 AM,57.9°F,55.9°F,93%,29.86in,5.0mi,West,4.6mph,  -,0.02in,Rain,Light Rain

5:51 AM,57.9°F,55.9°F,93%,29.88in,4.0mi,Calm,Calm,  -,0.03in,Rain,Light Rain

6:51 AM,59.0°F,55.9°F,90%,29.90in,3.0mi,WNW,4.6mph,  -,0.04in,Rain,Light Rain

7:46 AM,59.0°F,55.4°F,88%,29.93in,2.5mi,WNW,3.5mph,  -,0.03in,Rain,Light Rain

7:51 AM,59.0°F,55.9°F,90%,29.91in,3.0mi,Variable,3.5mph,  -,0.03in,Rain,Light Rain

8:51 AM,60.1°F,57.0°F,90%,29.92in,5.0mi,Variable,3.5mph,  -,0.01in,Rain,Light Rain

9:51 AM,61.0°F,57.9°F,90%,29.92in,5.0mi,Calm,Calm,  -,0.02in,	,Overcast

10:51 AM,63.0°F,57.9°F,84%,29.92in,5.0mi,Calm,Calm,  -,0.00in,Rain,Light Rain

11:51 AM,64.0°F,55.9°F,75%,29.93in,9.0mi,Calm,Calm,  -,0.00in,	,Overcast

12:51 PM,66.0°F,57.9°F,75%,29.93in,8.0mi,Variable,3.5mph,  -,N/A,	,Mostly Cloudy

1:51 PM,70.0°F,57.9°F,65%,29.92in,8.0mi,Calm,Calm,  -,N/A,	,Mostly Cloudy

2:51 PM,73.0°F,53.1°F,49%,29.90in,10.0mi,Variable,4.6mph,  -,N/A,	,Mostly Cloudy

3:51 PM,71.1°F,51.1°F,49%,29.90in,10.0mi,ENE,6.9mph,  -,N/A,	,Scattered Clouds

4:51 PM,70.0°F,48.9°F,47%,29.93in,10.0mi,North,5.8mph,  -,N/A,	,Overcast

5:51 PM,68.0°F,51.1°F,55%,29.92in,10.0mi,Calm,Calm,  -,N/A,	,Overcast

6:51 PM,69.1°F,48.9°F,49%,29.93in,10.0mi,Calm,Calm,  -,N/A,	,Overcast

7:51 PM,68.0°F,50.0°F,52%,29.94in,10.0mi,Calm,Calm,  -,N/A,	,Mostly Cloudy

8:51 PM,69.1°F,48.9°F,49%,29.96in,10.0mi,Calm,Calm,  -,N/A,	,Overcast

9:51 PM,66.9°F,50.0°F,54%,29.98in,10.0mi,Calm,Calm,  -,N/A,	,Scattered Clouds

10:51 PM,66.0°F,50.0°F,56%,29.99in,10.0mi,Calm,Calm,  -,N/A,	,Mostly Cloudy

11:51 PM,64.0°F,51.1°F,63%,29.99in,10.0mi,Calm,Calm,  -,N/A,	,Partly Cloudy

