20160915
Time (EDT),Temp.,Dew Point,Humidity,Pressure,Visibility,Wind Dir,Wind Speed,Gust Speed,Precip,Events,Conditions

12:51 AM,66.9°F,53.1°F,61%,30.16in,10.0mi,NNE,10.4mph,20.7mph,N/A,	,Mostly Cloudy

1:51 AM,66.9°F,50.0°F,54%,30.19in,10.0mi,Variable,6.9mph,18.4mph,N/A,	,Overcast

2:51 AM,66.0°F,48.0°F,52%,30.20in,10.0mi,Variable,5.8mph,  -,N/A,	,Overcast

3:51 AM,64.0°F,48.9°F,58%,30.21in,10.0mi,Variable,5.8mph,18.4mph,N/A,	,Scattered Clouds

4:51 AM,63.0°F,48.0°F,58%,30.22in,10.0mi,NE,6.9mph,  -,N/A,	,Scattered Clouds

5:51 AM,62.1°F,48.0°F,60%,30.23in,10.0mi,Variable,5.8mph,  -,N/A,	,Mostly Cloudy

6:51 AM,62.1°F,46.9°F,58%,30.25in,10.0mi,Variable,5.8mph,  -,N/A,	,Clear

7:51 AM,62.1°F,48.0°F,60%,30.27in,10.0mi,Variable,6.9mph,  -,N/A,	,Clear

8:51 AM,64.0°F,46.0°F,52%,30.27in,10.0mi,NE,10.4mph,  -,N/A,	,Clear

9:51 AM,66.0°F,44.1°F,45%,30.27in,10.0mi,ENE,10.4mph,17.3mph,N/A,	,Clear

10:51 AM,66.9°F,43.0°F,42%,30.29in,10.0mi,East,3.5mph,  -,N/A,	,Clear

11:51 AM,70.0°F,44.1°F,39%,30.29in,10.0mi,Variable,5.8mph,  -,N/A,	,Clear

12:51 PM,71.1°F,45.0°F,39%,30.27in,10.0mi,Variable,6.9mph,  -,N/A,	,Clear

1:51 PM,71.1°F,45.0°F,39%,30.26in,10.0mi,Variable,4.6mph,  -,N/A,	,Clear

2:51 PM,73.0°F,45.0°F,37%,30.24in,10.0mi,Variable,3.5mph,  -,N/A,	,Clear

3:51 PM,73.0°F,44.1°F,35%,30.23in,10.0mi,Calm,Calm,  -,N/A,	,Clear

4:51 PM,72.0°F,44.1°F,37%,30.22in,10.0mi,Calm,Calm,  -,N/A,	,Clear

5:51 PM,70.0°F,45.0°F,41%,30.22in,10.0mi,ENE,4.6mph,  -,N/A,	,Clear

6:51 PM,68.0°F,51.1°F,55%,30.24in,10.0mi,Variable,4.6mph,  -,N/A,	,Clear

7:51 PM,66.0°F,53.1°F,63%,30.25in,10.0mi,North,  -,  -,N/A,	,Clear

8:51 PM,64.9°F,53.1°F,65%,30.27in,10.0mi,Calm,Calm,  -,N/A,	,Clear

9:51 PM,64.9°F,53.1°F,65%,30.28in,10.0mi,Variable,4.6mph,  -,N/A,	,Clear

10:51 PM,64.9°F,54.0°F,68%,30.28in,10.0mi,Variable,5.8mph,  -,N/A,	,Clear

11:51 PM,64.0°F,54.0°F,70%,30.29in,10.0mi,Calm,Calm,  -,N/A,	,Clear

