20160202
Time (EST),Temp.,Windchill,Dew Point,Humidity,Pressure,Visibility,Wind Dir,Wind Speed,Gust Speed,Precip,Events,Conditions

12:51 AM,43.0°F,38.2°F,24.1°F,47%,30.10in,10.0mi,NE,8.1mph,  -,N/A,	,Clear

1:51 AM,42.1°F,37.7°F,21.9°F,45%,30.12in,10.0mi,Variable,6.9mph,  -,N/A,	,Clear

2:51 AM,41.0°F,36.4°F,23.0°F,49%,30.15in,10.0mi,NNW,6.9mph,  -,N/A,	,Clear

3:51 AM,39.9°F,  -,23.0°F,51%,30.17in,10.0mi,Calm,Calm,  -,N/A,	,Clear

4:51 AM,39.0°F,36.8°F,23.0°F,53%,30.19in,10.0mi,Variable,3.5mph,  -,N/A,	,Clear

5:51 AM,39.0°F,  -,23.0°F,53%,30.20in,10.0mi,Calm,Calm,  -,N/A,	,Clear

6:51 AM,39.0°F,35.7°F,23.0°F,53%,30.24in,10.0mi,Variable,4.6mph,  -,N/A,	,Clear

7:51 AM,39.0°F,35.7°F,24.1°F,55%,30.30in,10.0mi,WNW,4.6mph,  -,N/A,	,Clear

8:51 AM,39.9°F,36.7°F,25.0°F,55%,30.32in,10.0mi,WNW,4.6mph,  -,N/A,	,Clear

9:51 AM,43.0°F,  -,26.1°F,51%,30.33in,10.0mi,Calm,Calm,  -,N/A,	,Clear

10:51 AM,46.0°F,42.5°F,23.0°F,40%,30.34in,10.0mi,North,6.9mph,  -,N/A,	,Clear

11:51 AM,48.0°F,  -,24.1°F,39%,30.33in,10.0mi,Variable,4.6mph,  -,N/A,	,Clear

12:51 PM,48.0°F,  -,23.0°F,37%,30.31in,10.0mi,Variable,6.9mph,  -,N/A,	,Clear

1:51 PM,48.9°F,  -,24.1°F,38%,30.29in,10.0mi,ENE,4.6mph,  -,N/A,	,Clear

2:51 PM,48.9°F,  -,23.0°F,36%,30.30in,10.0mi,Calm,Calm,  -,N/A,	,Clear

3:51 PM,48.9°F,  -,23.0°F,36%,30.30in,10.0mi,ENE,3.5mph,  -,N/A,	,Clear

4:51 PM,48.0°F,  -,21.9°F,36%,30.32in,10.0mi,Calm,Calm,  -,N/A,	,Clear

5:51 PM,46.0°F,  -,24.1°F,42%,30.33in,10.0mi,Calm,Calm,  -,N/A,	,Clear

6:51 PM,45.0°F,41.8°F,28.0°F,52%,30.35in,10.0mi,SSE,5.8mph,  -,N/A,	,Clear

7:51 PM,45.0°F,42.6°F,27.0°F,49%,30.37in,10.0mi,SSE,4.6mph,  -,N/A,	,Clear

8:51 PM,44.1°F,  -,28.0°F,53%,30.37in,10.0mi,North,  -,  -,N/A,	,Clear

10:02 PM,43.0°F,  -,28.0°F,56%,30.37in,10.0mi,Calm,Calm,  -,N/A,	,Clear

10:51 PM,43.0°F,41.3°F,28.0°F,56%,30.33in,10.0mi,SW,3.5mph,  -,N/A,	,Clear

11:51 PM,43.0°F,  -,28.0°F,56%,30.33in,10.0mi,Calm,Calm,  -,N/A,	,Clear

