20160525
Time (EDT),Temp.,Dew Point,Humidity,Pressure,Visibility,Wind Dir,Wind Speed,Gust Speed,Precip,Events,Conditions

12:51 AM,64.0°F,50.0°F,60%,30.00in,10.0mi,WNW,3.5mph,  -,N/A,	,Clear

1:51 AM,64.0°F,50.0°F,60%,30.00in,10.0mi,WNW,3.5mph,  -,N/A,	,Clear

2:51 AM,63.0°F,50.0°F,63%,30.00in,10.0mi,West,3.5mph,  -,N/A,	,Clear

3:51 AM,63.0°F,50.0°F,63%,30.01in,10.0mi,Calm,Calm,  -,N/A,	,Clear

4:51 AM,61.0°F,51.1°F,70%,30.02in,10.0mi,WNW,3.5mph,  -,N/A,	,Clear

5:51 AM,62.1°F,50.0°F,65%,30.03in,10.0mi,Calm,Calm,  -,N/A,	,Clear

6:51 AM,64.0°F,50.0°F,60%,30.05in,9.0mi,West,3.5mph,  -,N/A,	,Clear

7:51 AM,66.0°F,48.9°F,54%,30.06in,9.0mi,West,4.6mph,  -,N/A,	,Clear

8:51 AM,70.0°F,48.0°F,46%,30.08in,9.0mi,WNW,4.6mph,  -,N/A,	,Clear

9:51 AM,73.0°F,48.0°F,41%,30.07in,9.0mi,WNW,5.8mph,  -,N/A,	,Clear

10:51 AM,78.1°F,46.0°F,32%,30.07in,9.0mi,West,6.9mph,  -,N/A,	,Clear

11:51 AM,82.9°F,50.0°F,32%,30.06in,9.0mi,Variable,4.6mph,  -,N/A,	,Clear

12:51 PM,84.9°F,45.0°F,25%,30.06in,8.0mi,Variable,3.5mph,  -,N/A,	,Clear

1:51 PM,86.0°F,46.9°F,26%,30.04in,8.0mi,Variable,6.9mph,  -,N/A,	,Clear

2:51 PM,87.1°F,41.0°F,20%,30.04in,7.0mi,Variable,3.5mph,  -,N/A,	,Clear

3:51 PM,86.0°F,43.0°F,22%,30.02in,8.0mi,Variable,5.8mph,  -,N/A,	,Clear

4:51 PM,86.0°F,44.1°F,23%,30.02in,8.0mi,Variable,6.9mph,  -,N/A,	,Clear

5:51 PM,84.9°F,44.1°F,24%,30.03in,7.0mi,Variable,4.6mph,  -,N/A,	,Clear

6:51 PM,82.9°F,43.0°F,24%,30.03in,8.0mi,Variable,4.6mph,  -,N/A,	,Clear

7:51 PM,82.9°F,42.1°F,24%,30.03in,8.0mi,WSW,3.5mph,  -,N/A,	,Clear

8:51 PM,80.1°F,42.1°F,26%,30.04in,9.0mi,Variable,4.6mph,  -,N/A,	,Clear

9:51 PM,80.1°F,44.1°F,28%,30.05in,9.0mi,WSW,3.5mph,  -,N/A,	,Clear

10:51 PM,78.1°F,46.0°F,32%,30.06in,9.0mi,Variable,6.9mph,  -,N/A,	,Clear

11:51 PM,77.0°F,46.0°F,33%,30.06in,9.0mi,WSW,4.6mph,  -,N/A,	,Clear

