20161019
Time (EDT),Temp.,Heat Index,Dew Point,Humidity,Pressure,Visibility,Wind Dir,Wind Speed,Gust Speed,Precip,Events,Conditions

12:51 AM,71.1°F,  -,63.0°F,75%,29.88in,9.0mi,SW,6.9mph,  -,N/A,	,Clear

1:51 AM,70.0°F,  -,63.0°F,78%,29.86in,9.0mi,Variable,4.6mph,  -,N/A,	,Clear

2:51 AM,71.1°F,  -,63.0°F,75%,29.87in,9.0mi,Variable,5.8mph,16.1mph,N/A,	,Clear

3:51 AM,70.0°F,  -,63.0°F,78%,29.86in,9.0mi,Variable,5.8mph,  -,N/A,	,Mostly Cloudy

4:51 AM,71.1°F,  -,63.0°F,75%,29.87in,9.0mi,Variable,3.5mph,  -,N/A,	,Overcast

5:51 AM,70.0°F,  -,62.1°F,76%,29.89in,9.0mi,West,6.9mph,  -,N/A,	,Partly Cloudy

6:51 AM,69.1°F,  -,62.1°F,78%,29.91in,9.0mi,Variable,5.8mph,  -,N/A,	,Clear

7:51 AM,70.0°F,  -,62.1°F,76%,29.94in,8.0mi,West,3.5mph,  -,N/A,	,Clear

8:51 AM,71.1°F,  -,62.1°F,73%,29.96in,8.0mi,West,5.8mph,  -,N/A,	,Unknown

9:51 AM,73.9°F,  -,63.0°F,68%,29.96in,8.0mi,West,5.8mph,  -,N/A,	,Mostly Cloudy

10:51 AM,77.0°F,  -,63.0°F,62%,29.97in,9.0mi,Variable,3.5mph,  -,N/A,	,Mostly Cloudy

11:51 AM,79.0°F,  -,63.0°F,58%,29.97in,9.0mi,Variable,4.6mph,  -,N/A,	,Clear

12:51 PM,82.0°F,83.0°F,62.1°F,51%,29.97in,9.0mi,Variable,4.6mph,  -,N/A,	,Clear

1:51 PM,82.0°F,83.0°F,62.1°F,51%,29.96in,9.0mi,Variable,4.6mph,  -,N/A,	,Partly Cloudy

2:51 PM,84.0°F,83.5°F,57.9°F,41%,29.96in,10.0mi,Variable,4.6mph,  -,N/A,	,Scattered Clouds

3:51 PM,82.0°F,81.7°F,57.0°F,42%,29.97in,10.0mi,Variable,3.5mph,  -,N/A,	,Clear

4:51 PM,82.0°F,81.3°F,54.0°F,38%,29.98in,10.0mi,Variable,5.8mph,  -,N/A,	,Clear

5:51 PM,79.0°F,  -,53.1°F,40%,30.01in,10.0mi,Calm,Calm,  -,N/A,	,Clear

6:51 PM,77.0°F,  -,50.0°F,39%,30.04in,10.0mi,North,  -,  -,N/A,	,Partly Cloudy

7:51 PM,73.9°F,  -,46.9°F,38%,30.07in,10.0mi,Variable,3.5mph,  -,N/A,	,Clear

8:51 PM,72.0°F,  -,46.0°F,40%,30.09in,10.0mi,Variable,4.6mph,  -,N/A,	,Partly Cloudy

9:51 PM,71.1°F,  -,48.9°F,45%,30.13in,10.0mi,ENE,8.1mph,  -,N/A,	,Clear

10:51 PM,69.1°F,  -,48.9°F,49%,30.14in,10.0mi,NNE,3.5mph,  -,N/A,	,Clear

11:51 PM,66.9°F,  -,48.0°F,51%,30.14in,10.0mi,Calm,Calm,  -,N/A,	,Clear

