20161025
Time (EDT),Temp.,Windchill,Dew Point,Humidity,Pressure,Visibility,Wind Dir,Wind Speed,Gust Speed,Precip,Events,Conditions

12:51 AM,48.0°F,  -,30.9°F,52%,30.13in,10.0mi,Variable,4.6mph,  -,N/A,	,Clear

1:51 AM,48.0°F,  -,30.9°F,52%,30.13in,10.0mi,NW,4.6mph,  -,N/A,	,Clear

2:51 AM,48.0°F,  -,30.0°F,50%,30.15in,10.0mi,Variable,3.5mph,  -,N/A,	,Scattered Clouds

3:51 AM,46.9°F,  -,30.9°F,54%,30.15in,10.0mi,WNW,3.5mph,  -,N/A,	,Partly Cloudy

4:51 AM,46.9°F,  -,32.0°F,56%,30.16in,10.0mi,WNW,5.8mph,  -,N/A,	,Overcast

5:51 AM,46.9°F,  -,33.1°F,59%,30.18in,10.0mi,Variable,4.6mph,  -,N/A,	,Overcast

6:51 AM,46.0°F,43.1°F,33.1°F,61%,30.19in,10.0mi,West,5.8mph,  -,N/A,	,Scattered Clouds

7:51 AM,46.0°F,41.9°F,32.0°F,58%,30.21in,10.0mi,WNW,8.1mph,  -,N/A,	,Mostly Cloudy

8:51 AM,46.0°F,41.4°F,33.1°F,61%,30.22in,10.0mi,WNW,9.2mph,  -,N/A,	,Mostly Cloudy

9:51 AM,48.0°F,  -,33.1°F,56%,30.21in,10.0mi,Variable,5.8mph,  -,N/A,	,Overcast

10:51 AM,46.9°F,  -,35.1°F,63%,30.22in,10.0mi,Variable,5.8mph,17.3mph,N/A,	,Overcast

11:51 AM,50.0°F,  -,33.1°F,52%,30.22in,10.0mi,North,  -,  -,N/A,	,Overcast

12:51 PM,50.0°F,  -,28.9°F,44%,30.21in,10.0mi,WNW,9.2mph,21.9mph,N/A,	,Overcast

1:51 PM,51.1°F,  -,28.9°F,43%,30.20in,10.0mi,Variable,4.6mph,18.4mph,N/A,	,Overcast

2:51 PM,51.1°F,  -,30.0°F,44%,30.19in,10.0mi,Variable,5.8mph,20.7mph,N/A,	,Clear

3:51 PM,51.1°F,  -,28.0°F,41%,30.21in,10.0mi,Variable,6.9mph,20.7mph,N/A,	,Clear

4:51 PM,51.1°F,  -,27.0°F,39%,30.22in,10.0mi,WNW,8.1mph,19.6mph,N/A,	,Mostly Cloudy

5:51 PM,50.0°F,  -,26.1°F,39%,30.24in,10.0mi,North,  -,  -,N/A,	,Partly Cloudy

6:51 PM,48.9°F,  -,26.1°F,41%,30.27in,10.0mi,WNW,9.2mph,  -,N/A,	,Clear

7:51 PM,46.9°F,  -,27.0°F,46%,30.30in,10.0mi,Variable,5.8mph,  -,N/A,	,Clear

8:51 PM,46.9°F,  -,24.1°F,41%,30.32in,10.0mi,WNW,9.2mph,18.4mph,N/A,	,Clear

9:51 PM,46.0°F,41.9°F,23.0°F,40%,30.34in,10.0mi,NW,8.1mph,  -,N/A,	,Clear

10:51 PM,45.0°F,41.2°F,24.1°F,44%,30.35in,10.0mi,NW,6.9mph,  -,N/A,	,Clear

11:51 PM,44.1°F,40.8°F,25.0°F,47%,30.36in,10.0mi,Variable,5.8mph,  -,N/A,	,Clear

