20161007
Time (EDT),Temp.,Dew Point,Humidity,Pressure,Visibility,Wind Dir,Wind Speed,Gust Speed,Precip,Events,Conditions

12:51 AM,59.0°F,55.0°F,87%,30.31in,8.0mi,Calm,Calm,  -,N/A,	,Clear

1:51 AM,59.0°F,55.0°F,87%,30.30in,8.0mi,Calm,Calm,  -,N/A,	,Clear

2:51 AM,57.9°F,55.0°F,90%,30.28in,7.0mi,Calm,Calm,  -,N/A,	,Clear

3:51 AM,57.9°F,54.0°F,87%,30.27in,7.0mi,Calm,Calm,  -,N/A,	,Clear

4:51 AM,57.9°F,55.0°F,90%,30.26in,7.0mi,Calm,Calm,  -,N/A,	,Clear

5:51 AM,57.9°F,55.0°F,90%,30.27in,6.0mi,Calm,Calm,  -,N/A,	,Clear

6:51 AM,57.0°F,54.0°F,89%,30.28in,5.0mi,Calm,Calm,  -,N/A,	,Clear

7:51 AM,57.9°F,55.0°F,90%,30.30in,3.0mi,Calm,Calm,  -,N/A,	,Clear

8:51 AM,61.0°F,57.9°F,90%,30.31in,4.0mi,Calm,Calm,  -,N/A,	,Clear

9:51 AM,64.0°F,55.9°F,75%,30.30in,5.0mi,East,3.5mph,  -,N/A,	,Haze

10:51 AM,66.9°F,54.0°F,63%,30.30in,7.0mi,ENE,4.6mph,  -,N/A,	,Clear

11:51 AM,69.1°F,48.9°F,49%,30.29in,9.0mi,Variable,4.6mph,  -,N/A,	,Clear

12:51 PM,72.0°F,52.0°F,49%,30.27in,8.0mi,Variable,5.8mph,  -,N/A,	,Clear

1:51 PM,73.0°F,55.9°F,55%,30.25in,7.0mi,Variable,3.5mph,  -,N/A,	,Clear

2:51 PM,73.9°F,55.9°F,53%,30.23in,8.0mi,SSW,5.8mph,  -,N/A,	,Partly Cloudy

3:51 PM,71.1°F,46.9°F,42%,30.23in,10.0mi,Variable,4.6mph,  -,N/A,	,Clear

4:51 PM,69.1°F,45.0°F,42%,30.23in,10.0mi,Variable,3.5mph,  -,N/A,	,Clear

5:51 PM,66.9°F,42.1°F,40%,30.22in,10.0mi,SSE,6.9mph,  -,N/A,	,Clear

6:51 PM,63.0°F,50.0°F,63%,30.22in,10.0mi,Variable,4.6mph,  -,N/A,	,Clear

7:51 PM,63.0°F,54.0°F,72%,30.22in,10.0mi,Variable,3.5mph,  -,N/A,	,Clear

8:51 PM,63.0°F,55.0°F,75%,30.22in,10.0mi,Calm,Calm,  -,N/A,	,Clear

9:51 PM,62.1°F,55.0°F,78%,30.21in,10.0mi,Calm,Calm,  -,N/A,	,Clear

10:51 PM,61.0°F,55.9°F,83%,30.21in,10.0mi,SE,4.6mph,  -,N/A,	,Clear

11:51 PM,61.0°F,55.9°F,83%,30.19in,10.0mi,East,3.5mph,  -,N/A,	,Clear

