20160429
Time (EDT),Temp.,Windchill,Dew Point,Humidity,Pressure,Visibility,Wind Dir,Wind Speed,Gust Speed,Precip,Events,Conditions

12:51 AM,48.9°F,  -,37.9°F,66%,30.06in,10.0mi,Calm,Calm,  -,N/A,	,Overcast

1:51 AM,48.9°F,  -,39.0°F,69%,30.05in,10.0mi,Calm,Calm,  -,N/A,	,Overcast

2:51 AM,48.9°F,  -,37.0°F,64%,30.04in,10.0mi,Calm,Calm,  -,N/A,	,Overcast

3:51 AM,50.0°F,  -,33.1°F,52%,30.05in,10.0mi,Variable,4.6mph,  -,N/A,	,Overcast

4:51 AM,50.0°F,  -,33.1°F,52%,30.06in,10.0mi,Variable,4.6mph,  -,N/A,	,Overcast

5:51 AM,48.9°F,  -,34.0°F,56%,30.07in,10.0mi,ENE,6.9mph,  -,N/A,	,Overcast

6:51 AM,50.0°F,  -,32.0°F,50%,30.09in,10.0mi,Variable,5.8mph,  -,N/A,	,Overcast

7:51 AM,48.9°F,  -,30.9°F,50%,30.11in,10.0mi,ENE,9.2mph,  -,N/A,	,Overcast

8:51 AM,50.0°F,  -,32.0°F,50%,30.11in,10.0mi,East,4.6mph,  -,N/A,	,Overcast

9:51 AM,52.0°F,  -,30.9°F,45%,30.12in,10.0mi,Variable,4.6mph,  -,N/A,	,Overcast

10:51 AM,54.0°F,  -,30.0°F,40%,30.12in,10.0mi,East,10.4mph,  -,N/A,	,Overcast

11:51 AM,55.0°F,  -,24.1°F,30%,30.12in,10.0mi,East,10.4mph,17.3mph,N/A,	,Overcast

12:51 PM,57.0°F,  -,21.0°F,25%,30.10in,10.0mi,East,10.4mph,16.1mph,N/A,	,Overcast

1:51 PM,55.9°F,  -,33.1°F,42%,30.09in,10.0mi,North,  -,  -,N/A,	,Overcast

2:51 PM,57.0°F,  -,34.0°F,42%,30.08in,10.0mi,ENE,8.1mph,  -,N/A,	,Overcast

3:51 PM,55.0°F,  -,34.0°F,45%,30.09in,10.0mi,ENE,8.1mph,  -,N/A,	,Overcast

4:51 PM,54.0°F,  -,35.1°F,49%,30.08in,10.0mi,East,3.5mph,  -,N/A,	,Overcast

5:51 PM,52.0°F,  -,35.1°F,53%,30.08in,10.0mi,Variable,6.9mph,  -,N/A,	,Overcast

6:51 PM,52.0°F,  -,36.0°F,54%,30.09in,10.0mi,ENE,4.6mph,  -,N/A,	,Overcast

7:51 PM,46.9°F,  -,39.9°F,77%,30.09in,10.0mi,Variable,4.6mph,  -,0.01in,Rain,Light Rain

8:51 PM,48.0°F,  -,36.0°F,63%,30.13in,10.0mi,East,6.9mph,  -,0.01in,	,Overcast

9:51 PM,48.9°F,  -,36.0°F,61%,30.15in,10.0mi,ENE,5.8mph,  -,N/A,	,Overcast

10:51 PM,46.0°F,43.1°F,39.9°F,79%,30.14in,8.0mi,ENE,5.8mph,  -,0.02in,Rain,Light Rain

11:51 PM,45.0°F,41.8°F,37.0°F,74%,30.15in,10.0mi,East,5.8mph,  -,0.01in,	,Overcast

