20161030
Time (EDT),Temp.,Dew Point,Humidity,Pressure,Visibility,Wind Dir,Wind Speed,Gust Speed,Precip,Events,Conditions

12:51 AM,62.1°F,51.1°F,67%,29.90in,10.0mi,WSW,9.2mph,  -,N/A,	,Scattered Clouds

1:51 AM,63.0°F,51.1°F,65%,29.89in,10.0mi,Variable,5.8mph,  -,N/A,	,Overcast

2:51 AM,62.1°F,52.0°F,70%,29.89in,10.0mi,Variable,6.9mph,  -,N/A,	,Overcast

3:51 AM,63.0°F,53.1°F,70%,29.88in,10.0mi,Variable,4.6mph,  -,N/A,	,Overcast

4:51 AM,64.0°F,53.1°F,67%,29.88in,10.0mi,Variable,5.8mph,  -,N/A,	,Overcast

5:51 AM,63.0°F,53.1°F,70%,29.89in,10.0mi,Variable,3.5mph,  -,N/A,	,Overcast

6:51 AM,64.0°F,53.1°F,67%,29.89in,10.0mi,Variable,3.5mph,  -,N/A,	,Overcast

7:51 AM,64.0°F,53.1°F,67%,29.90in,9.0mi,Calm,Calm,  -,N/A,	,Overcast

8:51 AM,64.9°F,54.0°F,68%,29.91in,9.0mi,Calm,Calm,  -,N/A,	,Mostly Cloudy

9:51 AM,66.0°F,55.0°F,68%,29.91in,8.0mi,Calm,Calm,  -,N/A,	,Clear

10:51 AM,69.1°F,55.9°F,63%,29.89in,8.0mi,Calm,Calm,  -,N/A,	,Clear

11:51 AM,72.0°F,57.0°F,59%,29.88in,8.0mi,Variable,3.5mph,  -,N/A,	,Clear

12:51 PM,73.9°F,57.9°F,57%,29.84in,8.0mi,Variable,3.5mph,  -,N/A,	,Clear

1:51 PM,75.0°F,57.9°F,55%,29.82in,8.0mi,Variable,3.5mph,  -,N/A,	,Mostly Cloudy

2:51 PM,75.0°F,57.9°F,55%,29.78in,9.0mi,South,8.1mph,  -,N/A,	,Mostly Cloudy

3:51 PM,73.9°F,57.9°F,57%,29.77in,9.0mi,Variable,3.5mph,  -,N/A,	,Mostly Cloudy

4:35 PM,63.0°F,59.0°F,87%,29.87in,1.5mi,North,12.7mph,36.8mph,0.02in,Rain,Light Rain

4:42 PM,61.0°F,57.9°F,90%,29.85in,0.2mi,North,9.2mph,28.8mph,0.29in,Fog,	,

Rain,Heavy Rain,4:53 PM,61.0°F,59.0°F,93%,29.85in,1.0mi,Variable,3.5mph,  -,0.00in

Rain,Light Rain,4:56 PM,61.0°F,59.0°F,93%,29.85in,3.0mi,Calm,Calm,  -,0.00in

Rain,Light Rain,5:51 PM,61.0°F,57.9°F,90%,29.82in,7.0mi,Variable,4.6mph,  -,0.00in

	,Overcast,6:04 PM,61.0°F,59.0°F,93%,29.88in,2.5mi,Calm,Calm,  -,0.01in

Rain,Light Rain,6:12 PM,60.1°F,57.9°F,93%,29.87in,1.5mi,North,8.1mph,  -,0.07in

Rain,Light Rain,6:17 PM,60.1°F,57.9°F,93%,29.87in,3.0mi,NE,8.1mph,  -,0.07in

Rain,Light Rain,6:25 PM,59.0°F,55.9°F,90%,29.86in,4.0mi,Variable,6.9mph,17.3mph,0.08in

Rain,Light Rain,6:51 PM,59.0°F,55.9°F,90%,29.85in,8.0mi,Variable,6.9mph,  -,0.08in

	,Overcast,7:51 PM,57.9°F,55.9°F,93%,29.88in,6.0mi,North,  -,  -,0.06in

	,Overcast,8:51 PM,57.9°F,55.0°F,90%,29.91in,7.0mi,Variable,3.5mph,  -,N/A

	,Overcast,9:07 PM,57.0°F,54.0°F,89%,29.94in,9.0mi,Variable,6.9mph,  -,N/A

	,Overcast,9:51 PM,57.0°F,53.1°F,87%,29.92in,9.0mi,Variable,3.5mph,  -,N/A

	,Overcast,10:23 PM,55.9°F,52.0°F,87%,29.96in,10.0mi,Variable,4.6mph,  -,N/A

	,Overcast,10:37 PM,55.9°F,52.0°F,87%,29.96in,10.0mi,Variable,3.5mph,  -,N/A

	,Overcast,10:51 PM,55.9°F,52.0°F,87%,29.94in,10.0mi,Variable,3.5mph,  -,N/A

	,Overcast,11:01 PM,55.9°F,51.1°F,84%,29.96in,10.0mi,NNE,4.6mph,  -,N/A

	,Overcast,11:51 PM,55.9°F,51.1°F,84%,29.95in,10.0mi,North,5.8mph,  -,N/A

