20160206
Time (EST),Temp.,Windchill,Dew Point,Humidity,Pressure,Visibility,Wind Dir,Wind Speed,Gust Speed,Precip,Events,Conditions

12:51 AM,32.0°F,23.6°F,15.1°F,50%,30.32in,10.0mi,NW,10.4mph,18.4mph,N/A,	,Clear

1:51 AM,30.9°F,  -,16.0°F,54%,30.36in,10.0mi,Calm,Calm,  -,N/A,	,Clear

2:51 AM,30.9°F,27.5°F,16.0°F,54%,30.36in,10.0mi,Variable,3.5mph,  -,N/A,	,Clear

3:51 AM,30.9°F,27.5°F,16.0°F,54%,30.36in,10.0mi,Variable,3.5mph,  -,N/A,	,Clear

4:51 AM,30.9°F,25.2°F,16.0°F,54%,30.38in,10.0mi,West,5.8mph,  -,N/A,	,Clear

5:51 AM,30.9°F,27.5°F,16.0°F,54%,30.39in,10.0mi,Variable,3.5mph,  -,N/A,	,Clear

6:51 AM,30.9°F,27.5°F,17.1°F,57%,30.41in,10.0mi,Variable,3.5mph,  -,N/A,	,Clear

7:51 AM,30.9°F,26.2°F,17.1°F,57%,30.42in,10.0mi,West,4.6mph,  -,N/A,	,Clear

8:51 AM,33.1°F,26.9°F,16.0°F,50%,30.43in,10.0mi,West,6.9mph,  -,N/A,	,Clear

9:51 AM,34.0°F,27.2°F,18.0°F,52%,30.43in,10.0mi,West,8.1mph,  -,N/A,	,Clear

10:51 AM,37.0°F,  -,19.9°F,50%,30.41in,10.0mi,Calm,Calm,  -,N/A,	,Clear

11:51 AM,37.9°F,33.5°F,19.9°F,48%,30.39in,10.0mi,Variable,5.8mph,  -,N/A,	,Clear

12:51 PM,39.0°F,34.8°F,19.0°F,45%,30.35in,10.0mi,Variable,5.8mph,  -,N/A,	,Clear

1:51 PM,37.9°F,33.5°F,18.0°F,45%,30.32in,10.0mi,Variable,5.8mph,  -,N/A,	,Clear

2:51 PM,39.0°F,32.8°F,18.0°F,43%,30.30in,10.0mi,WSW,9.2mph,18.4mph,N/A,	,Clear

3:51 PM,39.9°F,36.7°F,19.0°F,43%,30.29in,10.0mi,West,4.6mph,17.3mph,N/A,	,Clear

4:51 PM,37.9°F,  -,19.0°F,47%,30.29in,10.0mi,North,  -,  -,N/A,	,Clear

5:51 PM,39.0°F,34.8°F,17.1°F,41%,30.29in,10.0mi,Variable,5.8mph,17.3mph,N/A,	,Clear

6:51 PM,39.0°F,34.0°F,18.0°F,43%,30.29in,10.0mi,SW,6.9mph,  -,N/A,	,Clear

7:51 PM,39.0°F,33.4°F,19.0°F,45%,30.29in,10.0mi,SW,8.1mph,  -,N/A,	,Clear

8:51 PM,37.9°F,35.5°F,19.9°F,48%,30.29in,10.0mi,Variable,3.5mph,  -,N/A,	,Clear

9:51 PM,37.9°F,32.7°F,19.9°F,48%,30.28in,10.0mi,Variable,6.9mph,18.4mph,N/A,	,Clear

10:51 PM,37.0°F,31.6°F,21.0°F,52%,30.28in,10.0mi,Variable,6.9mph,  -,N/A,	,Clear

11:51 PM,37.0°F,29.8°F,21.0°F,52%,30.26in,10.0mi,WSW,10.4mph,19.6mph,N/A,	,Clear

