20160608
Time (EDT),Temp.,Dew Point,Humidity,Pressure,Visibility,Wind Dir,Wind Speed,Gust Speed,Precip,Events,Conditions

12:51 AM,64.0°F,48.0°F,56%,29.58in,10.0mi,Variable,5.8mph,  -,N/A,	,Clear

1:51 AM,64.0°F,48.0°F,56%,29.58in,10.0mi,Variable,6.9mph,  -,N/A,	,Clear

2:51 AM,63.0°F,46.9°F,56%,29.59in,10.0mi,WNW,8.1mph,17.3mph,N/A,	,Clear

3:51 AM,62.1°F,46.9°F,58%,29.60in,10.0mi,WNW,8.1mph,  -,N/A,	,Clear

4:51 AM,61.0°F,46.9°F,60%,29.62in,10.0mi,North,  -,  -,N/A,	,Clear

5:51 AM,60.1°F,46.9°F,62%,29.63in,10.0mi,Variable,5.8mph,  -,N/A,	,Clear

6:51 AM,61.0°F,46.9°F,60%,29.63in,10.0mi,North,  -,  -,N/A,	,Clear

7:51 AM,61.0°F,46.9°F,60%,29.62in,10.0mi,North,  -,  -,N/A,	,Clear

8:51 AM,63.0°F,48.0°F,58%,29.62in,10.0mi,Variable,5.8mph,  -,N/A,	,Clear

9:51 AM,64.0°F,44.1°F,48%,29.62in,10.0mi,Variable,5.8mph,  -,N/A,	,Clear

10:51 AM,66.0°F,45.0°F,47%,29.60in,9.0mi,Variable,5.8mph,  -,N/A,	,Scattered Clouds

11:51 AM,64.9°F,45.0°F,48%,29.59in,10.0mi,Variable,6.9mph,  -,N/A,	,Overcast

12:51 PM,57.9°F,51.1°F,78%,29.62in,1.8mi,NW,9.2mph,18.4mph,0.01in,Rain,Light Rain

1:15 PM,55.9°F,53.1°F,90%,29.67in,0.8mi,West,9.2mph,19.6mph,0.09in,Rain,Heavy Rain

1:20 PM,55.9°F,53.1°F,90%,29.67in,0.8mi,WNW,8.1mph,19.6mph,0.12in,Rain,Heavy Rain

1:44 PM,55.0°F,53.1°F,93%,29.68in,0.8mi,WNW,11.5mph,25.3mph,0.26in,Rain,Rain

1:51 PM,54.0°F,52.0°F,93%,29.66in,0.8mi,WNW,12.7mph,26.5mph,0.30in,Rain,Rain

1:58 PM,53.1°F,50.0°F,89%,29.69in,1.2mi,WNW,10.4mph,26.5mph,0.02in,Rain,Rain

2:09 PM,53.1°F,50.0°F,89%,29.69in,2.5mi,WNW,9.2mph,21.9mph,0.03in,Rain,Light Rain

2:51 PM,52.0°F,48.9°F,89%,29.66in,3.0mi,WNW,8.1mph,  -,0.11in,Rain,Light Rain

3:51 PM,54.0°F,50.0°F,86%,29.67in,8.0mi,WNW,6.9mph,  -,0.02in,	,Overcast

4:51 PM,55.0°F,51.1°F,86%,29.67in,9.0mi,WNW,9.2mph,17.3mph,0.01in,	,Scattered Clouds

5:31 PM,57.9°F,48.0°F,70%,29.70in,10.0mi,North,  -,  -,N/A,	,Partly Cloudy

5:51 PM,59.0°F,46.9°F,64%,29.68in,10.0mi,West,11.5mph,20.7mph,N/A,	,Partly Cloudy

6:51 PM,61.0°F,46.0°F,58%,29.70in,9.0mi,Variable,5.8mph,  -,N/A,	,Clear

7:51 PM,62.1°F,39.9°F,44%,29.72in,9.0mi,Variable,6.9mph,24.2mph,N/A,	,Clear

8:51 PM,61.0°F,41.0°F,48%,29.74in,10.0mi,WNW,9.2mph,  -,N/A,	,Overcast

9:51 PM,60.1°F,42.1°F,51%,29.77in,10.0mi,WNW,8.1mph,23.0mph,N/A,	,Mostly Cloudy

10:51 PM,60.1°F,42.1°F,51%,29.78in,10.0mi,WNW,5.8mph,  -,N/A,	,Overcast

11:51 PM,59.0°F,41.0°F,51%,29.80in,10.0mi,WNW,10.4mph,21.9mph,N/A,	,Overcast

