20160419
Time (EDT),Temp.,Dew Point,Humidity,Pressure,Visibility,Wind Dir,Wind Speed,Gust Speed,Precip,Events,Conditions

12:51 AM,64.0°F,28.0°F,26%,30.04in,10.0mi,WSW,9.2mph,  -,N/A,	,Clear

1:51 AM,64.0°F,27.0°F,25%,30.02in,10.0mi,Variable,6.9mph,  -,N/A,	,Clear

2:51 AM,62.1°F,28.9°F,29%,29.99in,10.0mi,Variable,5.8mph,  -,N/A,	,Clear

3:51 AM,61.0°F,30.9°F,32%,29.97in,10.0mi,West,5.8mph,  -,N/A,	,Clear

4:51 AM,63.0°F,30.9°F,30%,29.96in,10.0mi,Variable,3.5mph,  -,N/A,	,Clear

5:51 AM,64.9°F,30.0°F,27%,29.96in,10.0mi,West,6.9mph,  -,N/A,	,Scattered Clouds

6:51 AM,64.0°F,32.0°F,30%,29.94in,10.0mi,West,6.9mph,  -,N/A,	,Mostly Cloudy

7:00 AM,  -,  -,N/A%,		-,  -,North,  -,  -,N/A,	,Unknown

7:51 AM,64.9°F,34.0°F,32%,29.96in,10.0mi,WNW,5.8mph,  -,N/A,	,Clear

8:51 AM,66.0°F,39.9°F,38%,29.97in,10.0mi,North,  -,  -,N/A,	,Clear

10:51 AM,68.0°F,41.0°F,37%,29.98in,10.0mi,NE,9.2mph,17.3mph,N/A,	,Partly Cloudy

11:51 AM,70.0°F,39.9°F,33%,29.99in,10.0mi,NE,9.2mph,  -,N/A,	,Scattered Clouds

12:51 PM,71.1°F,41.0°F,34%,29.98in,10.0mi,NE,8.1mph,18.4mph,N/A,	,Clear

1:51 PM,70.0°F,39.9°F,33%,29.99in,10.0mi,NE,13.8mph,21.9mph,N/A,	,Clear

2:51 PM,70.0°F,37.9°F,31%,29.99in,10.0mi,NE,8.1mph,  -,N/A,	,Clear

3:51 PM,71.1°F,36.0°F,28%,29.99in,10.0mi,NE,8.1mph,  -,N/A,	,Clear

4:51 PM,70.0°F,19.0°F,14%,30.00in,10.0mi,NNW,11.5mph,27.6mph,N/A,	,Clear

5:51 PM,69.1°F,19.0°F,15%,30.01in,10.0mi,Variable,4.6mph,23.0mph,N/A,	,Clear

6:51 PM,66.9°F,21.0°F,17%,30.03in,10.0mi,NNW,8.1mph,18.4mph,N/A,	,Clear

7:51 PM,64.9°F,23.0°F,20%,30.06in,10.0mi,North,10.4mph,  -,N/A,	,Clear

8:51 PM,63.0°F,17.1°F,17%,30.09in,10.0mi,North,  -,  -,N/A,	,Clear

9:51 PM,61.0°F,17.1°F,18%,30.12in,10.0mi,North,11.5mph,18.4mph,N/A,	,Clear

10:51 PM,59.0°F,24.1°F,26%,30.14in,10.0mi,Variable,4.6mph,  -,N/A,	,Clear

11:51 PM,57.0°F,25.0°F,29%,30.15in,10.0mi,Variable,5.8mph,  -,N/A,	,Clear

