20160922
Time (EDT),Temp.,Heat Index,Dew Point,Humidity,Pressure,Visibility,Wind Dir,Wind Speed,Gust Speed,Precip,Events,Conditions

12:51 AM,69.1°F,  -,51.1°F,53%,30.16in,10.0mi,East,3.5mph,  -,N/A,	,Clear

1:51 AM,69.1°F,  -,53.1°F,57%,30.15in,10.0mi,ENE,3.5mph,  -,N/A,	,Clear

2:51 AM,70.0°F,  -,52.0°F,53%,30.16in,10.0mi,NE,3.5mph,  -,N/A,	,Clear

3:51 AM,68.0°F,  -,53.1°F,59%,30.15in,10.0mi,Calm,Calm,  -,N/A,	,Clear

4:51 AM,66.9°F,  -,55.0°F,66%,30.15in,10.0mi,NE,4.6mph,  -,N/A,	,Clear

5:51 AM,66.0°F,  -,52.0°F,60%,30.16in,10.0mi,Calm,Calm,  -,N/A,	,Clear

6:51 AM,64.9°F,  -,54.0°F,68%,30.17in,10.0mi,Calm,Calm,  -,N/A,	,Clear

7:51 AM,69.1°F,  -,54.0°F,58%,30.17in,10.0mi,Calm,Calm,  -,N/A,	,Clear

8:51 AM,71.1°F,  -,54.0°F,55%,30.17in,10.0mi,Calm,Calm,  -,N/A,	,Clear

9:51 AM,75.0°F,  -,52.0°F,44%,30.19in,10.0mi,Calm,Calm,  -,N/A,	,Clear

10:51 AM,77.0°F,  -,55.0°F,47%,30.19in,10.0mi,Calm,Calm,  -,N/A,	,Clear

11:51 AM,81.0°F,80.7°F,55.0°F,41%,30.17in,10.0mi,East,5.8mph,  -,N/A,	,Clear

12:51 PM,82.9°F,82.0°F,55.0°F,38%,30.14in,10.0mi,Variable,3.5mph,  -,N/A,	,Clear

1:51 PM,86.0°F,  -,48.0°F,27%,30.12in,10.0mi,Variable,3.5mph,  -,N/A,	,Clear

2:51 PM,84.9°F,  -,46.9°F,27%,30.11in,10.0mi,ENE,6.9mph,  -,N/A,	,Clear

3:51 PM,82.9°F,  -,48.0°F,29%,30.10in,10.0mi,Variable,6.9mph,  -,N/A,	,Clear

4:51 PM,79.0°F,  -,48.9°F,35%,30.11in,10.0mi,Calm,Calm,  -,N/A,	,Clear

5:51 PM,78.1°F,  -,48.0°F,35%,30.10in,10.0mi,Calm,Calm,  -,N/A,	,Clear

6:51 PM,75.0°F,  -,48.9°F,40%,30.10in,10.0mi,SSE,4.6mph,  -,N/A,	,Clear

7:51 PM,75.0°F,  -,46.0°F,36%,30.11in,10.0mi,SE,5.8mph,  -,N/A,	,Clear

8:51 PM,73.0°F,  -,44.1°F,35%,30.11in,10.0mi,Variable,4.6mph,  -,N/A,	,Clear

9:51 PM,72.0°F,  -,48.0°F,43%,30.09in,10.0mi,SSE,5.8mph,  -,N/A,	,Clear

10:51 PM,70.0°F,  -,52.0°F,53%,30.10in,10.0mi,Calm,Calm,  -,N/A,	,Clear

11:51 PM,69.1°F,  -,55.0°F,61%,30.09in,10.0mi,Calm,Calm,  -,N/A,	,Clear

