20161006
Time (EDT),Temp.,Dew Point,Humidity,Pressure,Visibility,Wind Dir,Wind Speed,Gust Speed,Precip,Events,Conditions

12:51 AM,57.9°F,52.0°F,81%,30.30in,10.0mi,Calm,Calm,  -,N/A,	,Clear

1:51 AM,57.0°F,52.0°F,83%,30.30in,10.0mi,Calm,Calm,  -,N/A,	,Clear

2:51 AM,57.0°F,53.1°F,87%,30.30in,10.0mi,NE,3.5mph,  -,N/A,	,Clear

3:51 AM,55.9°F,52.0°F,87%,30.29in,9.0mi,NE,3.5mph,  -,N/A,	,Clear

4:51 AM,55.9°F,53.1°F,90%,30.29in,9.0mi,NNE,3.5mph,  -,N/A,	,Clear

5:51 AM,55.9°F,53.1°F,90%,30.30in,8.0mi,NE,3.5mph,  -,N/A,	,Clear

6:51 AM,55.9°F,52.0°F,87%,30.30in,8.0mi,NNE,3.5mph,  -,N/A,	,Clear

7:51 AM,57.0°F,54.0°F,89%,30.32in,6.0mi,Calm,Calm,  -,N/A,	,Clear

8:51 AM,59.0°F,54.0°F,83%,30.32in,7.0mi,Calm,Calm,  -,N/A,	,Clear

9:51 AM,61.0°F,54.0°F,78%,30.33in,7.0mi,Calm,Calm,  -,N/A,	,Clear

10:51 AM,64.0°F,53.1°F,67%,30.32in,8.0mi,Calm,Calm,  -,N/A,	,Clear

11:51 AM,66.9°F,53.1°F,61%,30.31in,8.0mi,Calm,Calm,  -,N/A,	,Clear

12:51 PM,71.1°F,50.0°F,47%,30.30in,8.0mi,Variable,3.5mph,  -,N/A,	,Clear

1:51 PM,71.1°F,48.0°F,44%,30.28in,9.0mi,ENE,4.6mph,  -,N/A,	,Clear

2:51 PM,73.0°F,46.9°F,39%,30.27in,9.0mi,Variable,3.5mph,  -,N/A,	,Clear

3:51 PM,72.0°F,46.9°F,41%,30.27in,9.0mi,NNE,4.6mph,  -,N/A,	,Clear

4:51 PM,71.1°F,48.9°F,45%,30.27in,9.0mi,Calm,Calm,  -,N/A,	,Clear

5:51 PM,68.0°F,55.9°F,65%,30.27in,8.0mi,SSE,4.6mph,  -,N/A,	,Clear

6:51 PM,64.9°F,55.0°F,70%,30.29in,9.0mi,SSE,6.9mph,  -,N/A,	,Clear

7:51 PM,62.1°F,55.0°F,78%,30.29in,9.0mi,South,4.6mph,  -,N/A,	,Clear

8:51 PM,62.1°F,55.0°F,78%,30.31in,8.0mi,Calm,Calm,  -,N/A,	,Clear

9:51 PM,61.0°F,55.0°F,81%,30.31in,8.0mi,Calm,Calm,  -,N/A,	,Clear

10:51 PM,61.0°F,55.0°F,81%,30.32in,8.0mi,Calm,Calm,  -,N/A,	,Clear

11:51 PM,60.1°F,55.0°F,83%,30.31in,8.0mi,Calm,Calm,  -,N/A,	,Clear

