20160130
Time (EST),Temp.,Windchill,Dew Point,Humidity,Pressure,Visibility,Wind Dir,Wind Speed,Gust Speed,Precip,Events,Conditions

12:51 AM,28.9°F,19.2°F,14.0°F,54%,29.87in,10.0mi,NW,11.5mph,19.6mph,N/A,	,Clear

1:51 AM,28.0°F,20.8°F,14.0°F,56%,29.91in,10.0mi,Variable,6.9mph,  -,N/A,	,Clear

2:51 AM,28.0°F,22.8°F,14.0°F,56%,29.95in,10.0mi,Variable,4.6mph,  -,N/A,	,Clear

3:51 AM,28.0°F,18.1°F,14.0°F,56%,29.97in,10.0mi,WNW,11.5mph,  -,N/A,	,Clear

4:51 AM,28.0°F,20.0°F,15.1°F,58%,30.00in,10.0mi,WNW,8.1mph,  -,N/A,	,Clear

5:51 AM,28.0°F,21.7°F,15.1°F,58%,30.03in,10.0mi,Variable,5.8mph,  -,N/A,	,Clear

6:51 AM,28.0°F,  -,16.0°F,61%,30.06in,10.0mi,Calm,Calm,  -,N/A,	,Clear

7:51 AM,28.9°F,22.8°F,16.0°F,58%,30.08in,10.0mi,West,5.8mph,  -,N/A,	,Clear

8:51 AM,30.0°F,23.2°F,16.0°F,56%,30.08in,10.0mi,Variable,6.9mph,  -,N/A,	,Clear

9:51 AM,30.9°F,27.5°F,16.0°F,54%,30.07in,10.0mi,Variable,3.5mph,  -,N/A,	,Clear

10:51 AM,33.1°F,30.0°F,16.0°F,50%,30.07in,10.0mi,Variable,3.5mph,  -,N/A,	,Partly Cloudy

11:51 AM,35.1°F,31.0°F,17.1°F,48%,30.07in,10.0mi,West,4.6mph,  -,N/A,	,Clear

12:51 PM,36.0°F,31.1°F,17.1°F,46%,30.04in,10.0mi,WSW,5.8mph,  -,N/A,	,Clear

1:51 PM,37.0°F,33.3°F,17.1°F,44%,30.03in,10.0mi,West,4.6mph,  -,N/A,	,Clear

2:51 PM,39.0°F,34.8°F,17.1°F,41%,30.02in,10.0mi,Variable,5.8mph,18.4mph,N/A,	,Clear

3:51 PM,39.0°F,34.0°F,17.1°F,41%,30.00in,10.0mi,WSW,6.9mph,  -,N/A,	,Clear

4:51 PM,37.9°F,34.4°F,16.0°F,41%,30.00in,10.0mi,Variable,4.6mph,  -,N/A,	,Clear

5:51 PM,39.0°F,36.8°F,14.0°F,36%,30.01in,10.0mi,Variable,3.5mph,  -,N/A,	,Clear

6:51 PM,39.0°F,31.4°F,15.1°F,38%,30.02in,10.0mi,WSW,12.7mph,19.6mph,N/A,	,Clear

7:51 PM,39.0°F,31.4°F,16.0°F,39%,30.02in,10.0mi,WSW,12.7mph,24.2mph,N/A,	,Clear

8:51 PM,39.0°F,32.3°F,17.1°F,41%,30.00in,10.0mi,SW,10.4mph,18.4mph,N/A,	,Clear

9:51 PM,37.9°F,32.1°F,18.0°F,45%,30.00in,10.0mi,SW,8.1mph,  -,N/A,	,Clear

10:51 PM,37.9°F,30.9°F,19.9°F,48%,29.99in,10.0mi,WSW,10.4mph,25.3mph,N/A,	,Clear

11:51 PM,37.0°F,29.3°F,21.9°F,54%,29.99in,10.0mi,SW,11.5mph,19.6mph,N/A,	,Clear

