20160205
Time (EST),Temp.,Windchill,Dew Point,Humidity,Pressure,Visibility,Wind Dir,Wind Speed,Gust Speed,Precip,Events,Conditions

12:51 AM,41.0°F,37.1°F,28.0°F,60%,30.07in,10.0mi,Variable,5.8mph,  -,0.01in,	,Overcast

1:51 AM,39.9°F,32.1°F,28.0°F,63%,30.04in,10.0mi,NNE,13.8mph,24.2mph,0.00in,Rain,Light Rain

2:51 AM,37.0°F,30.4°F,30.0°F,76%,30.05in,4.0mi,NE,9.2mph,23.0mph,0.02in,Snow,Light Snow

3:40 AM,35.1°F,28.6°F,30.0°F,82%,30.07in,2.0mi,NE,8.1mph,  -,0.04in,Snow,Light Snow

3:49 AM,33.8°F,27.0°F,30.2°F,87%,30.07in,2.0mi,NE,8.1mph,  -,0.05in,Snow,Light Snow

3:51 AM,34.0°F,27.2°F,30.0°F,85%,30.05in,1.8mi,NNE,8.1mph,17.3mph,0.06in,Snow,Light Snow

3:55 AM,34.0°F,28.8°F,30.9°F,89%,30.07in,2.0mi,Variable,5.8mph,17.3mph,0.00in,Snow,Light Snow

4:17 AM,34.0°F,26.6°F,30.9°F,89%,30.06in,1.5mi,NNE,9.2mph,17.3mph,0.02in,Snow,Light Snow

4:51 AM,33.1°F,  -,30.9°F,92%,30.06in,1.2mi,Calm,Calm,  -,0.08in,Snow,Light Snow

5:35 AM,33.1°F,28.7°F,30.0°F,89%,30.08in,0.8mi,Variable,4.6mph,  -,0.08in,Snow,Light Snow

5:51 AM,33.1°F,27.7°F,30.0°F,89%,30.09in,0.5mi,Variable,5.8mph,21.9mph,0.12in,Fog,	,

Snow,Snow,6:51 AM,32.0°F,23.6°F,28.9°F,88%,30.09in,0.5mi,North,10.4mph,17.3mph,0.09in

Fog,	,,Snow,Snow,7:51 AM,32.0°F,22.1°F,28.9°F,88%,30.11in,0.8mi,NE,13.8mph

20.7mph,0.09in,Snow,Light Snow,8:00 AM,32.0°F,22.5°F,28.9°F,88%,30.11in,0.5mi,NNE,12.7mph

23.0mph,0.00in,Fog,	,,Snow,Light Snow,8:16 AM,30.9°F,21.2°F,28.9°F,92%,30.10in,0.5mi

NNE,12.7mph,21.9mph,0.01in,Fog,	,,Snow,Light Snow,8:26 AM,30.9°F,22.2°F,28.9°F,92%

30.09in,0.2mi,NNE,10.4mph,21.9mph,0.01in,Fog,	,,Snow,Snow,8:51 AM,30.9°F,23.5°F

28.9°F,92%,30.08in,0.2mi,NE,8.1mph,19.6mph,0.04in,Fog,	,,Snow,Snow,9:01 AM

30.9°F,22.2°F,28.9°F,92%,30.12in,0.5mi,NNE,10.4mph,18.4mph,0.00in,Fog,	,,Snow

Light Snow,9:15 AM,30.9°F,20.2°F,28.0°F,89%,30.13in,0.8mi,North,15.0mph,28.8mph,0.00in,Snow

Light Snow,9:17 AM,30.9°F,22.2°F,28.0°F,89%,30.14in,1.0mi,NNE,10.4mph,28.8mph,0.00in,Snow

Light Snow,9:28 AM,30.9°F,22.8°F,28.0°F,89%,30.12in,2.0mi,NNE,9.2mph,19.6mph,0.01in,	

Overcast,9:42 AM,32.0°F,26.4°F,28.0°F,85%,30.14in,1.8mi,Variable,5.8mph,  -,0.01in,Snow

Light Snow,9:51 AM,30.9°F,  -,28.0°F,89%,30.13in,0.8mi,North,  -,  -,0.01in,Snow

Light Snow,10:17 AM,32.0°F,25.6°F,28.0°F,85%,30.16in,1.5mi,Variable,6.9mph,  -,0.00in,Snow

Light Snow,10:48 AM,32.0°F,23.0°F,28.4°F,87%,30.11in,0.5mi,North,11.5mph,20.7mph,0.00in,Fog

	,,Snow,Snow,10:51 AM,30.9°F,25.2°F,28.0°F,89%,30.10in,0.5mi,Variable,5.8mph,20.7mph

0.01in,Fog,	,,Snow,Snow,11:25 AM,32.0°F,26.4°F,28.0°F,85%,30.12in,1.2mi,Variable

5.8mph,  -,0.00in,Snow,Light Snow,11:37 AM,32.0°F,22.1°F,28.0°F,85%,30.11in,2.5mi,North

13.8mph,  -,0.00in,	,Overcast,11:51 AM,32.0°F,22.5°F,27.0°F,82%,30.08in,2.5mi,North

12.7mph,20.7mph,0.00in,	,Haze,12:05 PM,32.0°F,26.4°F,28.0°F,85%,30.09in,3.0mi,Variable

5.8mph,21.9mph,N/A,	,Overcast,12:33 PM,33.1°F,26.1°F,28.9°F,85%,30.08in,2.5mi,WNW

8.1mph,  -,N/A,	,Overcast,12:42 PM,33.1°F,  -,28.9°F,85%,30.09in,4.0mi,North

  -,  -,N/A,	,Mostly Cloudy,12:51 PM,33.1°F,28.7°F,28.9°F,85%,30.07in,5.0mi,Variable

4.6mph,  -,N/A,	,Scattered Clouds,1:51 PM,37.0°F,32.4°F,26.1°F,65%,30.09in,10.0mi,WNW

5.8mph,  -,N/A,	,Clear,2:51 PM,39.0°F,32.3°F,21.9°F,50%,30.11in,10.0mi,WNW

10.4mph,18.4mph,N/A,	,Mostly Cloudy,3:51 PM,39.0°F,32.3°F,17.1°F,41%,30.14in,10.0mi,WNW

10.4mph,21.9mph,N/A,	,Overcast,4:51 PM,37.9°F,34.4°F,16.0°F,41%,30.17in,10.0mi,Variable

4.6mph,  -,N/A,	,Clear,5:51 PM,37.0°F,28.9°F,15.1°F,41%,30.22in,10.0mi,WNW

12.7mph,20.7mph,N/A,	,Clear,6:51 PM,36.0°F,32.1°F,16.0°F,44%,30.26in,10.0mi,WNW

4.6mph,  -,N/A,	,Clear,7:51 PM,35.1°F,28.6°F,14.0°F,42%,30.28in,10.0mi,NW

8.1mph,20.7mph,N/A,	,Clear,8:51 PM,34.0°F,25.5°F,12.9°F,42%,30.30in,10.0mi,NW

11.5mph,21.9mph,N/A,	,Clear,9:51 PM,33.1°F,26.9°F,14.0°F,46%,30.32in,10.0mi,NW

6.9mph,  -,N/A,	,Clear,10:51 PM,33.1°F,28.7°F,14.0°F,46%,30.32in,10.0mi,Variable

4.6mph,  -,N/A,	,Clear,11:51 PM,32.0°F,24.2°F,15.1°F,50%,30.32in,10.0mi,WNW

