20161121
Time (EST),Temp.,Windchill,Dew Point,Humidity,Pressure,Visibility,Wind Dir,Wind Speed,Gust Speed,Precip,Events,Conditions

12:51 AM,37.9°F,30.9°F,18.0°F,45%,29.57in,10.0mi,WNW,10.4mph,28.8mph,N/A,	,Overcast

1:51 AM,37.9°F,30.0°F,17.1°F,43%,29.58in,10.0mi,West,12.7mph,25.3mph,N/A,	,Overcast

2:51 AM,37.0°F,29.8°F,21.0°F,52%,29.59in,10.0mi,West,10.4mph,17.3mph,N/A,	,Overcast

3:51 AM,37.0°F,27.7°F,18.0°F,46%,29.60in,10.0mi,WNW,16.1mph,27.6mph,N/A,	,Overcast

4:51 AM,37.0°F,29.8°F,17.1°F,44%,29.61in,10.0mi,WNW,10.4mph,24.2mph,N/A,	,Overcast

5:51 AM,36.0°F,28.0°F,16.0°F,44%,29.62in,10.0mi,WNW,11.5mph,35.7mph,N/A,	,Overcast

6:51 AM,36.0°F,26.3°F,16.0°F,44%,29.64in,10.0mi,WNW,16.1mph,27.6mph,N/A,	,Overcast

7:51 AM,37.0°F,28.1°F,16.0°F,42%,29.65in,10.0mi,WNW,15.0mph,38.0mph,N/A,	,Scattered Clouds

8:51 AM,37.0°F,28.5°F,17.1°F,44%,29.67in,10.0mi,WNW,13.8mph,29.9mph,N/A,	,Overcast

9:51 AM,37.0°F,29.3°F,18.0°F,46%,29.68in,10.0mi,WNW,11.5mph,29.9mph,N/A,	,Overcast

10:51 AM,37.9°F,30.0°F,18.0°F,45%,29.69in,10.0mi,WNW,12.7mph,28.8mph,N/A,	,Overcast

11:51 AM,39.0°F,31.0°F,18.0°F,43%,29.69in,10.0mi,WNW,13.8mph,32.2mph,N/A,	,Overcast

12:51 PM,39.0°F,32.8°F,19.0°F,45%,29.68in,10.0mi,WNW,9.2mph,25.3mph,N/A,	,Overcast

1:51 PM,39.9°F,35.8°F,19.0°F,43%,29.68in,10.0mi,Variable,5.8mph,26.5mph,N/A,	,Overcast

2:51 PM,39.9°F,33.4°F,19.0°F,43%,29.70in,10.0mi,WNW,10.4mph,27.6mph,N/A,	,Overcast

3:51 PM,39.9°F,32.1°F,19.0°F,43%,29.73in,10.0mi,West,13.8mph,27.6mph,N/A,	,Overcast

4:51 PM,39.0°F,29.9°F,18.0°F,43%,29.75in,10.0mi,WNW,17.3mph,29.9mph,N/A,	,Overcast

5:51 PM,39.0°F,  -,18.0°F,43%,29.77in,10.0mi,North,  -,  -,N/A,	,Partly Cloudy

6:25 PM,39.0°F,32.3°F,17.1°F,41%,29.80in,10.0mi,WNW,10.4mph,26.5mph,N/A,	,Partly Cloudy

6:51 PM,39.0°F,31.0°F,17.1°F,41%,29.78in,10.0mi,West,13.8mph,31.1mph,N/A,	,Scattered Clouds

7:51 PM,39.9°F,32.5°F,17.1°F,40%,29.79in,10.0mi,WNW,12.7mph,26.5mph,N/A,	,Mostly Cloudy

8:51 PM,39.0°F,28.8°F,16.0°F,39%,29.81in,10.0mi,WNW,21.9mph,39.1mph,N/A,	,Mostly Cloudy

9:51 PM,39.0°F,30.6°F,16.0°F,39%,29.82in,10.0mi,WNW,15.0mph,31.1mph,N/A,	,Overcast

10:51 PM,37.9°F,30.0°F,17.1°F,43%,29.83in,10.0mi,WNW,12.7mph,26.5mph,N/A,	,Partly Cloudy

11:51 PM,37.9°F,29.6°F,17.1°F,43%,29.85in,10.0mi,West,13.8mph,31.1mph,N/A,	,Mostly Cloudy

