20160319
Time (EDT),Temp.,Windchill,Dew Point,Humidity,Pressure,Visibility,Wind Dir,Wind Speed,Gust Speed,Precip,Events,Conditions

12:51 AM,42.1°F,37.1°F,23.0°F,47%,30.00in,10.0mi,NNW,8.1mph,17.3mph,N/A,	,Clear

1:51 AM,41.0°F,37.1°F,19.9°F,43%,30.02in,10.0mi,Variable,5.8mph,  -,N/A,	,Partly Cloudy

2:51 AM,41.0°F,37.1°F,21.0°F,45%,30.01in,10.0mi,Variable,5.8mph,  -,N/A,	,Clear

3:51 AM,39.0°F,34.8°F,19.9°F,46%,30.03in,10.0mi,Variable,5.8mph,  -,N/A,	,Clear

4:51 AM,37.9°F,33.5°F,19.9°F,48%,30.04in,10.0mi,North,5.8mph,  -,N/A,	,Clear

5:51 AM,37.0°F,34.5°F,19.9°F,50%,30.08in,10.0mi,NNE,3.5mph,  -,N/A,	,Clear

6:51 AM,36.0°F,33.3°F,19.9°F,52%,30.10in,10.0mi,Variable,3.5mph,  -,N/A,	,Clear

7:51 AM,37.0°F,32.4°F,19.0°F,48%,30.12in,10.0mi,NNE,5.8mph,  -,N/A,	,Clear

8:51 AM,37.9°F,34.4°F,19.9°F,48%,30.12in,10.0mi,Variable,4.6mph,  -,N/A,	,Clear

9:51 AM,39.9°F,36.7°F,16.0°F,38%,30.14in,10.0mi,NNE,4.6mph,  -,N/A,	,Clear

10:51 AM,39.9°F,37.8°F,14.0°F,35%,30.15in,10.0mi,Variable,3.5mph,  -,N/A,	,Clear

11:51 AM,42.1°F,38.4°F,15.1°F,34%,30.13in,10.0mi,Variable,5.8mph,  -,N/A,	,Clear

12:51 PM,44.1°F,42.5°F,7.0°F,22%,30.10in,10.0mi,Variable,3.5mph,  -,N/A,	,Clear

1:51 PM,44.1°F,39.5°F,7.0°F,22%,30.09in,10.0mi,NW,8.1mph,  -,N/A,	,Partly Cloudy

2:51 PM,45.0°F,41.8°F,9.0°F,23%,30.07in,10.0mi,Variable,5.8mph,  -,N/A,	,Partly Cloudy

3:51 PM,45.0°F,  -,8.1°F,22%,30.04in,10.0mi,Calm,Calm,  -,N/A,	,Clear

4:51 PM,45.0°F,  -,8.1°F,22%,30.07in,10.0mi,Calm,Calm,  -,N/A,	,Overcast

5:51 PM,46.0°F,  -,10.0°F,23%,30.06in,10.0mi,Calm,Calm,  -,N/A,	,Scattered Clouds

6:51 PM,46.0°F,43.9°F,9.0°F,22%,30.07in,10.0mi,NE,4.6mph,  -,N/A,	,Partly Cloudy

7:51 PM,45.0°F,42.6°F,6.1°F,20%,30.08in,10.0mi,North,4.6mph,  -,N/A,	,Clear

8:51 PM,45.0°F,43.5°F,10.9°F,25%,30.08in,10.0mi,Variable,3.5mph,  -,N/A,	,Clear

9:51 PM,44.1°F,40.1°F,12.9°F,28%,30.09in,10.0mi,ENE,6.9mph,  -,N/A,	,Clear

10:51 PM,43.0°F,36.0°F,10.9°F,27%,30.10in,10.0mi,ENE,13.8mph,19.6mph,N/A,	,Clear

11:51 PM,39.9°F,34.5°F,8.1°F,27%,30.11in,10.0mi,ENE,8.1mph,  -,N/A,	,Clear

