20160218
Time (EST),Temp.,Windchill,Dew Point,Humidity,Pressure,Visibility,Wind Dir,Wind Speed,Gust Speed,Precip,Events,Conditions

12:51 AM,34.0°F,29.8°F,21.0°F,59%,30.21in,10.0mi,Variable,4.6mph,  -,N/A,	,Clear

1:51 AM,33.1°F,26.9°F,19.0°F,56%,30.23in,10.0mi,WNW,6.9mph,17.3mph,N/A,	,Clear

2:51 AM,32.0°F,25.6°F,17.1°F,54%,30.25in,10.0mi,Variable,6.9mph,  -,N/A,	,Clear

3:51 AM,30.9°F,24.3°F,14.0°F,50%,30.28in,10.0mi,WNW,6.9mph,  -,N/A,	,Clear

4:51 AM,30.0°F,26.5°F,15.1°F,54%,30.30in,10.0mi,Variable,3.5mph,  -,N/A,	,Clear

5:51 AM,28.9°F,23.9°F,12.0°F,49%,30.32in,10.0mi,Variable,4.6mph,  -,N/A,	,Clear

6:51 AM,28.0°F,19.3°F,10.0°F,47%,30.35in,10.0mi,WNW,9.2mph,19.6mph,N/A,	,Clear

7:51 AM,27.0°F,23.0°F,10.9°F,51%,30.38in,10.0mi,Variable,3.5mph,  -,N/A,	,Clear

8:51 AM,28.9°F,22.8°F,9.0°F,43%,30.40in,10.0mi,Variable,5.8mph,  -,N/A,	,Clear

9:51 AM,28.9°F,21.9°F,8.1°F,41%,30.42in,10.0mi,Variable,6.9mph,  -,N/A,	,Clear

10:51 AM,30.0°F,21.1°F,7.0°F,38%,30.43in,10.0mi,NW,10.4mph,20.7mph,N/A,	,Clear

11:51 AM,32.0°F,26.4°F,5.0°F,32%,30.42in,10.0mi,Variable,5.8mph,  -,N/A,	,Clear

12:51 PM,32.0°F,23.6°F,3.0°F,29%,30.42in,10.0mi,NW,10.4mph,20.7mph,N/A,	,Clear

1:51 PM,35.1°F,30.1°F,1.9°F,25%,30.41in,10.0mi,Variable,5.8mph,18.4mph,N/A,	,Clear

2:51 PM,35.1°F,28.6°F,1.0°F,24%,30.41in,10.0mi,WNW,8.1mph,  -,N/A,	,Clear

3:51 PM,35.1°F,26.9°F,-0.0°F,23%,30.43in,10.0mi,WNW,11.5mph,18.4mph,N/A,	,Clear

4:51 PM,35.1°F,32.2°F,-0.0°F,23%,30.43in,10.0mi,Variable,3.5mph,  -,N/A,	,Clear

5:51 PM,33.1°F,27.7°F,3.0°F,28%,30.46in,10.0mi,Variable,5.8mph,  -,N/A,	,Clear

6:51 PM,32.0°F,24.8°F,1.9°F,28%,30.50in,10.0mi,North,8.1mph,  -,N/A,	,Clear

7:51 PM,30.9°F,22.8°F,1.9°F,29%,30.52in,10.0mi,NNE,9.2mph,17.3mph,N/A,	,Clear

8:51 PM,30.0°F,24.1°F,1.9°F,30%,30.53in,10.0mi,Variable,5.8mph,  -,N/A,	,Clear

9:51 PM,28.9°F,20.4°F,1.9°F,32%,30.54in,10.0mi,NNE,9.2mph,  -,N/A,	,Clear

10:51 PM,28.0°F,18.1°F,1.9°F,33%,30.53in,10.0mi,NE,11.5mph,18.4mph,N/A,	,Clear

11:51 PM,28.0°F,20.8°F,3.0°F,34%,30.53in,10.0mi,NNE,6.9mph,  -,N/A,	,Clear

