20161201
Time (EST),Temp.,Windchill,Dew Point,Humidity,Pressure,Visibility,Wind Dir,Wind Speed,Gust Speed,Precip,Events,Conditions

12:51 AM,52.0°F,  -,51.1°F,97%,29.48in,2.0mi,Variable,5.8mph,  -,0.05in,Rain,Rain

1:09 AM,52.0°F,  -,51.1°F,97%,29.49in,4.0mi,Calm,Calm,  -,0.01in,	,Overcast

1:24 AM,52.0°F,  -,51.1°F,97%,29.50in,2.0mi,Calm,Calm,  -,0.01in,	,Overcast

1:31 AM,52.0°F,  -,51.1°F,97%,29.51in,1.5mi,West,3.5mph,  -,0.01in,	,Overcast

1:51 AM,52.0°F,  -,51.1°F,97%,29.48in,2.5mi,Calm,Calm,  -,0.01in,	,Overcast

2:00 AM,52.0°F,  -,51.1°F,97%,29.50in,3.0mi,Calm,Calm,  -,N/A,	,Overcast

2:10 AM,52.0°F,  -,51.1°F,97%,29.49in,1.8mi,Calm,Calm,  -,N/A,	,Overcast

2:20 AM,52.0°F,  -,51.1°F,97%,29.48in,1.8mi,Calm,Calm,  -,N/A,	,Overcast

2:41 AM,52.0°F,  -,51.1°F,97%,29.48in,2.5mi,NW,4.6mph,  -,N/A,	,Overcast

2:49 AM,51.8°F,  -,50.0°F,94%,29.48in,3.0mi,NW,4.6mph,  -,N/A,	,Overcast

2:51 AM,51.1°F,  -,50.0°F,96%,29.46in,3.0mi,WNW,5.8mph,  -,N/A,	,Overcast

3:24 AM,52.0°F,  -,51.1°F,97%,29.50in,5.0mi,Calm,Calm,  -,N/A,	,Overcast

3:46 AM,51.8°F,  -,50.0°F,94%,29.50in,8.0mi,North,  -,  -,N/A,	,Mostly Cloudy

3:51 AM,52.0°F,  -,51.1°F,97%,29.48in,9.0mi,West,6.9mph,  -,N/A,	,Mostly Cloudy

3:55 AM,52.0°F,  -,50.0°F,93%,29.50in,10.0mi,Variable,5.8mph,  -,N/A,	,Scattered Clouds

4:51 AM,52.0°F,  -,48.0°F,86%,29.53in,10.0mi,Variable,4.6mph,  -,0.00in,Rain,Light Rain

5:51 AM,51.1°F,  -,46.9°F,86%,29.56in,10.0mi,West,4.6mph,  -,0.01in,	,Partly Cloudy

6:51 AM,51.1°F,  -,46.0°F,83%,29.59in,10.0mi,Variable,5.8mph,  -,N/A,	,Clear

7:51 AM,52.0°F,  -,46.0°F,80%,29.61in,10.0mi,West,5.8mph,  -,N/A,	,Mostly Cloudy

8:51 AM,52.0°F,  -,41.0°F,66%,29.63in,10.0mi,West,9.2mph,18.4mph,N/A,	,Clear

9:51 AM,53.1°F,  -,37.9°F,57%,29.66in,10.0mi,West,10.4mph,21.9mph,N/A,	,Partly Cloudy

10:51 AM,53.1°F,  -,36.0°F,52%,29.65in,10.0mi,North,  -,  -,N/A,	,Partly Cloudy

11:51 AM,53.1°F,  -,35.1°F,50%,29.64in,10.0mi,North,  -,  -,N/A,	,Clear

12:51 PM,52.0°F,  -,33.1°F,49%,29.65in,10.0mi,Variable,4.6mph,20.7mph,N/A,	,Partly Cloudy

1:51 PM,51.1°F,  -,32.0°F,48%,29.66in,10.0mi,West,15.0mph,33.4mph,N/A,	,Overcast

2:51 PM,50.0°F,  -,30.9°F,48%,29.69in,10.0mi,WNW,8.1mph,26.5mph,N/A,	,Overcast

3:51 PM,50.0°F,  -,30.0°F,46%,29.70in,10.0mi,WNW,15.0mph,24.2mph,N/A,	,Overcast

4:51 PM,48.9°F,  -,28.9°F,46%,29.73in,10.0mi,WNW,10.4mph,23.0mph,N/A,	,Overcast

5:51 PM,48.9°F,  -,28.0°F,44%,29.75in,10.0mi,WNW,11.5mph,18.4mph,N/A,	,Overcast

6:51 PM,48.0°F,  -,28.0°F,46%,29.78in,10.0mi,WNW,8.1mph,26.5mph,N/A,	,Overcast

7:51 PM,46.9°F,  -,27.0°F,46%,29.79in,10.0mi,WNW,11.5mph,23.0mph,N/A,	,Overcast

8:51 PM,45.0°F,  -,27.0°F,49%,29.81in,10.0mi,North,  -,  -,N/A,	,Clear

9:51 PM,44.1°F,39.5°F,27.0°F,51%,29.81in,10.0mi,West,8.1mph,16.1mph,N/A,	,Clear

10:51 PM,43.0°F,39.5°F,27.0°F,53%,29.83in,10.0mi,WNW,5.8mph,18.4mph,N/A,	,Clear

11:51 PM,42.1°F,38.4°F,27.0°F,55%,29.83in,10.0mi,WSW,5.8mph,  -,N/A,	,Clear

