20160825
Time (EDT),Temp.,Heat Index,Dew Point,Humidity,Pressure,Visibility,Wind Dir,Wind Speed,Gust Speed,Precip,Events,Conditions

12:51 AM,75.2°F,  -,60.8°F,61%,		-,  -,North,  -,  -,N/A,	,Unknown

1:51 AM,73.4°F,  -,60.8°F,65%,		-,  -,North,  -,  -,N/A,	,Unknown

2:51 AM,71.6°F,  -,60.8°F,69%,		-,  -,North,  -,  -,N/A,	,Unknown

3:51 AM,71.6°F,  -,62.6°F,73%,		-,  -,North,  -,  -,N/A,	,Unknown

4:51 AM,71.6°F,  -,62.6°F,73%,		-,  -,North,  -,  -,N/A,	,Unknown

5:51 AM,69.8°F,  -,62.6°F,78%,		-,  -,North,  -,  -,N/A,	,Unknown

6:51 AM,71.6°F,  -,62.6°F,73%,		-,  -,North,  -,  -,N/A,	,Unknown

7:51 AM,71.6°F,  -,64.4°F,78%,		-,  -,North,  -,  -,N/A,	,Unknown

8:51 AM,75.2°F,  -,64.4°F,69%,		-,  -,North,  -,  -,N/A,	,Unknown

9:51 AM,78.8°F,  -,64.4°F,61%,		-,  -,North,  -,  -,N/A,	,Unknown

10:51 AM,78.8°F,  -,64.4°F,61%,		-,  -,North,  -,  -,N/A,	,Unknown

11:51 AM,82.4°F,83.4°F,62.6°F,51%,		-,  -,North,  -,  -,N/A,	,Unknown

12:51 PM,84.2°F,85.6°F,64.4°F,51%,		-,  -,North,  -,  -,N/A,	,Unknown

1:51 PM,86.0°F,87.3°F,64.4°F,48%,		-,  -,North,  -,  -,N/A,	,Unknown

2:51 PM,86.0°F,87.3°F,64.4°F,48%,		-,  -,North,  -,  -,N/A,	,Unknown

3:51 PM,84.2°F,86.6°F,66.2°F,55%,		-,  -,North,  -,  -,N/A,	,Unknown

4:51 PM,82.4°F,85.4°F,68.0°F,62%,		-,  -,North,  -,  -,N/A,	,Unknown

5:51 PM,80.6°F,83.9°F,69.8°F,70%,		-,  -,North,  -,  -,N/A,	,Unknown

6:51 PM,80.6°F,83.9°F,69.8°F,70%,		-,  -,North,  -,  -,N/A,	,Unknown

7:51 PM,82.4°F,86.3°F,69.8°F,66%,		-,  -,North,  -,  -,N/A,	,Unknown

8:51 PM,80.6°F,84.6°F,71.6°F,74%,		-,  -,North,  -,  -,N/A,	,Unknown

9:51 PM,80.6°F,83.9°F,69.8°F,70%,		-,  -,North,  -,  -,N/A,	,Unknown

10:51 PM,80.6°F,83.9°F,69.8°F,70%,		-,  -,North,  -,  -,N/A,	,Unknown

11:51 PM,80.6°F,84.6°F,71.6°F,74%,		-,  -,North,  -,  -,N/A,	,Unknown

