20160127
Time (EST),Temp.,Windchill,Dew Point,Humidity,Pressure,Visibility,Wind Dir,Wind Speed,Gust Speed,Precip,Events,Conditions

12:51 AM,46.0°F,43.9°F,30.0°F,54%,29.93in,10.0mi,Variable,4.6mph,  -,N/A,	,Mostly Cloudy

1:51 AM,46.0°F,  -,30.0°F,54%,29.92in,10.0mi,North,  -,  -,N/A,	,Overcast

2:51 AM,45.0°F,41.8°F,30.9°F,58%,29.93in,10.0mi,Variable,5.8mph,  -,N/A,	,Overcast

3:51 AM,45.0°F,42.6°F,32.0°F,60%,29.93in,8.0mi,West,4.6mph,  -,0.00in,Rain,Light Rain

4:51 AM,44.1°F,41.5°F,30.0°F,58%,29.94in,10.0mi,Variable,4.6mph,  -,0.00in,	,Overcast

5:51 AM,43.0°F,  -,28.9°F,58%,29.96in,10.0mi,Calm,Calm,  -,N/A,	,Overcast

6:51 AM,43.0°F,39.5°F,27.0°F,53%,29.99in,10.0mi,Variable,5.8mph,  -,N/A,	,Overcast

7:51 AM,42.1°F,36.1°F,26.1°F,53%,30.02in,10.0mi,WNW,10.4mph,  -,N/A,	,Mostly Cloudy

8:51 AM,41.0°F,38.0°F,25.0°F,53%,30.05in,10.0mi,Variable,4.6mph,  -,N/A,	,Mostly Cloudy

9:51 AM,39.9°F,33.4°F,21.9°F,49%,30.05in,10.0mi,NW,10.4mph,19.6mph,N/A,	,Mostly Cloudy

10:51 AM,41.0°F,34.3°F,19.0°F,41%,30.06in,10.0mi,WNW,11.5mph,18.4mph,N/A,	,Clear

11:51 AM,43.0°F,37.7°F,19.9°F,40%,30.05in,10.0mi,West,9.2mph,  -,N/A,	,Clear

12:51 PM,44.1°F,38.6°F,17.1°F,34%,30.03in,10.0mi,NW,10.4mph,25.3mph,N/A,	,Clear

1:51 PM,44.1°F,39.0°F,17.1°F,34%,30.02in,10.0mi,NW,9.2mph,  -,N/A,	,Clear

2:51 PM,44.1°F,40.8°F,17.1°F,34%,30.04in,10.0mi,WNW,5.8mph,18.4mph,N/A,	,Partly Cloudy

3:51 PM,44.1°F,38.1°F,16.0°F,32%,30.06in,10.0mi,NW,11.5mph,17.3mph,N/A,	,Clear

4:51 PM,42.1°F,36.1°F,18.0°F,38%,30.08in,10.0mi,NW,10.4mph,16.1mph,N/A,	,Clear

5:51 PM,41.0°F,38.0°F,19.0°F,41%,30.10in,10.0mi,NW,4.6mph,  -,N/A,	,Mostly Cloudy

6:51 PM,41.0°F,35.8°F,18.0°F,40%,30.09in,10.0mi,WNW,8.1mph,  -,N/A,	,Partly Cloudy

7:51 PM,39.0°F,  -,19.9°F,46%,30.11in,10.0mi,Calm,Calm,  -,N/A,	,Clear

8:51 PM,37.0°F,34.5°F,19.9°F,50%,30.10in,10.0mi,Variable,3.5mph,  -,N/A,	,Clear

9:51 PM,37.0°F,32.4°F,19.9°F,50%,30.10in,10.0mi,North,5.8mph,  -,N/A,	,Clear

10:51 PM,35.1°F,29.3°F,19.0°F,52%,30.12in,10.0mi,NE,6.9mph,  -,N/A,	,Clear

11:51 PM,35.1°F,31.0°F,18.0°F,50%,30.13in,10.0mi,North,4.6mph,  -,N/A,	,Clear

