20160226
Time (EST),Temp.,Windchill,Dew Point,Humidity,Pressure,Visibility,Wind Dir,Wind Speed,Gust Speed,Precip,Events,Conditions

12:51 AM,37.9°F,34.4°F,19.0°F,47%,29.58in,10.0mi,Variable,4.6mph,23.0mph,N/A,	,Overcast

1:51 AM,36.0°F,28.0°F,18.0°F,48%,29.62in,10.0mi,WNW,11.5mph,21.9mph,N/A,	,Overcast

2:51 AM,36.0°F,29.6°F,19.0°F,50%,29.63in,10.0mi,West,8.1mph,28.8mph,N/A,	,Overcast

3:51 AM,35.1°F,27.4°F,19.0°F,52%,29.65in,10.0mi,WNW,10.4mph,28.8mph,N/A,	,Overcast

4:51 AM,34.0°F,27.2°F,16.0°F,48%,29.69in,10.0mi,WNW,8.1mph,25.3mph,N/A,	,Overcast

5:51 AM,33.1°F,25.5°F,15.1°F,48%,29.72in,10.0mi,WNW,9.2mph,23.0mph,N/A,	,Overcast

6:51 AM,32.0°F,  -,14.0°F,48%,29.76in,10.0mi,North,  -,  -,N/A,	,Mostly Cloudy

7:51 AM,30.9°F,23.5°F,10.9°F,43%,29.80in,10.0mi,WNW,8.1mph,20.7mph,N/A,	,Clear

8:51 AM,32.0°F,24.8°F,10.0°F,40%,29.83in,10.0mi,WNW,8.1mph,20.7mph,N/A,	,Clear

9:51 AM,33.1°F,25.5°F,10.0°F,38%,29.85in,10.0mi,WNW,9.2mph,23.0mph,N/A,	,Clear

10:51 AM,34.0°F,27.2°F,9.0°F,35%,29.87in,10.0mi,WNW,8.1mph,21.9mph,N/A,	,Scattered Clouds

11:51 AM,35.1°F,30.1°F,9.0°F,34%,29.87in,10.0mi,Variable,5.8mph,21.9mph,N/A,	,Partly Cloudy

12:51 PM,35.1°F,25.5°F,8.1°F,33%,29.88in,10.0mi,NW,15.0mph,28.8mph,N/A,	,Partly Cloudy

1:51 PM,36.0°F,28.5°F,5.0°F,27%,29.88in,10.0mi,WNW,10.4mph,25.3mph,N/A,	,Clear

2:51 PM,35.1°F,25.5°F,1.9°F,25%,29.89in,10.0mi,WNW,15.0mph,29.9mph,N/A,	,Clear

3:51 PM,35.1°F,29.3°F,1.0°F,24%,29.93in,10.0mi,Variable,6.9mph,26.5mph,N/A,	,Clear

4:51 PM,34.0°F,28.0°F,-0.0°F,24%,29.96in,10.0mi,Variable,6.9mph,24.2mph,N/A,	,Clear

5:51 PM,32.0°F,23.6°F,1.0°F,27%,30.00in,10.0mi,NW,10.4mph,21.9mph,N/A,	,Clear

6:51 PM,32.0°F,24.8°F,1.9°F,28%,30.04in,10.0mi,NW,8.1mph,  -,N/A,	,Clear

7:51 PM,30.0°F,25.2°F,1.9°F,30%,30.06in,10.0mi,Variable,4.6mph,  -,N/A,	,Clear

8:51 PM,30.0°F,25.2°F,3.9°F,33%,30.08in,10.0mi,Variable,4.6mph,  -,N/A,	,Clear

9:51 PM,28.9°F,  -,6.1°F,38%,30.09in,10.0mi,North,  -,  -,N/A,	,Clear

10:51 PM,28.0°F,17.5°F,7.0°F,41%,30.09in,10.0mi,NW,12.7mph,21.9mph,N/A,	,Clear

11:51 PM,28.0°F,21.7°F,7.0°F,41%,30.10in,10.0mi,Variable,5.8mph,21.9mph,N/A,	,Clear

