20160220
Time (EST),Temp.,Windchill,Dew Point,Humidity,Pressure,Visibility,Wind Dir,Wind Speed,Gust Speed,Precip,Events,Conditions

12:51 AM,39.9°F,33.9°F,30.9°F,70%,30.13in,10.0mi,South,9.2mph,20.7mph,N/A,	,Overcast

1:51 AM,41.0°F,35.2°F,30.9°F,67%,30.10in,10.0mi,South,9.2mph,  -,N/A,	,Overcast

2:51 AM,41.0°F,35.8°F,30.9°F,67%,30.04in,10.0mi,South,8.1mph,  -,N/A,	,Overcast

3:51 AM,43.0°F,39.5°F,28.0°F,56%,30.01in,10.0mi,Variable,5.8mph,  -,N/A,	,Overcast

4:51 AM,43.0°F,38.8°F,27.0°F,53%,29.99in,10.0mi,Variable,6.9mph,  -,N/A,	,Overcast

5:51 AM,43.0°F,39.5°F,26.1°F,51%,29.97in,10.0mi,Variable,5.8mph,24.2mph,N/A,	,Overcast

6:51 AM,43.0°F,  -,26.1°F,51%,29.96in,10.0mi,North,  -,  -,N/A,	,Overcast

7:51 AM,44.1°F,40.8°F,26.1°F,49%,29.98in,10.0mi,Variable,5.8mph,16.1mph,N/A,	,Partly Cloudy

8:51 AM,45.0°F,40.6°F,26.1°F,48%,29.97in,10.0mi,WSW,8.1mph,20.7mph,N/A,	,Clear

9:51 AM,48.9°F,  -,28.0°F,44%,29.96in,10.0mi,Variable,6.9mph,  -,N/A,	,Clear

10:51 AM,52.0°F,  -,28.9°F,41%,29.94in,10.0mi,Calm,Calm,  -,N/A,	,Clear

11:51 AM,55.0°F,  -,30.0°F,38%,29.92in,10.0mi,West,5.8mph,  -,N/A,	,Clear

12:51 PM,57.0°F,  -,30.0°F,36%,29.89in,10.0mi,West,8.1mph,  -,N/A,	,Clear

1:51 PM,57.9°F,  -,32.0°F,37%,29.88in,10.0mi,Variable,5.8mph,24.2mph,N/A,	,Clear

2:51 PM,61.0°F,  -,32.0°F,34%,29.86in,10.0mi,SW,11.5mph,20.7mph,N/A,	,Clear

3:51 PM,61.0°F,  -,32.0°F,34%,29.83in,10.0mi,WSW,9.2mph,  -,N/A,	,Clear

4:51 PM,60.1°F,  -,32.0°F,35%,29.82in,10.0mi,Variable,5.8mph,  -,N/A,	,Clear

5:51 PM,59.0°F,  -,30.9°F,35%,29.82in,10.0mi,WSW,10.4mph,20.7mph,N/A,	,Clear

6:51 PM,57.9°F,  -,30.0°F,35%,29.83in,10.0mi,WSW,5.8mph,  -,N/A,	,Clear

7:51 PM,57.0°F,  -,30.9°F,37%,29.84in,10.0mi,WSW,9.2mph,17.3mph,N/A,	,Clear

8:51 PM,55.0°F,  -,33.1°F,43%,29.83in,10.0mi,SW,8.1mph,23.0mph,N/A,	,Clear

9:51 PM,54.0°F,  -,35.1°F,49%,29.83in,10.0mi,North,  -,  -,N/A,	,Clear

10:51 PM,54.0°F,  -,35.1°F,49%,29.81in,10.0mi,North,  -,  -,N/A,	,Clear

11:51 PM,54.0°F,  -,35.1°F,49%,29.80in,10.0mi,WSW,10.4mph,23.0mph,N/A,	,Clear

