20160302
Time (EST),Temp.,Windchill,Dew Point,Humidity,Pressure,Visibility,Wind Dir,Wind Speed,Gust Speed,Precip,Events,Conditions

12:51 AM,52.0°F,  -,45.0°F,77%,29.59in,8.0mi,Variable,6.9mph,16.1mph,N/A,	,Overcast

1:51 AM,52.0°F,  -,45.0°F,77%,29.52in,9.0mi,Variable,6.9mph,  -,0.01in,	,Overcast

2:51 AM,51.1°F,  -,46.0°F,83%,29.49in,4.0mi,South,6.9mph,  -,0.00in,Rain,Light Rain

3:03 AM,51.1°F,  -,46.0°F,83%,29.50in,2.5mi,SSE,9.2mph,  -,0.04in,Rain,Rain

3:17 AM,50.0°F,  -,46.9°F,89%,29.49in,4.0mi,Variable,6.9mph,  -,0.07in,Rain,Light Rain

3:51 AM,53.1°F,  -,48.0°F,83%,29.45in,8.0mi,Variable,4.6mph,  -,0.07in,	,Overcast

4:31 AM,55.0°F,  -,48.9°F,80%,29.50in,4.0mi,Variable,4.6mph,21.9mph,0.02in,Rain,Rain

4:51 AM,54.0°F,  -,45.0°F,72%,29.48in,10.0mi,West,11.5mph,23.0mph,0.02in,Rain,Light Rain

5:51 AM,50.0°F,  -,39.9°F,68%,29.51in,5.0mi,West,9.2mph,27.6mph,0.02in,Rain,Rain

6:51 AM,51.1°F,  -,42.1°F,71%,29.49in,10.0mi,West,8.1mph,  -,0.02in,	,Overcast

7:51 AM,46.9°F,  -,30.0°F,52%,29.58in,10.0mi,WNW,13.8mph,31.1mph,N/A,	,Partly Cloudy

8:51 AM,44.1°F,36.8°F,24.1°F,45%,29.62in,10.0mi,West,16.1mph,32.2mph,N/A,	,Partly Cloudy

9:51 AM,43.0°F,35.4°F,21.0°F,42%,29.66in,10.0mi,WNW,16.1mph,26.5mph,N/A,	,Partly Cloudy

10:51 AM,42.1°F,37.1°F,17.1°F,37%,29.70in,10.0mi,WNW,8.1mph,28.8mph,N/A,	,Clear

11:51 AM,39.9°F,32.5°F,10.9°F,31%,29.71in,10.0mi,NW,12.7mph,34.5mph,N/A,	,Clear

12:51 PM,39.9°F,32.1°F,10.9°F,31%,29.71in,10.0mi,NW,13.8mph,27.6mph,N/A,	,Clear

1:51 PM,42.1°F,34.9°F,10.9°F,28%,29.74in,10.0mi,NW,13.8mph,23.0mph,N/A,	,Clear

2:51 PM,39.9°F,32.1°F,10.0°F,29%,29.78in,10.0mi,NW,13.8mph,29.9mph,N/A,	,Clear

3:51 PM,39.9°F,32.9°F,10.0°F,29%,29.81in,10.0mi,NW,11.5mph,23.0mph,N/A,	,Clear

4:51 PM,39.0°F,33.4°F,9.0°F,29%,29.84in,10.0mi,NW,8.1mph,21.9mph,N/A,	,Clear

5:51 PM,37.0°F,28.9°F,8.1°F,30%,29.88in,10.0mi,WNW,12.7mph,26.5mph,N/A,	,Clear

6:51 PM,35.1°F,  -,9.0°F,34%,29.93in,10.0mi,North,  -,  -,N/A,	,Clear

7:51 PM,34.0°F,26.6°F,9.0°F,35%,29.97in,10.0mi,NW,9.2mph,20.7mph,N/A,	,Clear

8:51 PM,32.0°F,24.8°F,10.0°F,40%,30.01in,10.0mi,NW,8.1mph,19.6mph,N/A,	,Clear

9:51 PM,30.9°F,23.5°F,9.0°F,40%,30.06in,10.0mi,NW,8.1mph,23.0mph,N/A,	,Clear

10:51 PM,30.0°F,21.7°F,9.0°F,41%,30.09in,10.0mi,NW,9.2mph,21.9mph,N/A,	,Clear

11:51 PM,28.9°F,  -,7.0°F,40%,30.10in,10.0mi,North,  -,  -,N/A,	,Clear

