20161004
Time (EDT),Temp.,Dew Point,Humidity,Pressure,Visibility,Wind Dir,Wind Speed,Gust Speed,Precip,Events,Conditions

12:51 AM,64.9°F,57.9°F,78%,30.12in,9.0mi,NE,3.5mph,  -,N/A,	,Overcast

1:51 AM,64.9°F,59.0°F,81%,30.14in,8.0mi,Variable,4.6mph,  -,N/A,	,Overcast

2:26 AM,64.9°F,59.0°F,81%,30.18in,8.0mi,Variable,5.8mph,  -,N/A,	,Overcast

2:36 AM,64.9°F,59.0°F,81%,30.18in,8.0mi,East,3.5mph,  -,N/A,	,Overcast

2:51 AM,64.0°F,59.0°F,84%,30.16in,8.0mi,Variable,3.5mph,  -,N/A,	,Mostly Cloudy

3:51 AM,64.0°F,57.9°F,80%,30.18in,8.0mi,ENE,5.8mph,  -,N/A,	,Overcast

4:32 AM,63.0°F,57.0°F,81%,30.22in,9.0mi,SE,4.6mph,  -,N/A,	,Overcast

4:48 AM,62.6°F,57.2°F,82%,30.22in,10.0mi,North,  -,  -,N/A,	,Overcast

4:51 AM,63.0°F,55.9°F,78%,30.20in,10.0mi,ESE,5.8mph,  -,N/A,	,Overcast

5:19 AM,63.0°F,57.0°F,81%,30.23in,10.0mi,Variable,4.6mph,  -,N/A,	,Overcast

5:51 AM,62.1°F,57.0°F,84%,30.22in,9.0mi,ENE,12.7mph,18.4mph,N/A,	,Overcast

6:51 AM,61.0°F,55.0°F,81%,30.24in,10.0mi,NE,8.1mph,  -,N/A,	,Overcast

7:15 AM,61.0°F,55.0°F,81%,30.28in,10.0mi,Variable,4.6mph,  -,N/A,	,Overcast

7:51 AM,60.1°F,53.1°F,78%,30.27in,10.0mi,ENE,9.2mph,  -,N/A,	,Overcast

8:51 AM,61.0°F,53.1°F,75%,30.29in,10.0mi,Variable,5.8mph,  -,N/A,	,Overcast

9:51 AM,61.0°F,53.1°F,75%,30.30in,10.0mi,ENE,9.2mph,  -,N/A,	,Overcast

10:51 AM,62.1°F,52.0°F,70%,30.31in,10.0mi,ENE,11.5mph,18.4mph,N/A,	,Overcast

11:42 AM,64.0°F,52.0°F,65%,30.34in,10.0mi,ENE,8.1mph,17.3mph,N/A,	,Overcast

11:51 AM,64.0°F,51.1°F,63%,30.31in,10.0mi,ENE,8.1mph,  -,N/A,	,Overcast

12:51 PM,64.9°F,50.0°F,58%,30.31in,10.0mi,Variable,5.8mph,  -,N/A,	,Overcast

1:51 PM,68.0°F,52.0°F,56%,30.29in,10.0mi,Variable,6.9mph,  -,N/A,	,Mostly Cloudy

2:51 PM,68.0°F,51.1°F,55%,30.28in,10.0mi,East,9.2mph,  -,N/A,	,Mostly Cloudy

3:51 PM,68.0°F,51.1°F,55%,30.27in,10.0mi,ENE,12.7mph,18.4mph,N/A,	,Clear

4:51 PM,66.9°F,53.1°F,61%,30.28in,10.0mi,Variable,4.6mph,  -,N/A,	,Clear

5:51 PM,66.9°F,53.1°F,61%,30.28in,10.0mi,ENE,9.2mph,  -,N/A,	,Mostly Cloudy

6:51 PM,66.0°F,53.1°F,63%,30.30in,10.0mi,Variable,3.5mph,  -,N/A,	,Overcast

7:51 PM,66.0°F,53.1°F,63%,30.31in,10.0mi,ENE,8.1mph,  -,N/A,	,Overcast

8:51 PM,64.9°F,53.1°F,65%,30.32in,10.0mi,ENE,6.9mph,  -,N/A,	,Overcast

9:51 PM,63.0°F,52.0°F,67%,30.33in,10.0mi,ENE,9.2mph,  -,N/A,	,Clear

10:51 PM,61.0°F,52.0°F,72%,30.32in,10.0mi,Variable,5.8mph,  -,N/A,	,Clear

11:51 PM,60.1°F,51.1°F,72%,30.32in,10.0mi,ENE,6.9mph,  -,N/A,	,Mostly Cloudy

