20160504
Time (EDT),Temp.,Dew Point,Humidity,Pressure,Visibility,Wind Dir,Wind Speed,Gust Speed,Precip,Events,Conditions

12:51 AM,51.1°F,48.0°F,89%,29.82in,5.0mi,Calm,Calm,  -,N/A,	,Overcast

1:26 AM,51.1°F,48.0°F,89%,29.83in,3.0mi,Calm,Calm,  -,N/A,	,Overcast

1:51 AM,51.1°F,48.0°F,89%,29.81in,4.0mi,Variable,4.6mph,  -,N/A,	,Overcast

2:08 AM,50.0°F,48.0°F,93%,29.83in,6.0mi,Variable,3.5mph,  -,N/A,	,Overcast

2:51 AM,50.0°F,46.9°F,89%,29.81in,5.0mi,East,4.6mph,  -,N/A,	,Overcast

3:51 AM,50.0°F,46.9°F,89%,29.81in,7.0mi,Calm,Calm,  -,N/A,	,Overcast

4:13 AM,50.0°F,46.0°F,86%,29.82in,10.0mi,Variable,5.8mph,  -,N/A,	,Overcast

4:48 AM,50.0°F,44.6°F,82%,29.83in,10.0mi,Variable,6.9mph,  -,N/A,	,Overcast

4:51 AM,50.0°F,45.0°F,83%,29.80in,10.0mi,East,5.8mph,  -,N/A,	,Overcast

4:58 AM,50.0°F,43.0°F,77%,29.82in,10.0mi,Variable,3.5mph,  -,N/A,	,Overcast

5:51 AM,50.0°F,44.1°F,80%,29.80in,10.0mi,ENE,9.2mph,  -,N/A,	,Overcast

6:42 AM,48.9°F,44.1°F,83%,29.82in,6.0mi,East,9.2mph,17.3mph,0.00in,Rain,Light Rain

6:51 AM,48.9°F,45.0°F,86%,29.81in,3.0mi,Variable,6.9mph,  -,0.01in,Rain,Light Rain

7:37 AM,48.9°F,45.0°F,86%,29.84in,10.0mi,ENE,4.6mph,  -,0.00in,	,Overcast

7:51 AM,50.0°F,45.0°F,83%,29.81in,10.0mi,ENE,6.9mph,  -,0.00in,	,Overcast

8:51 AM,51.1°F,44.1°F,77%,29.80in,10.0mi,Variable,6.9mph,  -,N/A,	,Overcast

9:51 AM,51.1°F,43.0°F,74%,29.80in,10.0mi,ENE,12.7mph,18.4mph,N/A,	,Overcast

10:51 AM,51.1°F,43.0°F,74%,29.80in,10.0mi,ENE,13.8mph,  -,N/A,	,Overcast

11:12 AM,50.0°F,44.1°F,80%,29.82in,9.0mi,ENE,11.5mph,19.6mph,N/A,	,Overcast

11:51 AM,50.0°F,45.0°F,83%,29.78in,9.0mi,ENE,11.5mph,18.4mph,N/A,	,Overcast

12:51 PM,50.0°F,44.1°F,80%,29.77in,10.0mi,ENE,13.8mph,24.2mph,N/A,	,Overcast

1:51 PM,50.0°F,44.1°F,80%,29.76in,8.0mi,ENE,8.1mph,  -,N/A,	,Overcast

2:51 PM,48.9°F,44.1°F,83%,29.73in,7.0mi,ENE,11.5mph,  -,N/A,	,Overcast

3:37 PM,50.0°F,43.0°F,77%,29.76in,10.0mi,ENE,10.4mph,17.3mph,N/A,	,Overcast

3:51 PM,51.1°F,43.0°F,74%,29.73in,10.0mi,ENE,12.7mph,20.7mph,N/A,	,Overcast

4:41 PM,50.0°F,45.0°F,83%,29.74in,10.0mi,ENE,9.2mph,  -,0.00in,	,Overcast

4:51 PM,50.0°F,45.0°F,83%,29.72in,9.0mi,East,6.9mph,  -,0.00in,	,Overcast

4:58 PM,50.0°F,45.0°F,83%,29.74in,9.0mi,Variable,4.6mph,  -,N/A,	,Overcast

5:38 PM,50.0°F,46.0°F,86%,29.75in,7.0mi,East,6.9mph,  -,0.00in,Rain,Light Rain

5:48 PM,50.0°F,44.6°F,82%,29.74in,8.0mi,ENE,9.2mph,  -,0.00in,Rain,Light Rain

5:51 PM,50.0°F,46.0°F,86%,29.72in,9.0mi,ENE,12.7mph,  -,0.00in,	,Overcast

6:18 PM,50.0°F,46.0°F,86%,29.75in,8.0mi,NE,6.9mph,  -,N/A,	,Overcast

6:51 PM,50.0°F,46.9°F,89%,29.73in,4.0mi,NNE,4.6mph,  -,N/A,	,Overcast

7:48 PM,50.0°F,46.4°F,87%,29.76in,8.0mi,ENE,9.2mph,  -,N/A,	,Overcast

7:51 PM,50.0°F,46.0°F,86%,29.74in,9.0mi,ENE,9.2mph,  -,N/A,	,Overcast

8:51 PM,50.0°F,44.1°F,80%,29.75in,10.0mi,NE,11.5mph,18.4mph,N/A,	,Overcast

9:51 PM,50.0°F,42.1°F,74%,29.76in,10.0mi,NE,10.4mph,18.4mph,N/A,	,Overcast

10:51 PM,48.9°F,41.0°F,74%,29.74in,10.0mi,NE,8.1mph,17.3mph,N/A,	,Overcast

11:51 PM,48.9°F,41.0°F,74%,29.74in,10.0mi,NE,10.4mph,20.7mph,N/A,	,Overcast

