20160413
Time (EDT),Temp.,Windchill,Dew Point,Humidity,Pressure,Visibility,Wind Dir,Wind Speed,Gust Speed,Precip,Events,Conditions

12:51 AM,45.0°F,41.8°F,19.0°F,36%,30.31in,10.0mi,Variable,5.8mph,  -,N/A,	,Clear

1:51 AM,44.1°F,41.5°F,21.0°F,40%,30.32in,10.0mi,Variable,4.6mph,  -,N/A,	,Clear

2:51 AM,43.0°F,40.3°F,23.0°F,45%,30.32in,10.0mi,Variable,4.6mph,  -,N/A,	,Clear

3:51 AM,42.1°F,  -,23.0°F,47%,30.34in,10.0mi,North,  -,  -,N/A,	,Clear

4:51 AM,41.0°F,37.1°F,24.1°F,51%,30.35in,10.0mi,North,5.8mph,  -,N/A,	,Clear

5:51 AM,39.9°F,37.8°F,24.1°F,53%,30.39in,10.0mi,Variable,3.5mph,  -,N/A,	,Clear

6:51 AM,39.9°F,36.7°F,24.1°F,53%,30.41in,10.0mi,Variable,4.6mph,  -,N/A,	,Clear

7:51 AM,42.1°F,39.2°F,24.1°F,49%,30.43in,10.0mi,Variable,4.6mph,  -,N/A,	,Clear

8:51 AM,44.1°F,39.5°F,23.0°F,43%,30.43in,10.0mi,ENE,8.1mph,  -,N/A,	,Clear

9:51 AM,45.0°F,38.5°F,23.0°F,42%,30.43in,10.0mi,NNE,13.8mph,20.7mph,N/A,	,Clear

10:51 AM,48.9°F,  -,25.0°F,39%,30.41in,10.0mi,NE,8.1mph,  -,N/A,	,Clear

11:51 AM,50.0°F,  -,25.0°F,38%,30.39in,10.0mi,Variable,5.8mph,  -,N/A,	,Clear

12:51 PM,52.0°F,  -,24.1°F,34%,30.38in,10.0mi,ENE,6.9mph,  -,N/A,	,Clear

1:51 PM,54.0°F,  -,24.1°F,31%,30.35in,10.0mi,Calm,Calm,  -,N/A,	,Clear

2:51 PM,54.0°F,  -,23.0°F,30%,30.33in,10.0mi,Variable,4.6mph,  -,N/A,	,Clear

3:51 PM,55.0°F,  -,21.9°F,28%,30.30in,10.0mi,North,  -,  -,N/A,	,Clear

4:51 PM,57.0°F,  -,21.9°F,26%,30.30in,10.0mi,NNW,4.6mph,  -,N/A,	,Clear

5:51 PM,55.9°F,  -,21.9°F,27%,30.31in,10.0mi,Calm,Calm,  -,N/A,	,Clear

6:51 PM,53.1°F,  -,26.1°F,35%,30.31in,10.0mi,North,  -,  -,N/A,	,Clear

7:51 PM,50.0°F,  -,26.1°F,39%,30.31in,10.0mi,South,3.5mph,  -,N/A,	,Clear

10:51 PM,46.9°F,  -,32.0°F,56%,30.31in,10.0mi,Calm,Calm,  -,N/A,	,Clear

11:51 PM,46.9°F,  -,34.0°F,61%,30.32in,10.0mi,NW,3.5mph,  -,N/A,	,Clear

