20160815
Time (EDT),Temp.,Heat Index,Dew Point,Humidity,Pressure,Visibility,Wind Dir,Wind Speed,Gust Speed,Precip,Events,Conditions

12:51 AM,80.1°F,83.8°F,72.0°F,76%,30.04in,10.0mi,Variable,4.6mph,  -,N/A,	,Partly Cloudy

1:51 AM,80.1°F,83.6°F,71.1°F,74%,30.05in,10.0mi,Calm,Calm,  -,N/A,	,Clear

2:51 AM,78.1°F,  -,71.1°F,79%,30.05in,10.0mi,WNW,3.5mph,  -,N/A,	,Clear

3:51 AM,78.1°F,  -,71.1°F,79%,30.06in,10.0mi,Calm,Calm,  -,N/A,	,Clear

4:51 AM,78.1°F,  -,70.0°F,76%,30.08in,10.0mi,Calm,Calm,  -,N/A,	,Clear

5:51 AM,77.0°F,  -,70.0°F,79%,30.10in,10.0mi,Variable,4.6mph,  -,N/A,	,Clear

6:51 AM,77.0°F,  -,70.0°F,79%,30.12in,9.0mi,Calm,Calm,  -,N/A,	,Clear

7:51 AM,78.1°F,  -,70.0°F,76%,30.14in,9.0mi,NNW,4.6mph,  -,N/A,	,Clear

8:51 AM,79.0°F,  -,70.0°F,74%,30.15in,9.0mi,Calm,Calm,  -,N/A,	,Clear

9:51 AM,81.0°F,84.4°F,70.0°F,69%,30.15in,9.0mi,ENE,4.6mph,  -,N/A,	,Clear

10:51 AM,84.0°F,87.0°F,68.0°F,58%,30.16in,9.0mi,Variable,4.6mph,  -,N/A,	,Clear

11:51 AM,87.1°F,91.3°F,69.1°F,55%,30.15in,9.0mi,Variable,3.5mph,  -,N/A,	,Clear

12:51 PM,90.0°F,92.8°F,66.9°F,46%,30.15in,9.0mi,WNW,5.8mph,  -,N/A,	,Clear

1:51 PM,91.0°F,93.0°F,64.9°F,42%,30.15in,9.0mi,North,6.9mph,  -,N/A,	,Partly Cloudy

2:51 PM,87.1°F,89.2°F,66.0°F,49%,30.15in,9.0mi,WNW,8.1mph,  -,N/A,	,Partly Cloudy

3:51 PM,91.0°F,93.0°F,64.9°F,42%,30.14in,9.0mi,Variable,3.5mph,  -,N/A,	,Scattered Clouds

4:51 PM,89.1°F,91.3°F,66.0°F,46%,30.13in,9.0mi,Variable,4.6mph,  -,N/A,	,Clear

5:51 PM,89.1°F,90.3°F,64.0°F,43%,30.14in,9.0mi,Variable,4.6mph,  -,N/A,	,Clear

6:51 PM,88.0°F,89.6°F,64.9°F,46%,30.14in,9.0mi,Calm,Calm,  -,N/A,	,Mostly Cloudy

7:51 PM,84.9°F,87.6°F,66.9°F,55%,30.15in,9.0mi,NE,6.9mph,  -,N/A,	,Clear

8:51 PM,82.9°F,87.5°F,71.1°F,67%,30.17in,9.0mi,SSE,4.6mph,  -,N/A,	,Clear

9:51 PM,81.0°F,85.2°F,72.0°F,74%,30.19in,9.0mi,Calm,Calm,  -,N/A,	,Clear

10:51 PM,81.0°F,85.2°F,72.0°F,74%,30.19in,9.0mi,Calm,Calm,  -,N/A,	,Clear

11:51 PM,81.0°F,84.9°F,71.1°F,72%,30.19in,9.0mi,Calm,Calm,  -,N/A,	,Clear

