20160426
Time (EDT),Temp.,Dew Point,Humidity,Pressure,Visibility,Wind Dir,Wind Speed,Gust Speed,Precip,Events,Conditions

12:51 AM,55.9°F,46.0°F,69%,29.83in,10.0mi,ENE,5.8mph,  -,N/A,	,Clear

1:51 AM,55.0°F,46.0°F,72%,29.80in,10.0mi,East,5.8mph,  -,N/A,	,Clear

2:51 AM,55.0°F,46.0°F,72%,29.76in,10.0mi,ENE,10.4mph,  -,N/A,	,Overcast

3:39 AM,55.0°F,45.0°F,69%,29.90in,8.0mi,West,10.4mph,16.1mph,0.00in,Rain,Light Rain

3:48 AM,53.6°F,46.4°F,77%,29.85in,1.8mi,NE,6.9mph,18.4mph,0.05in,Rain,Heavy Rain

3:51 AM,52.0°F,48.0°F,86%,29.81in,1.5mi,NNE,9.2mph,  -,0.07in,Rain,Heavy Rain

3:56 AM,52.0°F,48.0°F,86%,29.82in,2.0mi,ENE,9.2mph,  -,0.03in,Rain,Heavy Rain

4:08 AM,52.0°F,48.0°F,86%,29.81in,3.0mi,ENE,9.2mph,  -,0.06in,Rain,Rain

4:51 AM,51.1°F,48.0°F,89%,29.76in,7.0mi,Variable,6.9mph,  -,0.10in,	,Mostly Cloudy

5:51 AM,52.0°F,48.0°F,86%,29.77in,6.0mi,Calm,Calm,  -,N/A,	,Mostly Cloudy

6:13 AM,52.0°F,48.9°F,89%,29.79in,4.0mi,Variable,3.5mph,  -,N/A,	,Overcast

6:51 AM,52.0°F,48.9°F,89%,29.75in,5.0mi,Variable,5.8mph,  -,N/A,	,Mostly Cloudy

7:51 AM,53.1°F,48.9°F,86%,29.75in,5.0mi,ENE,4.6mph,  -,N/A,	,Overcast

8:51 AM,53.1°F,48.9°F,86%,29.72in,5.0mi,Variable,4.6mph,  -,N/A,	,Overcast

9:51 AM,55.9°F,50.0°F,80%,29.70in,4.0mi,ENE,4.6mph,  -,N/A,	,Haze

10:14 AM,55.9°F,50.0°F,80%,29.72in,5.0mi,Variable,4.6mph,  -,N/A,	,Haze

10:29 AM,55.0°F,50.0°F,83%,29.73in,5.0mi,NNE,6.9mph,  -,N/A,	,Haze

10:39 AM,55.0°F,50.0°F,83%,29.72in,5.0mi,Variable,5.8mph,17.3mph,N/A,	,Haze

10:51 AM,55.9°F,50.0°F,80%,29.70in,5.0mi,NE,6.9mph,  -,N/A,	,Haze

11:51 AM,55.9°F,48.9°F,77%,29.68in,4.0mi,ENE,6.9mph,  -,N/A,	,Haze

12:10 PM,55.0°F,48.0°F,77%,29.70in,5.0mi,ESE,6.9mph,  -,N/A,	,Haze

12:51 PM,57.0°F,48.0°F,72%,29.66in,6.0mi,ENE,6.9mph,  -,N/A,	,Haze

1:01 PM,57.9°F,48.0°F,70%,29.69in,6.0mi,NE,6.9mph,  -,N/A,	,Haze

1:51 PM,57.0°F,46.9°F,69%,29.66in,7.0mi,Variable,5.8mph,  -,N/A,	,Scattered Clouds

2:51 PM,60.1°F,46.9°F,62%,29.65in,7.0mi,ENE,8.1mph,  -,N/A,	,Partly Cloudy

3:51 PM,55.9°F,48.9°F,77%,29.68in,6.0mi,ENE,10.4mph,  -,0.01in,	,Haze

4:17 PM,54.0°F,48.9°F,83%,29.72in,1.8mi,ENE,9.2mph,  -,0.01in,Rain,Rain

4:38 PM,53.1°F,48.9°F,86%,29.70in,3.0mi,ENE,9.2mph,  -,0.04in,Rain,Light Rain

4:51 PM,52.0°F,48.9°F,89%,29.71in,3.0mi,East,5.8mph,  -,0.04in,Rain,Light Rain

4:59 PM,52.0°F,48.9°F,89%,29.72in,2.0mi,Variable,4.6mph,  -,0.01in,Rain,Light Rain

5:12 PM,51.1°F,48.0°F,89%,29.72in,4.0mi,East,5.8mph,  -,0.02in,	,Overcast

5:51 PM,51.1°F,48.0°F,89%,29.73in,5.0mi,East,5.8mph,  -,0.02in,	,Overcast

6:51 PM,51.1°F,46.9°F,86%,29.75in,5.0mi,ENE,9.2mph,  -,N/A,	,Overcast

7:30 PM,50.0°F,45.0°F,83%,29.78in,6.0mi,East,9.2mph,  -,N/A,	,Haze

7:51 PM,48.9°F,44.1°F,83%,29.78in,8.0mi,East,8.1mph,  -,N/A,	,Overcast

8:51 PM,46.9°F,42.1°F,83%,29.83in,7.0mi,East,10.4mph,  -,N/A,	,Overcast

9:21 PM,48.0°F,42.1°F,80%,29.86in,8.0mi,ENE,8.1mph,  -,N/A,	,Overcast

9:51 PM,46.9°F,41.0°F,80%,29.85in,9.0mi,ENE,10.4mph,18.4mph,N/A,	,Overcast

10:51 PM,48.0°F,41.0°F,77%,29.86in,9.0mi,ENE,10.4mph,18.4mph,N/A,	,Overcast

11:51 PM,46.9°F,39.9°F,77%,29.87in,10.0mi,East,8.1mph,  -,N/A,	,Overcast

