20160113
Time (EST),Temp.,Windchill,Dew Point,Humidity,Pressure,Visibility,Wind Dir,Wind Speed,Gust Speed,Precip,Events,Conditions

12:51 AM,27.0°F,15.2°F,7.0°F,43%,29.75in,10.0mi,West,15.0mph,23.0mph,N/A,	,Clear

1:51 AM,26.1°F,14.5°F,6.1°F,43%,29.78in,10.0mi,WNW,13.8mph,34.5mph,N/A,	,Clear

2:51 AM,25.0°F,14.2°F,6.1°F,45%,29.83in,10.0mi,WNW,11.5mph,24.2mph,N/A,	,Clear

3:51 AM,24.1°F,12.5°F,6.1°F,46%,29.85in,10.0mi,WNW,12.7mph,21.9mph,N/A,	,Clear

4:51 AM,23.0°F,10.6°F,7.0°F,50%,29.88in,10.0mi,West,13.8mph,26.5mph,N/A,	,Clear

5:51 AM,23.0°F,12.4°F,6.1°F,48%,29.91in,10.0mi,West,10.4mph,24.2mph,N/A,	,Clear

6:51 AM,21.9°F,11.0°F,7.0°F,53%,29.93in,10.0mi,WNW,10.4mph,24.2mph,N/A,	,Clear

7:51 AM,21.9°F,14.5°F,6.1°F,51%,29.96in,10.0mi,Variable,5.8mph,17.3mph,N/A,	,Clear

8:51 AM,23.0°F,11.1°F,6.1°F,48%,29.99in,10.0mi,West,12.7mph,25.3mph,N/A,	,Clear

9:51 AM,24.1°F,13.7°F,5.0°F,44%,29.99in,10.0mi,WNW,10.4mph,31.1mph,N/A,	,Clear

10:51 AM,25.0°F,12.6°F,3.0°F,39%,30.01in,10.0mi,West,15.0mph,26.5mph,N/A,	,Partly Cloudy

11:51 AM,26.1°F,20.5°F,1.9°F,35%,29.99in,10.0mi,Variable,4.6mph,23.0mph,N/A,	,Partly Cloudy

12:51 PM,28.0°F,19.3°F,1.9°F,33%,29.96in,10.0mi,NW,9.2mph,20.7mph,N/A,	,Clear

1:51 PM,28.0°F,17.0°F,1.9°F,33%,29.93in,10.0mi,WNW,13.8mph,28.8mph,N/A,	,Clear

2:51 PM,28.0°F,22.8°F,1.9°F,33%,29.95in,10.0mi,Variable,4.6mph,23.0mph,N/A,	,Clear

3:51 PM,28.0°F,19.3°F,3.9°F,36%,29.96in,10.0mi,West,9.2mph,18.4mph,N/A,	,Clear

4:51 PM,27.0°F,18.0°F,3.9°F,37%,29.97in,10.0mi,WNW,9.2mph,  -,N/A,	,Clear

5:51 PM,26.1°F,17.6°F,3.9°F,39%,29.99in,10.0mi,WNW,8.1mph,21.9mph,N/A,	,Clear

6:51 PM,25.0°F,  -,3.9°F,41%,30.02in,10.0mi,North,  -,  -,N/A,	,Clear

7:51 PM,24.1°F,13.7°F,3.0°F,40%,30.01in,10.0mi,WNW,10.4mph,18.4mph,N/A,	,Clear

8:51 PM,24.1°F,13.7°F,3.0°F,40%,30.01in,10.0mi,West,10.4mph,17.3mph,N/A,	,Clear

9:51 PM,24.1°F,14.4°F,3.0°F,40%,30.01in,10.0mi,West,9.2mph,  -,N/A,	,Clear

10:51 PM,23.0°F,17.0°F,3.9°F,44%,30.01in,10.0mi,WSW,4.6mph,  -,N/A,	,Partly Cloudy

11:51 PM,23.0°F,  -,3.9°F,44%,29.99in,10.0mi,Calm,Calm,  -,N/A,	,Overcast

