20161005
Time (EDT),Temp.,Dew Point,Humidity,Pressure,Visibility,Wind Dir,Wind Speed,Gust Speed,Precip,Events,Conditions

12:02 AM,61.0°F,51.1°F,70%,30.35in,10.0mi,Variable,5.8mph,  -,N/A,	,Mostly Cloudy

12:19 AM,60.1°F,52.0°F,75%,30.35in,10.0mi,ENE,8.1mph,  -,N/A,	,Scattered Clouds

12:36 AM,60.1°F,52.0°F,75%,30.35in,10.0mi,ENE,6.9mph,  -,N/A,	,Mostly Cloudy

12:51 AM,60.1°F,52.0°F,75%,30.32in,10.0mi,ENE,6.9mph,  -,N/A,	,Overcast

1:14 AM,60.1°F,52.0°F,75%,30.35in,10.0mi,ENE,6.9mph,  -,N/A,	,Scattered Clouds

1:51 AM,57.9°F,51.1°F,78%,30.33in,10.0mi,Variable,4.6mph,  -,N/A,	,Clear

2:51 AM,57.0°F,46.9°F,69%,30.33in,10.0mi,ENE,5.8mph,  -,N/A,	,Clear

3:51 AM,55.0°F,46.0°F,72%,30.33in,10.0mi,NE,5.8mph,  -,N/A,	,Clear

4:51 AM,55.0°F,44.1°F,67%,30.33in,10.0mi,Variable,5.8mph,  -,N/A,	,Clear

6:51 AM,54.0°F,43.0°F,66%,30.34in,10.0mi,ENE,8.1mph,  -,N/A,	,Clear

7:51 AM,54.0°F,44.1°F,69%,30.36in,10.0mi,Variable,6.9mph,  -,N/A,	,Clear

8:51 AM,55.0°F,45.0°F,69%,30.37in,10.0mi,ENE,8.1mph,  -,N/A,	,Partly Cloudy

9:51 AM,55.9°F,46.9°F,72%,30.37in,10.0mi,ENE,8.1mph,  -,N/A,	,Partly Cloudy

10:51 AM,59.0°F,48.0°F,67%,30.36in,10.0mi,Variable,5.8mph,  -,N/A,	,Partly Cloudy

11:51 AM,62.1°F,50.0°F,65%,30.35in,10.0mi,Variable,4.6mph,  -,N/A,	,Partly Cloudy

12:51 PM,64.0°F,50.0°F,60%,30.32in,10.0mi,ESE,8.1mph,  -,N/A,	,Clear

1:51 PM,64.9°F,48.9°F,56%,30.30in,10.0mi,Variable,5.8mph,  -,N/A,	,Clear

2:51 PM,66.0°F,48.0°F,52%,30.29in,10.0mi,Variable,4.6mph,  -,N/A,	,Clear

3:51 PM,66.0°F,44.1°F,45%,30.28in,10.0mi,NE,6.9mph,  -,N/A,	,Clear

4:51 PM,64.9°F,45.0°F,48%,30.27in,10.0mi,Variable,5.8mph,  -,N/A,	,Clear

5:51 PM,63.0°F,46.0°F,54%,30.28in,10.0mi,ENE,3.5mph,  -,N/A,	,Clear

6:51 PM,61.0°F,45.0°F,56%,30.29in,10.0mi,Calm,Calm,  -,N/A,	,Clear

7:51 PM,60.1°F,52.0°F,75%,30.30in,10.0mi,Calm,Calm,  -,N/A,	,Clear

8:51 PM,59.0°F,53.1°F,81%,30.30in,9.0mi,Calm,Calm,  -,N/A,	,Clear

9:51 PM,57.9°F,52.0°F,81%,30.30in,9.0mi,Calm,Calm,  -,N/A,	,Clear

10:51 PM,57.9°F,52.0°F,81%,30.30in,10.0mi,SE,3.5mph,  -,N/A,	,Clear

11:51 PM,57.9°F,52.0°F,81%,30.30in,10.0mi,Calm,Calm,  -,N/A,	,Clear

