20161101
Time (EDT),Temp.,Windchill,Dew Point,Humidity,Pressure,Visibility,Wind Dir,Wind Speed,Gust Speed,Precip,Events,Conditions

12:51 AM,45.0°F,42.6°F,30.9°F,58%,30.32in,10.0mi,NNE,4.6mph,  -,N/A,	,Clear

1:51 AM,44.1°F,42.5°F,32.0°F,63%,30.32in,10.0mi,NNE,3.5mph,  -,N/A,	,Clear

2:51 AM,42.8°F,39.3°F,33.8°F,70%,30.35in,10.0mi,ENE,5.8mph,  -,N/A,	,Clear

3:51 AM,43.0°F,  -,34.0°F,71%,30.33in,10.0mi,Calm,Calm,  -,N/A,	,Clear

4:51 AM,41.0°F,38.0°F,35.1°F,79%,30.34in,10.0mi,NNE,4.6mph,  -,N/A,	,Clear

5:51 AM,39.9°F,  -,35.1°F,83%,30.35in,10.0mi,Calm,Calm,  -,N/A,	,Clear

6:51 AM,41.0°F,  -,35.1°F,79%,30.35in,10.0mi,Calm,Calm,  -,N/A,	,Clear

7:51 AM,43.0°F,41.3°F,37.0°F,80%,30.36in,10.0mi,NNE,3.5mph,  -,N/A,	,Clear

8:51 AM,46.0°F,  -,39.0°F,76%,30.38in,10.0mi,Calm,Calm,  -,N/A,	,Clear

9:51 AM,48.0°F,  -,39.0°F,71%,30.38in,10.0mi,ENE,3.5mph,  -,N/A,	,Clear

10:51 AM,50.0°F,  -,39.0°F,66%,30.38in,10.0mi,ENE,4.6mph,  -,N/A,	,Clear

11:51 AM,53.1°F,  -,41.0°F,64%,30.38in,10.0mi,Variable,4.6mph,  -,N/A,	,Scattered Clouds

11:58 AM,54.0°F,  -,42.1°F,64%,30.40in,10.0mi,Variable,3.5mph,  -,N/A,	,Mostly Cloudy

12:29 PM,55.9°F,  -,39.9°F,55%,30.39in,10.0mi,Calm,Calm,  -,N/A,	,Mostly Cloudy

12:51 PM,55.9°F,  -,39.0°F,53%,30.36in,10.0mi,Variable,3.5mph,  -,N/A,	,Scattered Clouds

1:51 PM,57.0°F,  -,39.9°F,53%,30.34in,10.0mi,Variable,3.5mph,  -,N/A,	,Clear

2:51 PM,57.9°F,  -,39.9°F,51%,30.32in,10.0mi,Variable,4.6mph,  -,N/A,	,Clear

3:51 PM,57.9°F,  -,41.0°F,53%,30.31in,10.0mi,Variable,6.9mph,  -,N/A,	,Clear

4:51 PM,55.9°F,  -,43.0°F,62%,30.31in,10.0mi,Variable,3.5mph,  -,N/A,	,Scattered Clouds

5:51 PM,55.9°F,  -,42.1°F,60%,30.31in,10.0mi,North,  -,  -,N/A,	,Overcast

6:51 PM,54.0°F,  -,43.0°F,66%,30.31in,10.0mi,South,3.5mph,  -,N/A,	,Clear

7:51 PM,55.0°F,  -,45.0°F,69%,30.31in,10.0mi,Calm,Calm,  -,N/A,	,Clear

8:51 PM,55.0°F,  -,45.0°F,69%,30.31in,10.0mi,Variable,3.5mph,  -,N/A,	,Clear

9:51 PM,54.0°F,  -,45.0°F,72%,30.31in,10.0mi,Calm,Calm,  -,N/A,	,Clear

10:51 PM,55.0°F,  -,45.0°F,69%,30.31in,10.0mi,WSW,3.5mph,  -,N/A,	,Overcast

11:51 PM,55.9°F,  -,45.0°F,67%,30.30in,10.0mi,Variable,4.6mph,  -,N/A,	,Overcast

