20160720
Time (EDT),Temp.,Heat Index,Dew Point,Humidity,Pressure,Visibility,Wind Dir,Wind Speed,Gust Speed,Precip,Events,Conditions

12:51 AM,73.9°F,  -,52.0°F,46%,30.17in,10.0mi,Calm,Calm,  -,N/A,	,Mostly Cloudy

1:51 AM,73.0°F,  -,53.1°F,49%,30.18in,10.0mi,NNW,4.6mph,  -,N/A,	,Mostly Cloudy

2:51 AM,73.0°F,  -,51.1°F,46%,30.18in,10.0mi,Variable,3.5mph,  -,N/A,	,Mostly Cloudy

3:51 AM,72.0°F,  -,52.0°F,49%,30.18in,10.0mi,NE,3.5mph,  -,N/A,	,Mostly Cloudy

4:51 AM,71.1°F,  -,51.1°F,49%,30.17in,10.0mi,Variable,4.6mph,  -,N/A,	,Mostly Cloudy

5:51 AM,70.0°F,  -,51.1°F,51%,30.19in,10.0mi,Variable,4.6mph,  -,N/A,	,Partly Cloudy

6:51 AM,70.0°F,  -,52.0°F,53%,30.22in,10.0mi,NE,4.6mph,  -,N/A,	,Clear

7:51 AM,72.0°F,  -,55.0°F,55%,30.22in,10.0mi,Variable,3.5mph,  -,N/A,	,Clear

8:51 AM,73.9°F,  -,52.0°F,46%,30.23in,10.0mi,Variable,3.5mph,  -,N/A,	,Clear

9:51 AM,75.0°F,  -,52.0°F,44%,30.24in,10.0mi,SE,8.1mph,  -,N/A,	,Clear

10:51 AM,75.9°F,  -,48.9°F,38%,30.24in,10.0mi,East,6.9mph,  -,N/A,	,Clear

11:51 AM,80.1°F,  -,52.0°F,38%,30.22in,10.0mi,ENE,5.8mph,  -,N/A,	,Clear

12:51 PM,82.0°F,  -,50.0°F,33%,30.21in,9.0mi,Variable,4.6mph,  -,N/A,	,Clear

1:51 PM,82.9°F,  -,52.0°F,34%,30.19in,9.0mi,Calm,Calm,  -,N/A,	,Clear

2:51 PM,82.9°F,  -,52.0°F,34%,30.17in,9.0mi,Calm,Calm,  -,N/A,	,Partly Cloudy

3:51 PM,81.0°F,80.4°F,53.1°F,38%,30.16in,9.0mi,Calm,Calm,  -,N/A,	,Mostly Cloudy

4:51 PM,80.1°F,80.6°F,57.9°F,47%,30.14in,9.0mi,North,  -,  -,N/A,	,Clear

5:51 PM,80.1°F,80.6°F,57.9°F,47%,30.13in,9.0mi,North,  -,  -,N/A,	,Scattered Clouds

6:51 PM,78.1°F,  -,57.9°F,50%,30.13in,9.0mi,Calm,Calm,  -,N/A,	,Clear

7:51 PM,75.9°F,  -,57.9°F,54%,30.15in,9.0mi,Variable,3.5mph,  -,N/A,	,Clear

8:51 PM,75.9°F,  -,57.9°F,54%,30.15in,10.0mi,Variable,3.5mph,  -,N/A,	,Clear

9:51 PM,75.0°F,  -,57.9°F,55%,30.17in,10.0mi,Calm,Calm,  -,N/A,	,Clear

10:51 PM,75.0°F,  -,57.0°F,53%,30.17in,10.0mi,Calm,Calm,  -,N/A,	,Clear

11:51 PM,73.9°F,  -,57.9°F,57%,30.17in,10.0mi,WSW,4.6mph,  -,N/A,	,Clear

