20160404
Time (EDT),Temp.,Windchill,Dew Point,Humidity,Pressure,Visibility,Wind Dir,Wind Speed,Gust Speed,Precip,Events,Conditions

1:51 AM,37.0°F,31.6°F,15.1°F,41%,30.04in,10.0mi,ENE,6.9mph,  -,N/A,	,Overcast

2:51 AM,36.0°F,30.3°F,14.0°F,41%,30.01in,10.0mi,Variable,6.9mph,  -,N/A,	,Overcast

3:51 AM,36.0°F,29.6°F,15.1°F,43%,29.99in,10.0mi,ESE,8.1mph,16.1mph,N/A,	,Mostly Cloudy

4:51 AM,37.0°F,30.4°F,18.0°F,46%,29.96in,10.0mi,ESE,9.2mph,  -,N/A,	,Overcast

5:51 AM,37.9°F,32.7°F,21.0°F,51%,29.94in,10.0mi,Variable,6.9mph,  -,N/A,	,Overcast

6:51 AM,37.0°F,32.4°F,24.1°F,59%,29.92in,4.0mi,Variable,5.8mph,  -,0.01in,Snow,Light Snow

7:51 AM,39.0°F,35.7°F,30.9°F,73%,29.91in,9.0mi,ENE,4.6mph,  -,0.00in,Rain,Light Rain

8:51 AM,39.0°F,34.8°F,33.1°F,79%,29.87in,10.0mi,Variable,5.8mph,  -,0.02in,Rain,Light Rain

9:00 AM,  -,  -,  -,N/A%,		-,  -,North,  -,  -,N/A,	,Unknown

9:51 AM,39.9°F,  -,34.0°F,79%,29.85in,5.0mi,Calm,Calm,  -,0.02in,Rain,Light Rain

10:51 AM,43.0°F,41.3°F,35.6°F,75%,29.83in,9.0mi,NE,3.5mph,  -,0.07in,	,Mostly Cloudy

11:51 AM,43.0°F,40.3°F,37.9°F,82%,29.82in,4.0mi,NNE,4.6mph,  -,0.02in,Rain,Light Rain

12:51 PM,43.0°F,40.3°F,39.9°F,89%,29.81in,4.0mi,Variable,4.6mph,  -,0.03in,Rain,Light Rain

1:51 PM,43.0°F,40.3°F,39.9°F,89%,29.80in,5.0mi,NE,4.6mph,  -,0.15in,Rain,Light Rain

2:51 PM,44.1°F,41.5°F,41.0°F,89%,29.81in,1.5mi,NE,4.6mph,  -,0.11in,Rain,Rain

3:51 PM,44.1°F,40.8°F,41.0°F,89%,29.80in,2.0mi,NE,5.8mph,  -,0.06in,Rain,Light Rain

4:51 PM,41.0°F,36.4°F,37.9°F,89%,29.82in,2.5mi,ENE,6.9mph,  -,0.06in,Rain,Rain

5:51 PM,39.0°F,32.8°F,36.0°F,89%,29.84in,4.0mi,NE,9.2mph,16.1mph,0.08in,Rain,Light Rain

6:51 PM,36.0°F,27.5°F,32.0°F,86%,29.90in,10.0mi,North,12.7mph,18.4mph,0.00in,	,Overcast

7:51 PM,34.0°F,26.6°F,30.0°F,85%,29.95in,10.0mi,NNE,9.2mph,  -,0.00in,	,Overcast

8:51 PM,33.1°F,24.4°F,27.0°F,78%,29.99in,10.0mi,NNE,11.5mph,20.7mph,N/A,	,Overcast

9:51 PM,33.1°F,25.5°F,26.1°F,75%,30.00in,10.0mi,NNE,9.2mph,17.3mph,N/A,	,Overcast

10:51 PM,32.0°F,24.2°F,24.1°F,73%,30.04in,10.0mi,North,9.2mph,19.6mph,N/A,	,Overcast

11:51 PM,30.9°F,25.2°F,23.0°F,72%,30.06in,10.0mi,Variable,5.8mph,  -,N/A,	,Overcast

