20160616
Time (EDT),Temp.,Dew Point,Humidity,Pressure,Visibility,Wind Dir,Wind Speed,Gust Speed,Precip,Events,Conditions

12:51 AM,75.0°F,57.9°F,55%,29.83in,10.0mi,Calm,Calm,  -,N/A,	,Clear

1:51 AM,73.0°F,59.0°F,61%,29.82in,10.0mi,WSW,4.6mph,  -,N/A,	,Scattered Clouds

2:51 AM,73.0°F,60.1°F,64%,29.80in,10.0mi,West,3.5mph,  -,N/A,	,Scattered Clouds

3:51 AM,69.1°F,63.0°F,81%,29.79in,6.0mi,North,  -,  -,0.01in,Rain,Light Rain

4:51 AM,68.0°F,64.0°F,87%,29.78in,5.0mi,Calm,Calm,  -,0.01in,Rain,Light Rain

5:51 AM,68.0°F,64.9°F,90%,29.78in,3.0mi,Calm,Calm,  -,0.00in,Rain,Light Rain

6:39 AM,66.9°F,64.9°F,93%,29.83in,1.5mi,North,  -,  -,0.02in,Rain,Rain

6:51 AM,66.9°F,64.9°F,93%,29.81in,1.2mi,Calm,Calm,  -,0.09in,Rain,Rain

7:15 AM,66.9°F,64.9°F,93%,29.84in,0.8mi,Calm,Calm,  -,0.07in,Rain,Rain

7:22 AM,66.9°F,64.9°F,93%,29.83in,1.2mi,ENE,3.5mph,  -,0.08in,Rain,Light Rain

7:40 AM,66.0°F,64.0°F,93%,29.83in,3.0mi,Calm,Calm,  -,0.09in,Rain,Light Rain

7:51 AM,66.0°F,64.0°F,93%,29.80in,3.0mi,NE,4.6mph,  -,0.09in,	,Overcast

8:00 AM,66.0°F,64.0°F,93%,29.83in,1.8mi,Calm,Calm,  -,N/A,	,Overcast

8:24 AM,66.9°F,64.9°F,93%,29.83in,2.5mi,ENE,4.6mph,  -,N/A,	,Overcast

8:43 AM,66.0°F,64.0°F,93%,29.82in,5.0mi,North,  -,  -,N/A,	,Overcast

8:51 AM,66.9°F,64.0°F,90%,29.80in,4.0mi,ESE,5.8mph,  -,N/A,	,Overcast

9:51 AM,66.9°F,64.0°F,90%,29.78in,5.0mi,Calm,Calm,  -,N/A,	,Overcast

10:51 AM,69.1°F,64.0°F,84%,29.79in,8.0mi,Calm,Calm,  -,N/A,	,Overcast

11:51 AM,70.0°F,61.0°F,73%,29.79in,8.0mi,East,4.6mph,  -,N/A,	,Overcast

12:51 PM,71.1°F,60.1°F,68%,29.79in,8.0mi,Variable,3.5mph,  -,N/A,	,Overcast

1:51 PM,68.0°F,60.1°F,76%,29.80in,3.0mi,Calm,Calm,  -,0.00in,Rain,Rain

2:51 PM,66.9°F,64.0°F,90%,29.79in,6.0mi,Calm,Calm,  -,0.02in,	,Overcast

3:51 PM,69.1°F,61.0°F,75%,29.78in,8.0mi,Calm,Calm,  -,N/A,	,Overcast

4:51 PM,72.0°F,60.1°F,66%,29.76in,8.0mi,Variable,3.5mph,  -,N/A,	,Overcast

5:51 PM,72.0°F,60.1°F,66%,29.73in,8.0mi,ENE,3.5mph,  -,N/A,	,Overcast

6:51 PM,72.0°F,57.9°F,61%,29.73in,9.0mi,Calm,Calm,  -,N/A,	,Overcast

7:51 PM,71.1°F,60.1°F,68%,29.75in,8.0mi,Calm,Calm,  -,N/A,	,Overcast

8:51 PM,70.0°F,57.9°F,65%,29.75in,10.0mi,Calm,Calm,  -,N/A,	,Mostly Cloudy

9:51 PM,69.1°F,57.9°F,68%,29.76in,9.0mi,NE,3.5mph,  -,N/A,	,Clear

10:51 PM,68.0°F,55.9°F,65%,29.78in,10.0mi,NE,3.5mph,  -,N/A,	,Clear

11:51 PM,68.0°F,55.9°F,65%,29.78in,9.0mi,Calm,Calm,  -,N/A,	,Clear

