20160322
Time (EDT),Temp.,Windchill,Dew Point,Humidity,Pressure,Visibility,Wind Dir,Wind Speed,Gust Speed,Precip,Events,Conditions

12:51 AM,37.0°F,31.6°F,17.1°F,44%,30.04in,10.0mi,WNW,6.9mph,  -,N/A,	,Clear

1:51 AM,36.0°F,33.3°F,17.1°F,46%,30.06in,10.0mi,Variable,3.5mph,  -,N/A,	,Clear

2:51 AM,36.0°F,30.3°F,17.1°F,46%,30.07in,10.0mi,Variable,6.9mph,  -,N/A,	,Clear

3:51 AM,36.0°F,29.0°F,17.1°F,46%,30.08in,10.0mi,WNW,9.2mph,17.3mph,N/A,	,Clear

4:51 AM,36.0°F,30.3°F,16.0°F,44%,30.10in,10.0mi,Variable,6.9mph,  -,N/A,	,Clear

5:51 AM,36.0°F,32.1°F,16.0°F,44%,30.12in,10.0mi,Variable,4.6mph,  -,N/A,	,Clear

6:51 AM,35.1°F,  -,16.0°F,46%,30.14in,10.0mi,Calm,Calm,  -,N/A,	,Clear

7:51 AM,35.1°F,30.1°F,17.1°F,48%,30.16in,10.0mi,West,5.8mph,  -,N/A,	,Clear

8:51 AM,37.0°F,33.3°F,16.0°F,42%,30.18in,10.0mi,Variable,4.6mph,  -,N/A,	,Clear

9:51 AM,41.0°F,35.8°F,17.1°F,38%,30.19in,10.0mi,West,8.1mph,  -,N/A,	,Clear

10:51 AM,43.0°F,38.8°F,16.0°F,34%,30.20in,10.0mi,West,6.9mph,19.6mph,N/A,	,Clear

11:51 AM,45.0°F,41.2°F,15.1°F,30%,30.17in,10.0mi,Variable,6.9mph,20.7mph,N/A,	,Clear

12:51 PM,48.0°F,  -,15.1°F,27%,30.14in,10.0mi,West,9.2mph,20.7mph,N/A,	,Clear

1:51 PM,51.1°F,  -,16.0°F,25%,30.11in,10.0mi,Variable,6.9mph,  -,N/A,	,Clear

2:51 PM,54.0°F,  -,16.0°F,22%,30.07in,10.0mi,Variable,6.9mph,  -,N/A,	,Clear

3:51 PM,54.0°F,  -,19.9°F,26%,30.06in,10.0mi,Variable,5.8mph,  -,N/A,	,Partly Cloudy

4:51 PM,55.0°F,  -,21.0°F,27%,30.04in,10.0mi,WSW,9.2mph,17.3mph,N/A,	,Clear

5:51 PM,55.0°F,  -,23.0°F,29%,30.03in,10.0mi,WSW,8.1mph,  -,N/A,	,Clear

6:51 PM,54.0°F,  -,24.1°F,31%,30.03in,10.0mi,SW,9.2mph,21.9mph,N/A,	,Clear

7:51 PM,53.1°F,  -,25.0°F,34%,30.02in,10.0mi,WSW,9.2mph,18.4mph,N/A,	,Clear

8:51 PM,53.1°F,  -,26.1°F,35%,30.03in,10.0mi,Variable,4.6mph,17.3mph,N/A,	,Clear

9:51 PM,52.0°F,  -,30.9°F,45%,30.03in,10.0mi,South,10.4mph,18.4mph,N/A,	,Clear

10:51 PM,51.1°F,  -,30.9°F,46%,30.02in,10.0mi,South,9.2mph,18.4mph,N/A,	,Clear

11:51 PM,48.9°F,  -,30.9°F,50%,30.01in,10.0mi,Variable,6.9mph,  -,N/A,	,Clear

