20160222
Time (EST),Temp.,Windchill,Dew Point,Humidity,Pressure,Visibility,Wind Dir,Wind Speed,Gust Speed,Precip,Events,Conditions

12:51 AM,44.1°F,38.6°F,30.9°F,60%,29.97in,10.0mi,ENE,10.4mph,17.3mph,N/A,	,Overcast

1:51 AM,43.0°F,38.2°F,28.9°F,58%,29.98in,10.0mi,NE,8.1mph,  -,N/A,	,Mostly Cloudy

2:51 AM,42.1°F,37.7°F,26.1°F,53%,29.98in,10.0mi,NE,6.9mph,  -,N/A,	,Scattered Clouds

3:51 AM,39.9°F,35.1°F,25.0°F,55%,30.00in,10.0mi,North,6.9mph,  -,N/A,	,Clear

4:51 AM,39.9°F,37.8°F,25.0°F,55%,30.03in,10.0mi,Variable,3.5mph,  -,N/A,	,Clear

5:51 AM,39.0°F,34.0°F,26.1°F,60%,30.06in,10.0mi,Variable,6.9mph,  -,N/A,	,Clear

6:51 AM,37.9°F,35.5°F,26.1°F,62%,30.09in,10.0mi,Variable,3.5mph,  -,N/A,	,Clear

7:51 AM,39.9°F,34.5°F,25.0°F,55%,30.13in,10.0mi,NNE,8.1mph,  -,N/A,	,Clear

8:51 AM,42.1°F,38.4°F,26.1°F,53%,30.14in,10.0mi,Variable,5.8mph,  -,N/A,	,Clear

9:51 AM,43.0°F,40.3°F,26.1°F,51%,30.14in,10.0mi,Variable,4.6mph,  -,N/A,	,Clear

10:51 AM,44.1°F,41.5°F,25.0°F,47%,30.14in,10.0mi,West,4.6mph,  -,N/A,	,Clear

11:51 AM,46.9°F,  -,25.0°F,42%,30.12in,10.0mi,Calm,Calm,  -,N/A,	,Clear

12:51 PM,48.9°F,  -,24.1°F,38%,30.11in,10.0mi,Calm,Calm,  -,N/A,	,Clear

1:51 PM,51.1°F,  -,21.9°F,32%,30.09in,10.0mi,North,  -,  -,N/A,	,Clear

2:51 PM,51.1°F,  -,23.0°F,33%,30.10in,10.0mi,Calm,Calm,  -,N/A,	,Clear

3:51 PM,52.0°F,  -,21.9°F,31%,30.11in,10.0mi,Calm,Calm,  -,N/A,	,Clear

4:51 PM,51.1°F,  -,19.9°F,29%,30.13in,10.0mi,Variable,3.5mph,  -,N/A,	,Clear

5:51 PM,48.9°F,  -,18.0°F,29%,30.16in,10.0mi,North,6.9mph,  -,N/A,	,Clear

6:51 PM,44.1°F,41.5°F,28.9°F,55%,30.19in,10.0mi,South,4.6mph,  -,N/A,	,Clear

7:51 PM,44.1°F,  -,27.0°F,51%,30.22in,10.0mi,Calm,Calm,  -,N/A,	,Clear

8:51 PM,45.0°F,42.6°F,24.1°F,44%,30.23in,10.0mi,Variable,4.6mph,  -,N/A,	,Clear

9:51 PM,41.0°F,35.8°F,26.1°F,55%,30.25in,10.0mi,East,8.1mph,  -,N/A,	,Clear

10:51 PM,41.0°F,35.2°F,21.0°F,45%,30.26in,10.0mi,NE,9.2mph,17.3mph,N/A,	,Clear

11:51 PM,39.0°F,31.4°F,14.0°F,36%,30.27in,10.0mi,ENE,12.7mph,19.6mph,N/A,	,Clear

