20160331
Time (EDT),Temp.,Dew Point,Humidity,Pressure,Visibility,Wind Dir,Wind Speed,Gust Speed,Precip,Events,Conditions

12:51 AM,50.0°F,23.0°F,35%,30.13in,10.0mi,Variable,6.9mph,  -,N/A,	,Clear

1:51 AM,50.0°F,28.9°F,44%,30.12in,10.0mi,Variable,5.8mph,17.3mph,N/A,	,Clear

2:51 AM,50.0°F,33.1°F,52%,30.09in,10.0mi,WSW,9.2mph,  -,N/A,	,Clear

3:51 AM,50.0°F,35.1°F,57%,30.07in,10.0mi,SW,5.8mph,17.3mph,N/A,	,Clear

4:51 AM,51.1°F,37.9°F,61%,30.06in,10.0mi,Variable,3.5mph,  -,N/A,	,Clear

5:51 AM,52.0°F,39.0°F,61%,30.05in,10.0mi,Variable,4.6mph,  -,N/A,	,Clear

6:51 AM,52.0°F,41.0°F,66%,30.04in,10.0mi,Variable,4.6mph,  -,N/A,	,Clear

7:51 AM,55.0°F,42.1°F,62%,30.03in,10.0mi,SSW,5.8mph,  -,N/A,	,Clear

8:51 AM,57.9°F,43.0°F,58%,30.01in,10.0mi,Variable,5.8mph,21.9mph,N/A,	,Clear

9:51 AM,62.1°F,44.1°F,52%,30.00in,10.0mi,Variable,6.9mph,  -,N/A,	,Clear

10:51 AM,64.9°F,44.1°F,47%,29.98in,10.0mi,WSW,11.5mph,19.6mph,N/A,	,Clear

11:51 AM,66.9°F,44.1°F,44%,29.96in,10.0mi,WSW,12.7mph,25.3mph,N/A,	,Mostly Cloudy

12:51 PM,69.1°F,45.0°F,42%,29.94in,10.0mi,Variable,4.6mph,23.0mph,N/A,	,Mostly Cloudy

1:51 PM,70.0°F,45.0°F,41%,29.92in,10.0mi,Variable,4.6mph,21.9mph,N/A,	,Mostly Cloudy

2:51 PM,72.0°F,46.0°F,40%,29.89in,10.0mi,Variable,6.9mph,  -,N/A,	,Scattered Clouds

3:51 PM,72.0°F,46.0°F,40%,29.86in,10.0mi,SSE,11.5mph,16.1mph,N/A,	,Scattered Clouds

4:51 PM,68.0°F,46.0°F,45%,29.86in,10.0mi,Variable,5.8mph,19.6mph,N/A,	,Scattered Clouds

5:51 PM,66.9°F,46.9°F,49%,29.84in,10.0mi,South,8.1mph,  -,N/A,	,Mostly Cloudy

6:51 PM,64.9°F,46.9°F,52%,29.83in,10.0mi,South,9.2mph,  -,N/A,	,Clear

7:51 PM,64.0°F,48.0°F,56%,29.82in,10.0mi,North,  -,  -,N/A,	,Clear

8:51 PM,64.0°F,48.9°F,58%,29.81in,10.0mi,Variable,4.6mph,  -,N/A,	,Clear

9:51 PM,62.1°F,50.0°F,65%,29.81in,10.0mi,South,5.8mph,  -,N/A,	,Clear

10:51 PM,62.1°F,53.1°F,72%,29.78in,10.0mi,Variable,6.9mph,17.3mph,N/A,	,Partly Cloudy

11:51 PM,64.0°F,55.0°F,73%,29.78in,10.0mi,Variable,3.5mph,  -,N/A,	,Mostly Cloudy

