20161205
Time (EST),Temp.,Windchill,Dew Point,Humidity,Pressure,Visibility,Wind Dir,Wind Speed,Gust Speed,Precip,Events,Conditions

12:51 AM,41.0°F,36.4°F,21.9°F,47%,30.10in,10.0mi,SSE,6.9mph,  -,N/A,	,Mostly Cloudy

1:51 AM,41.0°F,  -,25.0°F,53%,30.06in,10.0mi,North,  -,  -,N/A,	,Overcast

2:51 AM,41.0°F,38.0°F,28.9°F,62%,30.09in,10.0mi,ENE,4.6mph,  -,0.00in,Rain,Light Rain

3:23 AM,39.0°F,  -,34.0°F,82%,30.08in,6.0mi,Calm,Calm,  -,0.01in,Rain,Light Rain

3:51 AM,39.9°F,35.8°F,36.0°F,86%,30.04in,5.0mi,Variable,5.8mph,  -,0.04in,Rain,Light Rain

4:51 AM,39.0°F,36.8°F,36.0°F,89%,30.01in,3.0mi,Variable,3.5mph,  -,0.06in,Rain,Rain

5:24 AM,39.0°F,34.8°F,35.1°F,86%,30.04in,7.0mi,West,5.8mph,  -,0.03in,Rain,Light Rain

5:51 AM,39.0°F,  -,36.0°F,89%,30.02in,3.0mi,Calm,Calm,  -,0.04in,Rain,Light Rain

6:51 AM,39.0°F,34.0°F,36.0°F,89%,30.01in,4.0mi,Variable,6.9mph,  -,0.03in,Rain,Light Rain

7:33 AM,39.9°F,36.7°F,37.0°F,89%,30.04in,5.0mi,Variable,4.6mph,  -,0.01in,	,Overcast

7:51 AM,39.9°F,34.5°F,37.0°F,89%,30.00in,6.0mi,SW,8.1mph,  -,0.02in,	,Overcast

8:15 AM,41.0°F,36.4°F,37.0°F,86%,30.02in,8.0mi,SW,6.9mph,16.1mph,N/A,	,Overcast

8:51 AM,42.1°F,38.4°F,37.0°F,82%,29.99in,9.0mi,Variable,5.8mph,16.1mph,N/A,	,Overcast

8:59 AM,42.1°F,37.1°F,37.9°F,85%,30.01in,8.0mi,WSW,8.1mph,  -,N/A,	,Overcast

9:10 AM,42.1°F,  -,37.0°F,82%,30.02in,8.0mi,North,  -,  -,N/A,	,Overcast

9:51 AM,43.0°F,  -,37.9°F,82%,30.00in,8.0mi,North,  -,  -,N/A,	,Overcast

10:16 AM,43.0°F,37.2°F,37.9°F,82%,30.02in,9.0mi,WSW,10.4mph,17.3mph,N/A,	,Overcast

10:27 AM,43.0°F,38.8°F,37.0°F,80%,30.01in,9.0mi,Variable,6.9mph,  -,N/A,	,Overcast

10:51 AM,43.0°F,37.7°F,37.9°F,82%,29.97in,9.0mi,WSW,9.2mph,18.4mph,N/A,	,Overcast

11:31 AM,45.0°F,  -,37.0°F,74%,29.98in,10.0mi,North,  -,  -,N/A,	,Scattered Clouds

11:51 AM,45.0°F,39.7°F,37.0°F,74%,29.96in,10.0mi,WNW,10.4mph,18.4mph,N/A,	,Clear

12:51 PM,48.0°F,  -,35.1°F,61%,29.94in,10.0mi,West,8.1mph,18.4mph,N/A,	,Clear

1:51 PM,48.0°F,  -,34.0°F,58%,29.96in,10.0mi,North,  -,  -,N/A,	,Clear

2:51 PM,48.0°F,  -,33.1°F,56%,29.97in,10.0mi,WNW,10.4mph,  -,N/A,	,Partly Cloudy

3:51 PM,48.0°F,  -,32.0°F,54%,29.99in,10.0mi,West,8.1mph,  -,N/A,	,Scattered Clouds

4:51 PM,46.9°F,  -,32.0°F,56%,30.02in,10.0mi,WNW,6.9mph,  -,N/A,	,Partly Cloudy

5:51 PM,46.0°F,42.5°F,33.1°F,61%,30.02in,10.0mi,NW,6.9mph,  -,N/A,	,Scattered Clouds

6:51 PM,45.0°F,43.5°F,30.9°F,58%,30.03in,10.0mi,Variable,3.5mph,  -,N/A,	,Clear

7:51 PM,45.0°F,  -,32.0°F,60%,30.05in,10.0mi,Calm,Calm,  -,N/A,	,Clear

8:51 PM,45.0°F,41.8°F,32.0°F,60%,30.08in,10.0mi,WNW,5.8mph,  -,N/A,	,Clear

9:51 PM,45.0°F,43.5°F,30.9°F,58%,30.09in,10.0mi,Variable,3.5mph,  -,N/A,	,Clear

10:51 PM,43.0°F,  -,33.1°F,68%,30.09in,10.0mi,Calm,Calm,  -,N/A,	,Clear

11:51 PM,43.0°F,40.3°F,30.0°F,60%,30.10in,10.0mi,WNW,4.6mph,  -,N/A,	,Clear

