20160828
Time (EDT),Temp.,Heat Index,Dew Point,Humidity,Pressure,Visibility,Wind Dir,Wind Speed,Gust Speed,Precip,Events,Conditions

12:51 AM,75.0°F,  -,57.9°F,55%,30.23in,10.0mi,Calm,Calm,  -,N/A,	,Clear

1:51 AM,73.9°F,  -,61.0°F,64%,30.22in,10.0mi,South,3.5mph,  -,N/A,	,Clear

2:51 AM,73.9°F,  -,61.0°F,64%,30.21in,10.0mi,Variable,4.6mph,  -,N/A,	,Clear

3:51 AM,73.0°F,  -,64.0°F,73%,30.22in,10.0mi,Calm,Calm,  -,N/A,	,Clear

4:51 AM,73.0°F,  -,66.9°F,81%,30.23in,10.0mi,Calm,Calm,  -,N/A,	,Clear

5:51 AM,72.0°F,  -,66.0°F,81%,30.24in,10.0mi,Variable,3.5mph,  -,N/A,	,Clear

6:51 AM,73.0°F,  -,66.9°F,81%,30.26in,9.0mi,Calm,Calm,  -,N/A,	,Clear

7:51 AM,73.9°F,  -,66.9°F,79%,30.27in,9.0mi,Calm,Calm,  -,N/A,	,Clear

8:51 AM,77.0°F,  -,66.9°F,71%,30.27in,9.0mi,Variable,3.5mph,  -,N/A,	,Partly Cloudy

9:51 AM,79.0°F,  -,66.0°F,64%,30.27in,8.0mi,Calm,Calm,  -,N/A,	,Clear

10:51 AM,82.0°F,83.1°F,63.0°F,52%,30.27in,9.0mi,Calm,Calm,  -,N/A,	,Clear

11:51 AM,84.9°F,86.1°F,64.0°F,49%,30.25in,9.0mi,North,  -,  -,N/A,	,Scattered Clouds

12:51 PM,87.1°F,87.8°F,63.0°F,44%,30.24in,9.0mi,Variable,3.5mph,  -,N/A,	,Clear

1:51 PM,87.1°F,86.7°F,60.1°F,40%,30.23in,9.0mi,Variable,4.6mph,  -,N/A,	,Clear

2:51 PM,86.0°F,85.7°F,60.1°F,41%,30.21in,9.0mi,Variable,3.5mph,  -,N/A,	,Clear

3:51 PM,84.9°F,84.4°F,59.0°F,41%,30.19in,9.0mi,Variable,3.5mph,  -,N/A,	,Clear

4:51 PM,82.9°F,83.2°F,60.1°F,46%,30.18in,9.0mi,Variable,6.9mph,  -,N/A,	,Clear

5:51 PM,81.0°F,81.7°F,61.0°F,50%,30.17in,9.0mi,Variable,3.5mph,  -,N/A,	,Clear

6:51 PM,79.0°F,  -,61.0°F,54%,30.16in,9.0mi,Variable,5.8mph,  -,N/A,	,Clear

7:51 PM,77.0°F,  -,64.9°F,66%,30.15in,10.0mi,Calm,Calm,  -,N/A,	,Clear

8:51 PM,77.0°F,  -,64.0°F,64%,30.16in,10.0mi,North,  -,  -,N/A,	,Clear

9:51 PM,75.9°F,  -,66.0°F,71%,30.16in,10.0mi,Variable,3.5mph,  -,N/A,	,Clear

10:51 PM,75.0°F,  -,64.9°F,71%,30.17in,10.0mi,Calm,Calm,  -,N/A,	,Clear

11:51 PM,75.0°F,  -,64.9°F,71%,30.18in,10.0mi,Calm,Calm,  -,N/A,	,Clear

