20160812
Time (EDT),Temp.,Heat Index,Dew Point,Humidity,Pressure,Visibility,Wind Dir,Wind Speed,Gust Speed,Precip,Events,Conditions

12:10 AM,79.0°F,  -,71.1°F,77%,30.04in,6.0mi,NW,8.1mph,19.6mph,0.00in,Rain,Light Rain

12:17 AM,78.1°F,  -,71.1°F,79%,30.04in,10.0mi,Variable,5.8mph,19.6mph,0.00in,	,Overcast

12:30 AM,75.9°F,  -,72.0°F,87%,30.05in,1.5mi,WNW,6.9mph,19.6mph,0.03in,Rain,Light Rain

12:45 AM,75.2°F,  -,71.6°F,89%,30.05in,3.0mi,Variable,6.9mph,  -,0.11in,Rain,Light Rain

12:51 AM,73.9°F,  -,71.1°F,91%,30.02in,8.0mi,West,8.1mph,18.4mph,0.11in,Rain,Light Rain

1:05 AM,73.9°F,  -,71.1°F,91%,30.06in,1.8mi,West,8.1mph,  -,0.03in,Rain,Heavy Rain

1:38 AM,73.0°F,  -,71.1°F,93%,30.02in,3.0mi,Variable,3.5mph,  -,0.27in,Rain,Light Rain

1:51 AM,73.0°F,  -,71.1°F,93%,29.98in,2.5mi,Calm,Calm,  -,0.29in,Rain,Rain

2:05 AM,73.0°F,  -,71.1°F,93%,29.98in,5.0mi,Calm,Calm,  -,0.03in,Rain,Light Rain

2:51 AM,73.0°F,  -,71.1°F,93%,29.94in,9.0mi,West,3.5mph,  -,0.03in,	,Clear

3:51 AM,73.0°F,  -,71.1°F,93%,29.94in,10.0mi,West,4.6mph,  -,N/A,	,Clear

4:51 AM,73.9°F,  -,72.0°F,93%,29.94in,9.0mi,WSW,4.6mph,  -,N/A,	,Clear

5:51 AM,75.0°F,  -,73.0°F,94%,29.93in,6.0mi,Variable,4.6mph,  -,0.00in,Rain,Light Rain

6:51 AM,75.9°F,  -,73.9°F,94%,29.94in,6.0mi,Variable,4.6mph,  -,0.01in,	,Clear

7:51 AM,77.0°F,  -,73.9°F,90%,29.94in,6.0mi,WSW,9.2mph,  -,N/A,	,Clear

8:33 AM,78.1°F,  -,75.0°F,90%,29.97in,7.0mi,West,5.8mph,  -,N/A,	,Mostly Cloudy

8:51 AM,79.0°F,  -,75.0°F,88%,29.94in,6.0mi,Variable,5.8mph,16.1mph,N/A,	,Mostly Cloudy

9:33 AM,80.1°F,85.4°F,75.9°F,87%,29.96in,7.0mi,Variable,4.6mph,  -,N/A,	,Mostly Cloudy

9:44 AM,81.0°F,86.7°F,75.0°F,82%,29.96in,6.0mi,North,  -,  -,N/A,	,Haze

9:51 AM,80.1°F,85.1°F,75.0°F,85%,29.93in,6.0mi,WSW,9.2mph,16.1mph,N/A,	,Haze

10:51 AM,84.0°F,93.7°F,77.0°F,79%,29.92in,7.0mi,Variable,5.8mph,17.3mph,N/A,	,Clear

11:51 AM,89.1°F,101.4°F,77.0°F,67%,29.90in,7.0mi,North,  -,  -,N/A,	,Clear

12:51 PM,90.0°F,104.5°F,78.1°F,68%,29.89in,8.0mi,Variable,5.8mph,  -,N/A,	,Partly Cloudy

1:51 PM,93.0°F,104.6°F,75.0°F,56%,29.86in,8.0mi,Variable,4.6mph,  -,N/A,	,Clear

2:51 PM,93.0°F,104.6°F,75.0°F,56%,29.86in,8.0mi,West,9.2mph,  -,N/A,	,Partly Cloudy

3:51 PM,91.0°F,101.6°F,75.0°F,59%,29.84in,8.0mi,Variable,4.6mph,  -,N/A,	,Partly Cloudy

4:51 PM,91.0°F,100.4°F,73.9°F,57%,29.85in,8.0mi,North,  -,  -,N/A,	,Scattered Clouds

5:51 PM,91.0°F,100.4°F,73.9°F,57%,29.84in,8.0mi,Variable,6.9mph,  -,N/A,	,Mostly Cloudy

6:51 PM,89.1°F,97.0°F,73.0°F,59%,29.87in,8.0mi,Variable,5.8mph,19.6mph,N/A,	,Mostly Cloudy

7:51 PM,79.0°F,  -,71.1°F,77%,29.88in,9.0mi,Calm,Calm,  -,0.00in,	,Partly Cloudy

8:51 PM,82.9°F,87.0°F,70.0°F,65%,29.89in,10.0mi,Variable,5.8mph,  -,N/A,	,Clear

9:51 PM,84.0°F,89.0°F,71.1°F,65%,29.90in,10.0mi,Variable,5.8mph,  -,N/A,	,Clear

10:51 PM,84.0°F,89.0°F,71.1°F,65%,29.91in,10.0mi,WSW,3.5mph,  -,N/A,	,Clear

11:51 PM,82.9°F,88.0°F,72.0°F,69%,29.91in,10.0mi,West,6.9mph,  -,N/A,	,Clear

