20160521
Time (EDT),Temp.,Dew Point,Humidity,Pressure,Visibility,Wind Dir,Wind Speed,Gust Speed,Precip,Events,Conditions

12:51 AM,62.1°F,37.9°F,41%,30.20in,10.0mi,WSW,5.8mph,  -,N/A,	,Clear

1:51 AM,61.0°F,37.9°F,42%,30.18in,10.0mi,WNW,3.5mph,  -,N/A,	,Clear

2:51 AM,59.0°F,39.9°F,49%,30.17in,10.0mi,Calm,Calm,  -,N/A,	,Clear

3:51 AM,59.0°F,39.0°F,48%,30.17in,10.0mi,Calm,Calm,  -,N/A,	,Clear

4:51 AM,57.9°F,37.9°F,47%,30.17in,10.0mi,Calm,Calm,  -,N/A,	,Clear

5:51 AM,57.0°F,41.0°F,55%,30.16in,10.0mi,Calm,Calm,  -,N/A,	,Clear

6:51 AM,59.0°F,45.0°F,60%,30.15in,10.0mi,Calm,Calm,  -,N/A,	,Clear

7:51 AM,62.1°F,44.1°F,52%,30.15in,10.0mi,Calm,Calm,  -,N/A,	,Clear

8:51 AM,62.1°F,43.0°F,50%,30.14in,10.0mi,East,3.5mph,  -,N/A,	,Clear

9:51 AM,62.1°F,44.1°F,52%,30.14in,10.0mi,Calm,Calm,  -,N/A,	,Mostly Cloudy

10:51 AM,63.0°F,46.9°F,56%,30.12in,9.0mi,SSE,4.6mph,  -,N/A,	,Mostly Cloudy

11:51 AM,64.0°F,43.0°F,46%,30.10in,10.0mi,Variable,4.6mph,  -,N/A,	,Clear

12:51 PM,66.0°F,41.0°F,40%,30.09in,10.0mi,Calm,Calm,  -,N/A,	,Clear

1:51 PM,64.0°F,37.9°F,38%,30.07in,10.0mi,SE,9.2mph,  -,N/A,	,Mostly Cloudy

2:51 PM,63.0°F,39.0°F,41%,30.03in,10.0mi,SE,9.2mph,  -,N/A,	,Overcast

3:51 PM,63.0°F,39.0°F,41%,30.01in,10.0mi,Variable,4.6mph,  -,N/A,	,Overcast

4:51 PM,63.0°F,39.0°F,41%,29.99in,10.0mi,Variable,3.5mph,  -,N/A,	,Overcast

5:51 PM,63.0°F,41.0°F,45%,29.98in,10.0mi,ENE,9.2mph,  -,N/A,	,Overcast

6:51 PM,59.0°F,45.0°F,60%,29.98in,8.0mi,Variable,3.5mph,  -,0.00in,Rain,Light Rain

7:51 PM,55.9°F,52.0°F,87%,29.95in,7.0mi,NE,4.6mph,  -,0.04in,	,Overcast

8:51 PM,55.0°F,51.1°F,86%,29.93in,10.0mi,NNE,4.6mph,  -,N/A,	,Overcast

9:51 PM,55.9°F,48.9°F,77%,29.92in,10.0mi,ENE,5.8mph,  -,N/A,	,Overcast

10:51 PM,55.9°F,48.0°F,75%,29.92in,10.0mi,ENE,8.1mph,  -,0.00in,	,Overcast

11:51 PM,55.9°F,48.9°F,77%,29.90in,9.0mi,ENE,5.8mph,  -,0.00in,Rain,Light Rain

