20160208
Time (EST),Temp.,Windchill,Dew Point,Humidity,Pressure,Visibility,Wind Dir,Wind Speed,Gust Speed,Precip,Events,Conditions

12:51 AM,39.0°F,30.6°F,21.0°F,49%,29.86in,10.0mi,NE,15.0mph,20.7mph,N/A,	,Clear

1:51 AM,37.9°F,29.6°F,19.9°F,48%,29.82in,10.0mi,NE,13.8mph,  -,N/A,	,Clear

2:51 AM,37.9°F,30.0°F,24.1°F,57%,29.77in,10.0mi,NE,12.7mph,23.0mph,N/A,	,Clear

3:51 AM,37.9°F,28.9°F,26.1°F,62%,29.74in,10.0mi,ENE,16.1mph,25.3mph,N/A,	,Partly Cloudy

4:24 AM,37.9°F,29.2°F,26.1°F,62%,29.77in,10.0mi,ENE,15.0mph,26.5mph,N/A,	,Mostly Cloudy

4:51 AM,37.9°F,28.9°F,26.1°F,62%,29.74in,10.0mi,ENE,16.1mph,25.3mph,N/A,	,Overcast

5:51 AM,37.9°F,30.5°F,26.1°F,62%,29.75in,10.0mi,ENE,11.5mph,19.6mph,N/A,	,Overcast

6:03 AM,37.9°F,31.5°F,25.0°F,60%,29.78in,10.0mi,ENE,9.2mph,20.7mph,N/A,	,Overcast

6:33 AM,37.9°F,30.9°F,26.1°F,62%,29.78in,10.0mi,ENE,10.4mph,18.4mph,N/A,	,Overcast

6:51 AM,37.9°F,30.0°F,26.1°F,62%,29.77in,10.0mi,NE,12.7mph,20.7mph,N/A,	,Overcast

7:51 AM,37.9°F,29.6°F,25.0°F,60%,29.78in,10.0mi,ENE,13.8mph,  -,N/A,	,Overcast

8:31 AM,37.0°F,30.4°F,24.1°F,59%,29.79in,10.0mi,NE,9.2mph,21.9mph,N/A,	,Overcast

8:51 AM,37.0°F,28.9°F,23.0°F,57%,29.77in,10.0mi,NE,12.7mph,25.3mph,N/A,	,Overcast

9:46 AM,35.6°F,27.5°F,24.8°F,65%,29.82in,2.5mi,East,11.5mph,17.3mph,0.00in,Snow,Light Snow

9:49 AM,33.8°F,24.8°F,26.6°F,75%,29.83in,1.5mi,East,12.7mph,19.6mph,0.00in,Snow,Light Snow

9:51 AM,34.0°F,26.6°F,27.0°F,75%,29.81in,1.2mi,ENE,9.2mph,19.6mph,0.00in,Snow,Light Snow

10:00 AM,32.0°F,21.2°F,27.0°F,82%,29.84in,0.5mi,ENE,16.1mph,24.2mph,0.01in,Snow,Snow

10:18 AM,32.0°F,27.5°F,26.1°F,79%,29.84in,1.2mi,Variable,4.6mph,  -,0.01in,Snow,Light Snow

10:36 AM,32.0°F,26.4°F,26.1°F,79%,29.84in,0.8mi,Variable,5.8mph,  -,0.01in,Snow,Light Snow

10:46 AM,32.0°F,24.2°F,26.6°F,80%,29.83in,0.8mi,NNE,9.2mph,  -,0.01in,Snow,Light Snow

10:51 AM,32.0°F,22.5°F,26.1°F,79%,29.81in,0.8mi,NNE,12.7mph,18.4mph,0.01in,Snow,Light Snow

11:42 AM,32.0°F,24.8°F,27.0°F,82%,29.80in,0.8mi,NE,8.1mph,  -,0.03in,Snow,Light Snow

11:51 AM,32.0°F,22.1°F,27.0°F,82%,29.78in,0.5mi,North,13.8mph,19.6mph,0.03in,Snow,Snow

12:06 PM,30.9°F,22.8°F,25.0°F,79%,29.80in,1.0mi,North,9.2mph,18.4mph,0.01in,Snow,Light Snow

12:17 PM,30.9°F,21.7°F,24.1°F,76%,29.79in,2.0mi,NNE,11.5mph,21.9mph,0.01in,Snow,Light Snow

12:21 PM,30.9°F,23.5°F,24.1°F,76%,29.78in,3.0mi,NE,8.1mph,21.9mph,0.01in,	,Haze

12:28 PM,32.0°F,23.6°F,25.0°F,75%,29.78in,6.0mi,NNE,10.4mph,  -,0.01in,	,Haze

12:51 PM,32.0°F,23.6°F,24.1°F,73%,29.75in,10.0mi,NE,10.4mph,23.0mph,0.01in,	,Overcast

1:51 PM,33.1°F,24.4°F,23.0°F,66%,29.73in,10.0mi,NE,11.5mph,17.3mph,N/A,	,Overcast

2:51 PM,33.1°F,23.9°F,21.9°F,64%,29.73in,10.0mi,NNE,12.7mph,21.9mph,N/A,	,Overcast

3:51 PM,32.0°F,24.2°F,21.9°F,66%,29.73in,10.0mi,NE,9.2mph,17.3mph,N/A,	,Overcast

4:51 PM,32.0°F,25.6°F,21.0°F,64%,29.75in,10.0mi,Variable,6.9mph,  -,N/A,	,Overcast

5:33 PM,32.0°F,24.8°F,21.0°F,64%,29.77in,10.0mi,NE,8.1mph,  -,N/A,	,Overcast

5:51 PM,32.0°F,25.6°F,21.0°F,64%,29.76in,9.0mi,Variable,6.9mph,  -,N/A,	,Overcast

6:51 PM,30.9°F,22.8°F,21.9°F,69%,29.78in,8.0mi,NE,9.2mph,16.1mph,N/A,	,Overcast

7:51 PM,30.0°F,24.1°F,21.9°F,72%,29.79in,10.0mi,NNE,5.8mph,  -,N/A,	,Overcast

8:51 PM,28.9°F,22.8°F,21.0°F,72%,29.80in,10.0mi,Variable,5.8mph,  -,N/A,	,Overcast

9:51 PM,28.0°F,21.7°F,21.9°F,78%,29.80in,9.0mi,ENE,5.8mph,  -,N/A,	,Overcast

10:46 PM,28.4°F,21.2°F,21.2°F,74%,29.79in,10.0mi,NE,6.9mph,  -,N/A,	,Overcast

10:51 PM,28.9°F,21.1°F,21.9°F,75%,29.77in,10.0mi,NNE,8.1mph,  -,N/A,	,Overcast

11:12 PM,28.0°F,21.7°F,23.0°F,81%,29.78in,1.8mi,Variable,5.8mph,  -,0.00in,Snow,Light Snow

11:24 PM,28.0°F,18.6°F,21.9°F,78%,29.78in,2.5mi,NE,10.4mph,  -,0.00in,Snow,Light Snow

11:34 PM,28.0°F,20.0°F,21.9°F,78%,29.78in,4.0mi,East,8.1mph,  -,0.00in,Snow,Light Snow

11:51 PM,28.0°F,20.8°F,21.9°F,78%,29.75in,8.0mi,Variable,6.9mph,  -,0.00in,	,Overcast

