20160717
Time (EDT),Temp.,Heat Index,Dew Point,Humidity,Pressure,Visibility,Wind Dir,Wind Speed,Gust Speed,Precip,Events,Conditions

12:51 AM,77.0°F,  -,64.9°F,66%,30.06in,10.0mi,WSW,8.1mph,  -,N/A,	,Clear

1:51 AM,77.0°F,  -,64.0°F,64%,30.04in,10.0mi,Calm,Calm,  -,N/A,	,Clear

2:51 AM,75.0°F,  -,64.0°F,69%,30.05in,10.0mi,Calm,Calm,  -,N/A,	,Clear

3:51 AM,75.9°F,  -,64.0°F,67%,30.05in,10.0mi,West,3.5mph,  -,N/A,	,Clear

4:51 AM,75.9°F,  -,64.0°F,67%,30.06in,10.0mi,Variable,3.5mph,  -,N/A,	,Clear

5:51 AM,75.0°F,  -,66.0°F,73%,30.08in,10.0mi,WSW,4.6mph,  -,N/A,	,Scattered Clouds

6:51 AM,75.9°F,  -,66.9°F,74%,30.09in,8.0mi,Calm,Calm,  -,N/A,	,Scattered Clouds

7:51 AM,75.9°F,  -,66.9°F,74%,30.09in,8.0mi,West,3.5mph,  -,N/A,	,Clear

8:51 AM,77.0°F,  -,66.9°F,71%,30.10in,8.0mi,Calm,Calm,  -,N/A,	,Clear

9:51 AM,79.0°F,  -,68.0°F,69%,30.10in,8.0mi,Variable,3.5mph,  -,N/A,	,Clear

10:51 AM,82.0°F,84.9°F,68.0°F,62%,30.11in,8.0mi,Calm,Calm,  -,N/A,	,Clear

11:51 AM,86.0°F,88.8°F,66.9°F,53%,30.10in,8.0mi,Calm,Calm,  -,N/A,	,Clear

12:51 PM,89.1°F,93.7°F,69.1°F,52%,30.10in,8.0mi,Variable,4.6mph,  -,N/A,	,Clear

1:51 PM,87.1°F,92.0°F,70.0°F,57%,30.07in,7.0mi,West,4.6mph,  -,N/A,	,Clear

2:51 PM,88.0°F,91.4°F,68.0°F,51%,30.06in,8.0mi,Variable,3.5mph,  -,N/A,	,Partly Cloudy

3:51 PM,89.1°F,92.9°F,68.0°F,50%,30.06in,8.0mi,Variable,4.6mph,  -,N/A,	,Partly Cloudy

4:51 PM,88.0°F,90.3°F,66.0°F,48%,30.06in,8.0mi,SW,6.9mph,  -,N/A,	,Clear

5:51 PM,88.0°F,89.3°F,64.0°F,45%,30.06in,8.0mi,WNW,9.2mph,  -,N/A,	,Clear

6:51 PM,87.1°F,88.3°F,64.0°F,46%,30.07in,8.0mi,Calm,Calm,  -,N/A,	,Clear

7:51 PM,87.1°F,87.5°F,62.1°F,43%,30.08in,9.0mi,West,3.5mph,  -,N/A,	,Clear

8:51 PM,84.9°F,84.8°F,60.1°F,43%,30.09in,10.0mi,WNW,5.8mph,  -,N/A,	,Clear

9:51 PM,82.9°F,83.2°F,60.1°F,46%,30.11in,10.0mi,Calm,Calm,  -,N/A,	,Clear

10:51 PM,82.0°F,82.4°F,60.1°F,47%,30.11in,10.0mi,Calm,Calm,  -,N/A,	,Clear

11:51 PM,81.0°F,81.3°F,59.0°F,47%,30.10in,10.0mi,Calm,Calm,  -,N/A,	,Clear

