20160726
Time (EDT),Temp.,Heat Index,Dew Point,Humidity,Pressure,Visibility,Wind Dir,Wind Speed,Gust Speed,Precip,Events,Conditions

12:05 AM,73.9°F,  -,72.0°F,93%,29.91in,3.0mi,Variable,5.8mph,  -,N/A,	,Scattered Clouds

12:16 AM,73.9°F,  -,72.0°F,93%,29.91in,5.0mi,Variable,6.9mph,  -,N/A,	,Mostly Cloudy

12:47 AM,73.4°F,  -,71.6°F,94%,29.90in,6.0mi,West,8.1mph,  -,N/A,	,Scattered Clouds

12:51 AM,73.9°F,  -,71.1°F,91%,29.87in,6.0mi,Variable,5.8mph,  -,N/A,	,Scattered Clouds

1:51 AM,73.0°F,  -,71.1°F,93%,29.87in,8.0mi,West,5.8mph,  -,N/A,	,Clear

2:51 AM,72.0°F,  -,70.0°F,93%,29.86in,9.0mi,Variable,3.5mph,  -,N/A,	,Clear

3:51 AM,72.0°F,  -,69.1°F,91%,29.87in,10.0mi,WSW,3.5mph,  -,N/A,	,Clear

4:51 AM,72.0°F,  -,68.0°F,87%,29.87in,10.0mi,Calm,Calm,  -,N/A,	,Clear

5:51 AM,72.0°F,  -,68.0°F,87%,29.89in,10.0mi,NW,3.5mph,  -,N/A,	,Clear

6:51 AM,72.0°F,  -,68.0°F,87%,29.91in,9.0mi,Calm,Calm,  -,N/A,	,Clear

7:51 AM,73.9°F,  -,68.0°F,82%,29.92in,8.0mi,Variable,4.6mph,  -,N/A,	,Clear

8:51 AM,75.9°F,  -,69.1°F,79%,29.92in,8.0mi,Calm,Calm,  -,N/A,	,Clear

9:51 AM,79.0°F,  -,68.0°F,69%,29.91in,8.0mi,Variable,5.8mph,  -,N/A,	,Clear

10:51 AM,82.9°F,85.4°F,66.9°F,58%,29.91in,9.0mi,Variable,6.9mph,  -,N/A,	,Clear

11:51 AM,86.0°F,90.7°F,70.0°F,59%,29.91in,9.0mi,North,  -,  -,N/A,	,Clear

12:51 PM,88.0°F,89.6°F,64.9°F,46%,29.89in,9.0mi,North,  -,  -,N/A,	,Partly Cloudy

1:51 PM,86.0°F,87.6°F,64.9°F,49%,29.88in,9.0mi,WNW,5.8mph,  -,N/A,	,Mostly Cloudy

2:51 PM,88.0°F,89.6°F,64.9°F,46%,29.88in,9.0mi,Variable,6.9mph,  -,N/A,	,Mostly Cloudy

3:51 PM,88.0°F,88.7°F,63.0°F,43%,29.86in,9.0mi,WNW,9.2mph,  -,N/A,	,Mostly Cloudy

4:51 PM,89.1°F,89.3°F,62.1°F,40%,29.86in,9.0mi,WNW,9.2mph,17.3mph,N/A,	,Scattered Clouds

5:51 PM,89.1°F,89.3°F,62.1°F,40%,29.86in,9.0mi,Variable,4.6mph,  -,N/A,	,Clear

6:51 PM,88.0°F,87.9°F,61.0°F,40%,29.86in,9.0mi,NW,6.9mph,  -,N/A,	,Clear

7:51 PM,87.1°F,87.0°F,61.0°F,41%,29.87in,9.0mi,North,  -,  -,N/A,	,Clear

8:51 PM,84.9°F,84.4°F,59.0°F,41%,29.90in,10.0mi,Calm,Calm,  -,N/A,	,Clear

9:51 PM,82.9°F,83.2°F,60.1°F,46%,29.91in,10.0mi,Variable,4.6mph,  -,N/A,	,Clear

10:51 PM,82.0°F,82.4°F,60.1°F,47%,29.92in,10.0mi,Calm,Calm,  -,N/A,	,Clear

11:51 PM,80.1°F,80.9°F,60.1°F,50%,29.93in,10.0mi,NNW,4.6mph,  -,N/A,	,Clear

