20160124
Time (EST),Temp.,Windchill,Dew Point,Humidity,Pressure,Visibility,Wind Dir,Wind Speed,Gust Speed,Precip,Events,Conditions

12:37 AM,26.1°F,15.6°F,17.1°F,69%,29.76in,2.5mi,North,11.5mph,21.9mph,0.00in,Snow,Light Snow

12:51 AM,26.1°F,17.6°F,16.0°F,66%,29.74in,4.0mi,North,8.1mph,20.7mph,0.00in,Snow,Light Snow

1:04 AM,27.0°F,15.6°F,14.0°F,58%,29.77in,5.0mi,North,13.8mph,23.0mph,0.00in,	,Haze

1:19 AM,26.1°F,19.4°F,15.1°F,63%,29.77in,2.5mi,Variable,5.8mph,27.6mph,0.00in,Snow,Light Snow

1:39 AM,26.1°F,  -,14.0°F,60%,29.78in,4.0mi,North,  -,  -,0.00in,Snow,Light Snow

1:51 AM,26.1°F,15.0°F,12.0°F,55%,29.77in,5.0mi,NNE,12.7mph,26.5mph,0.00in,	,Haze

2:51 AM,26.1°F,19.4°F,8.1°F,47%,29.79in,10.0mi,Variable,5.8mph,23.0mph,0.00in,	,Mostly Cloudy

3:51 AM,24.1°F,15.2°F,8.1°F,51%,29.80in,10.0mi,North,8.1mph,17.3mph,N/A,	,Clear

4:51 AM,21.9°F,12.5°F,8.1°F,55%,29.82in,10.0mi,North,8.1mph,  -,N/A,	,Clear

5:51 AM,21.9°F,17.2°F,7.0°F,53%,29.83in,10.0mi,Variable,3.5mph,17.3mph,N/A,	,Clear

6:51 AM,21.9°F,11.7°F,7.0°F,53%,29.88in,10.0mi,North,9.2mph,  -,N/A,	,Clear

6:59 AM,21.9°F,12.5°F,6.1°F,51%,29.91in,10.0mi,NNW,8.1mph,19.6mph,N/A,	,Partly Cloudy

7:51 AM,19.9°F,10.1°F,7.0°F,57%,29.91in,9.0mi,NW,8.1mph,  -,N/A,	,Clear

8:51 AM,19.9°F,12.1°F,7.0°F,57%,29.95in,9.0mi,Variable,5.8mph,  -,N/A,	,Clear

9:51 AM,21.0°F,13.4°F,8.1°F,57%,29.96in,8.0mi,Variable,5.8mph,  -,N/A,	,Clear

10:51 AM,24.1°F,18.2°F,8.1°F,51%,29.96in,8.0mi,Variable,4.6mph,  -,N/A,	,Clear

11:51 AM,27.0°F,19.5°F,9.0°F,47%,29.96in,8.0mi,WNW,6.9mph,  -,N/A,	,Clear

12:51 PM,30.0°F,21.7°F,8.1°F,40%,29.95in,10.0mi,WNW,9.2mph,  -,N/A,	,Clear

1:51 PM,32.0°F,24.8°F,10.0°F,40%,29.94in,10.0mi,NW,8.1mph,  -,N/A,	,Clear

2:51 PM,33.1°F,30.0°F,12.0°F,42%,29.96in,10.0mi,WNW,3.5mph,  -,N/A,	,Clear

3:51 PM,35.1°F,30.1°F,12.0°F,39%,29.97in,10.0mi,WNW,5.8mph,  -,N/A,	,Clear

4:51 PM,35.1°F,  -,12.0°F,39%,29.99in,10.0mi,Calm,Calm,  -,N/A,	,Partly Cloudy

5:51 PM,35.1°F,32.2°F,12.0°F,39%,30.01in,10.0mi,WNW,3.5mph,  -,N/A,	,Mostly Cloudy

6:51 PM,33.1°F,28.7°F,10.9°F,40%,30.03in,10.0mi,Variable,4.6mph,  -,N/A,	,Partly Cloudy

7:51 PM,32.0°F,28.7°F,10.9°F,42%,30.05in,10.0mi,WNW,3.5mph,  -,N/A,	,Clear

8:51 PM,32.0°F,26.4°F,12.0°F,44%,30.08in,10.0mi,NW,5.8mph,  -,N/A,	,Mostly Cloudy

9:51 PM,32.0°F,26.4°F,12.9°F,45%,30.08in,10.0mi,WNW,5.8mph,  -,N/A,	,Partly Cloudy

10:51 PM,32.0°F,  -,12.0°F,44%,30.10in,10.0mi,Calm,Calm,  -,N/A,	,Mostly Cloudy

11:51 PM,30.9°F,27.5°F,12.9°F,47%,30.10in,10.0mi,Variable,3.5mph,  -,N/A,	,Mostly Cloudy

