20160125
Time (EST),Temp.,Windchill,Dew Point,Humidity,Pressure,Visibility,Wind Dir,Wind Speed,Gust Speed,Precip,Events,Conditions

12:51 AM,30.9°F,27.5°F,14.0°F,50%,30.12in,10.0mi,WNW,3.5mph,  -,N/A,	,Overcast

1:51 AM,30.9°F,  -,14.0°F,50%,30.14in,10.0mi,Calm,Calm,  -,N/A,	,Mostly Cloudy

2:51 AM,30.0°F,25.2°F,14.0°F,51%,30.15in,10.0mi,West,4.6mph,  -,N/A,	,Clear

3:51 AM,30.0°F,26.5°F,15.1°F,54%,30.17in,10.0mi,WNW,3.5mph,  -,N/A,	,Clear

4:51 AM,30.0°F,26.5°F,14.0°F,51%,30.18in,10.0mi,NW,3.5mph,  -,N/A,	,Overcast

5:51 AM,28.9°F,23.9°F,15.1°F,56%,30.20in,10.0mi,NNW,4.6mph,  -,N/A,	,Clear

6:51 AM,28.9°F,21.9°F,14.0°F,54%,30.24in,10.0mi,NNE,6.9mph,  -,N/A,	,Clear

7:51 AM,28.9°F,25.2°F,16.0°F,58%,30.25in,9.0mi,NE,3.5mph,  -,N/A,	,Clear

8:51 AM,30.9°F,  -,16.0°F,54%,30.27in,10.0mi,Calm,Calm,  -,N/A,	,Clear

9:51 AM,32.0°F,  -,17.1°F,54%,30.30in,10.0mi,Calm,Calm,  -,N/A,	,Clear

10:51 AM,35.1°F,32.2°F,18.0°F,50%,30.30in,9.0mi,Variable,3.5mph,  -,N/A,	,Mostly Cloudy

11:51 AM,35.1°F,  -,19.0°F,52%,30.31in,9.0mi,Calm,Calm,  -,N/A,	,Overcast

12:51 PM,35.1°F,32.2°F,19.9°F,54%,30.29in,8.0mi,WNW,3.5mph,  -,N/A,	,Overcast

1:51 PM,37.0°F,32.4°F,19.9°F,50%,30.28in,8.0mi,WNW,5.8mph,  -,N/A,	,Partly Cloudy

2:51 PM,37.9°F,  -,19.9°F,48%,30.27in,8.0mi,Calm,Calm,  -,N/A,	,Clear

3:51 PM,37.0°F,33.3°F,17.1°F,44%,30.28in,10.0mi,WSW,4.6mph,  -,N/A,	,Clear

4:51 PM,36.0°F,33.3°F,19.9°F,52%,30.28in,9.0mi,Variable,3.5mph,  -,N/A,	,Clear

5:51 PM,35.1°F,30.1°F,21.9°F,59%,30.28in,10.0mi,SSE,5.8mph,  -,N/A,	,Clear

6:51 PM,36.0°F,31.1°F,24.1°F,62%,30.30in,10.0mi,South,5.8mph,  -,N/A,	,Clear

7:51 PM,36.0°F,30.3°F,21.9°F,57%,30.29in,10.0mi,Variable,6.9mph,  -,N/A,	,Clear

8:51 PM,36.0°F,  -,19.9°F,52%,30.28in,10.0mi,Calm,Calm,  -,N/A,	,Clear

9:51 PM,36.0°F,33.3°F,18.0°F,48%,30.27in,10.0mi,Variable,3.5mph,  -,N/A,	,Clear

10:51 PM,37.9°F,35.5°F,21.9°F,53%,30.25in,10.0mi,Variable,3.5mph,  -,N/A,	,Clear

11:51 PM,39.0°F,34.8°F,27.0°F,62%,30.22in,10.0mi,South,5.8mph,  -,N/A,	,Clear

