20160901
Time (EDT),Temp.,Dew Point,Humidity,Pressure,Visibility,Wind Dir,Wind Speed,Gust Speed,Precip,Events,Conditions

12:51 AM,77.0°F,66.0°F,69%,29.87in,9.0mi,Variable,5.8mph,  -,0.00in,Rain,Light Rain

1:51 AM,73.9°F,68.0°F,82%,29.85in,9.0mi,Calm,Calm,  -,0.00in,	,Mostly Cloudy

2:51 AM,75.0°F,69.1°F,82%,29.84in,7.0mi,West,6.9mph,  -,0.00in,Rain,Light Rain

3:51 AM,73.9°F,68.0°F,82%,29.83in,9.0mi,West,4.6mph,  -,0.01in,	,Overcast

4:51 AM,72.0°F,68.0°F,87%,29.83in,8.0mi,Variable,4.6mph,  -,0.00in,Rain,Light Rain

5:51 AM,72.0°F,66.9°F,84%,29.83in,8.0mi,Calm,Calm,  -,0.01in,	,Overcast

6:51 AM,72.0°F,68.0°F,87%,29.85in,7.0mi,Calm,Calm,  -,0.00in,	,Mostly Cloudy

7:51 AM,71.1°F,68.0°F,90%,29.85in,4.0mi,Calm,Calm,  -,0.02in,Rain,Light Rain

8:51 AM,71.1°F,68.0°F,90%,29.85in,4.0mi,Calm,Calm,  -,0.00in,	,Overcast

9:11 AM,71.1°F,69.1°F,93%,29.88in,1.8mi,WNW,3.5mph,  -,0.01in,Rain,Light Rain

9:40 AM,71.1°F,68.0°F,90%,29.89in,3.0mi,Calm,Calm,  -,0.06in,Rain,Light Rain

9:51 AM,71.1°F,68.0°F,90%,29.86in,4.0mi,Calm,Calm,  -,0.07in,Rain,Light Rain

10:51 AM,72.0°F,69.1°F,91%,29.86in,5.0mi,Calm,Calm,  -,0.00in,	,Mostly Cloudy

11:51 AM,73.0°F,68.0°F,84%,29.86in,7.0mi,West,4.6mph,  -,N/A,	,Overcast

12:51 PM,77.0°F,66.9°F,71%,29.85in,8.0mi,Calm,Calm,  -,N/A,	,Overcast

1:51 PM,78.1°F,66.0°F,66%,29.84in,8.0mi,Calm,Calm,  -,N/A,	,Mostly Cloudy

2:11 PM,73.9°F,69.1°F,85%,29.86in,1.8mi,North,8.1mph,  -,0.01in,Rain,Rain

2:15 PM,73.0°F,69.1°F,87%,29.87in,0.5mi,North,8.1mph,  -,0.02in,Fog,	,

Rain,Heavy Rain,2:30 PM,70.0°F,68.0°F,93%,29.87in,0.8mi,Variable,3.5mph,  -,0.20in

Rain,Heavy Rain,2:51 PM,70.0°F,69.1°F,97%,29.85in,1.2mi,Calm,Calm,  -,0.39in

Rain,Light Rain,3:26 PM,71.1°F,69.1°F,93%,29.88in,3.0mi,Variable,5.8mph,  -,0.00in

Rain,Light Rain,3:51 PM,71.1°F,69.1°F,93%,29.86in,3.0mi,Calm,Calm,  -,0.00in

	,Overcast,4:51 PM,72.0°F,70.0°F,93%,29.85in,4.0mi,Calm,Calm,  -,N/A

	,Overcast,5:51 PM,72.0°F,70.0°F,93%,29.86in,4.0mi,Calm,Calm,  -,N/A

	,Mostly Cloudy,6:34 PM,72.0°F,70.0°F,93%,29.89in,2.5mi,Calm,Calm,  -,N/A

	,Overcast,6:51 PM,72.0°F,69.1°F,91%,29.86in,4.0mi,Calm,Calm,  -,N/A

	,Overcast,7:51 PM,72.0°F,69.1°F,91%,29.89in,6.0mi,NE,3.5mph,  -,N/A

	,Overcast,8:51 PM,72.0°F,68.0°F,87%,29.92in,6.0mi,Calm,Calm,  -,N/A

	,Overcast,9:51 PM,73.0°F,68.0°F,84%,29.94in,7.0mi,Variable,4.6mph,  -,N/A

	,Overcast,10:51 PM,72.0°F,63.0°F,73%,29.94in,10.0mi,Variable,6.9mph,  -,N/A

	,Partly Cloudy,11:51 PM,70.0°F,57.9°F,65%,29.96in,10.0mi,Variable,3.5mph,  -,N/A

