20160830
Time (EDT),Temp.,Heat Index,Dew Point,Humidity,Pressure,Visibility,Wind Dir,Wind Speed,Gust Speed,Precip,Events,Conditions

12:51 AM,75.9°F,  -,55.0°F,48%,30.14in,10.0mi,Variable,3.5mph,  -,N/A,	,Clear

1:51 AM,75.0°F,  -,55.0°F,50%,30.14in,10.0mi,NE,8.1mph,  -,N/A,	,Clear

2:51 AM,73.9°F,  -,55.0°F,52%,30.14in,10.0mi,East,8.1mph,  -,N/A,	,Clear

3:51 AM,72.0°F,  -,55.9°F,57%,30.14in,10.0mi,ENE,3.5mph,  -,N/A,	,Partly Cloudy

4:51 AM,72.0°F,  -,55.9°F,57%,30.16in,10.0mi,ENE,6.9mph,  -,N/A,	,Mostly Cloudy

5:51 AM,71.1°F,  -,57.0°F,61%,30.15in,10.0mi,ENE,6.9mph,  -,N/A,	,Partly Cloudy

6:51 AM,70.0°F,  -,57.9°F,65%,30.17in,10.0mi,Calm,Calm,  -,N/A,	,Clear

7:51 AM,72.0°F,  -,59.0°F,64%,30.16in,10.0mi,ESE,6.9mph,  -,N/A,	,Clear

8:51 AM,73.0°F,  -,59.0°F,61%,30.17in,10.0mi,Calm,Calm,  -,N/A,	,Clear

9:51 AM,75.9°F,  -,60.1°F,58%,30.17in,10.0mi,East,4.6mph,  -,N/A,	,Clear

10:51 AM,78.1°F,  -,60.1°F,54%,30.16in,10.0mi,ENE,3.5mph,  -,N/A,	,Clear

11:51 AM,79.0°F,  -,61.0°F,54%,30.14in,9.0mi,Calm,Calm,  -,N/A,	,Overcast

12:51 PM,79.0°F,  -,61.0°F,54%,30.13in,10.0mi,Calm,Calm,  -,N/A,	,Overcast

1:51 PM,79.0°F,  -,61.0°F,54%,30.12in,9.0mi,Calm,Calm,  -,N/A,	,Overcast

2:51 PM,84.0°F,84.0°F,60.1°F,44%,30.09in,10.0mi,SSE,5.8mph,  -,N/A,	,Clear

3:51 PM,84.0°F,84.4°F,61.0°F,46%,30.06in,9.0mi,North,  -,  -,N/A,	,Clear

4:51 PM,82.0°F,82.7°F,61.0°F,49%,30.06in,10.0mi,Variable,3.5mph,  -,N/A,	,Partly Cloudy

5:51 PM,81.0°F,81.7°F,61.0°F,50%,30.05in,9.0mi,Variable,4.6mph,  -,N/A,	,Clear

6:51 PM,78.1°F,  -,63.0°F,60%,30.04in,9.0mi,Variable,3.5mph,  -,N/A,	,Clear

7:51 PM,75.9°F,  -,64.9°F,69%,30.04in,10.0mi,Calm,Calm,  -,N/A,	,Clear

8:51 PM,75.9°F,  -,64.9°F,69%,30.05in,10.0mi,Calm,Calm,  -,N/A,	,Clear

9:51 PM,75.0°F,  -,66.0°F,73%,30.06in,10.0mi,Variable,3.5mph,  -,N/A,	,Clear

10:51 PM,75.9°F,  -,64.9°F,69%,30.06in,10.0mi,Calm,Calm,  -,N/A,	,Clear

11:51 PM,75.0°F,  -,64.9°F,71%,30.05in,10.0mi,Calm,Calm,  -,N/A,	,Clear

