20161230
Time (EST),Temp.,Windchill,Dew Point,Humidity,Pressure,Visibility,Wind Dir,Wind Speed,Gust Speed,Precip,Events,Conditions

12:51 AM,37.0°F,33.3°F,26.1°F,65%,29.54in,10.0mi,Variable,4.6mph,  -,N/A,	,Clear

1:51 AM,37.0°F,30.4°F,25.0°F,62%,29.55in,10.0mi,West,9.2mph,  -,N/A,	,Clear

2:51 AM,36.0°F,29.0°F,26.1°F,67%,29.55in,10.0mi,WSW,9.2mph,  -,N/A,	,Clear

3:51 AM,36.0°F,28.0°F,25.0°F,64%,29.55in,10.0mi,WSW,11.5mph,21.9mph,N/A,	,Clear

4:51 AM,36.0°F,29.6°F,25.0°F,64%,29.55in,10.0mi,West,8.1mph,  -,N/A,	,Clear

5:51 AM,36.0°F,  -,26.1°F,67%,29.57in,10.0mi,North,  -,  -,N/A,	,Clear

6:51 AM,36.0°F,28.5°F,26.1°F,67%,29.59in,10.0mi,West,10.4mph,17.3mph,N/A,	,Clear

7:51 AM,35.1°F,32.2°F,25.0°F,67%,29.59in,10.0mi,Variable,3.5mph,  -,N/A,	,Clear

8:51 AM,36.0°F,28.5°F,25.0°F,64%,29.61in,10.0mi,West,10.4mph,19.6mph,N/A,	,Clear

9:51 AM,37.9°F,31.5°F,25.0°F,60%,29.64in,10.0mi,WSW,9.2mph,17.3mph,N/A,	,Clear

10:51 AM,39.0°F,32.8°F,23.0°F,53%,29.65in,10.0mi,West,9.2mph,20.7mph,N/A,	,Overcast

11:51 AM,39.0°F,31.4°F,19.9°F,46%,29.65in,10.0mi,West,12.7mph,27.6mph,N/A,	,Overcast

12:51 PM,39.0°F,32.8°F,21.0°F,49%,29.66in,10.0mi,West,9.2mph,24.2mph,N/A,	,Overcast

1:51 PM,39.9°F,32.1°F,21.0°F,47%,29.68in,10.0mi,West,13.8mph,21.9mph,N/A,	,Overcast

2:51 PM,39.0°F,31.4°F,19.9°F,46%,29.70in,10.0mi,WNW,12.7mph,28.8mph,N/A,	,Partly Cloudy

3:51 PM,39.9°F,32.9°F,19.0°F,43%,29.73in,10.0mi,WNW,11.5mph,27.6mph,N/A,	,Mostly Cloudy

4:51 PM,34.0°F,29.8°F,28.0°F,79%,29.78in,9.0mi,Variable,4.6mph,  -,N/A,	,Overcast

5:04 PM,34.0°F,26.0°F,28.9°F,82%,29.81in,1.8mi,NW,10.4mph,19.6mph,0.00in,Snow,Light Snow

5:11 PM,34.0°F,27.2°F,30.0°F,85%,29.82in,1.2mi,WNW,8.1mph,18.4mph,0.00in,Snow,Light Snow

5:17 PM,33.1°F,26.9°F,30.0°F,89%,29.82in,0.5mi,Variable,6.9mph,18.4mph,0.00in,Fog,	,

Snow,Snow,5:26 PM,33.1°F,26.9°F,30.9°F,92%,29.82in,2.0mi,West,6.9mph,  -,0.01in

Snow,Light Snow,5:31 PM,33.1°F,26.9°F,30.9°F,92%,29.82in,8.0mi,Variable,6.9mph,  -,0.01in

Snow,Light Snow,5:51 PM,35.1°F,27.9°F,27.0°F,72%,29.81in,10.0mi,West,9.2mph,23.0mph,0.01in

	,Mostly Cloudy,6:51 PM,35.1°F,26.4°F,26.1°F,70%,29.85in,10.0mi,West,12.7mph,16.1mph,N/A

	,Scattered Clouds,7:51 PM,35.1°F,30.1°F,26.1°F,70%,29.88in,10.0mi,WNW,5.8mph,  -,N/A

	,Partly Cloudy,8:51 PM,35.1°F,  -,23.0°F,61%,29.90in,10.0mi,North,  -,  -,N/A

	,Clear,9:51 PM,35.1°F,27.9°F,19.0°F,52%,29.93in,10.0mi,West,9.2mph,23.0mph,N/A

	,Clear,10:51 PM,34.0°F,26.6°F,19.0°F,54%,29.96in,10.0mi,West,9.2mph,  -,N/A

	,Partly Cloudy,11:51 PM,33.1°F,24.9°F,19.0°F,56%,29.99in,10.0mi,West,10.4mph,21.9mph,N/A

