20160729
Time (EDT),Temp.,Heat Index,Dew Point,Humidity,Pressure,Visibility,Wind Dir,Wind Speed,Gust Speed,Precip,Events,Conditions

12:51 AM,75.9°F,  -,71.1°F,85%,29.87in,5.0mi,Calm,Calm,  -,0.00in,Rain,Light Rain

1:51 AM,75.0°F,  -,72.0°F,90%,29.87in,4.0mi,East,3.5mph,  -,0.02in,	,Overcast

2:43 AM,75.0°F,  -,72.0°F,90%,29.87in,4.0mi,NE,4.6mph,  -,0.01in,Rain,Light Rain

2:51 AM,75.0°F,  -,72.0°F,90%,29.84in,3.0mi,NE,4.6mph,  -,0.02in,Rain,Light Rain

3:06 AM,75.0°F,  -,72.0°F,90%,29.87in,2.0mi,Variable,3.5mph,  -,0.00in,	,Overcast

3:49 AM,73.4°F,  -,69.8°F,88%,29.86in,3.0mi,Variable,5.8mph,  -,0.06in,Rain,Rain

3:51 AM,73.0°F,  -,70.0°F,90%,29.83in,3.0mi,Variable,3.5mph,  -,0.07in,Rain,Light Rain

4:07 AM,73.0°F,  -,71.1°F,93%,29.86in,3.0mi,Calm,Calm,  -,0.00in,	,Overcast

4:17 AM,73.0°F,  -,71.1°F,93%,29.87in,2.5mi,Variable,3.5mph,  -,0.01in,Rain,Light Rain

4:29 AM,73.0°F,  -,70.0°F,90%,29.87in,1.8mi,Variable,3.5mph,  -,0.04in,Rain,Heavy Rain

4:46 AM,73.4°F,  -,69.8°F,88%,29.84in,2.5mi,NNE,8.1mph,  -,0.12in,Rain,Rain

4:51 AM,72.0°F,  -,70.0°F,93%,29.81in,2.5mi,Variable,5.8mph,  -,0.13in,Rain,Rain

5:01 AM,72.0°F,  -,70.0°F,93%,29.86in,1.8mi,Calm,Calm,  -,0.03in,Rain,Rain

5:13 AM,71.1°F,  -,69.1°F,93%,29.87in,0.5mi,Variable,5.8mph,  -,0.22in,Fog,	,

Rain,Heavy Rain,5:25 AM,70.0°F,  -,68.0°F,93%,29.87in,0.8mi,ENE,11.5mph,17.3mph,0.51in

Rain,Heavy Rain,5:32 AM,70.0°F,  -,68.0°F,93%,29.87in,1.2mi,NE,8.1mph,  -,0.57in

Rain,Heavy Rain,5:40 AM,70.0°F,  -,68.0°F,93%,29.87in,2.0mi,Variable,6.9mph,  -,0.61in

Rain,Light Rain,5:51 AM,70.0°F,  -,68.0°F,93%,29.84in,4.0mi,ENE,10.4mph,17.3mph,0.62in

Rain,Light Rain,6:51 AM,71.1°F,  -,68.0°F,90%,29.84in,4.0mi,Variable,5.8mph,  -,0.01in

Rain,Light Rain,7:13 AM,70.0°F,  -,68.0°F,93%,29.86in,2.5mi,Variable,6.9mph,  -,0.01in

Rain,Rain,7:46 AM,69.8°F,  -,66.2°F,88%,29.87in,1.2mi,East,8.1mph,  -,0.06in

Rain,Rain,7:51 AM,69.1°F,  -,66.9°F,93%,29.84in,1.8mi,Variable,6.9mph,  -,0.07in

Rain,Light Rain,7:58 AM,70.0°F,  -,66.9°F,90%,29.88in,2.5mi,Variable,3.5mph,  -,0.01in

Rain,Light Rain,8:22 AM,69.1°F,  -,66.9°F,93%,29.88in,0.8mi,Calm,Calm,  -,0.07in

Rain,Heavy Rain,8:36 AM,69.1°F,  -,66.9°F,93%,29.89in,2.0mi,Variable,3.5mph,  -,0.13in

Rain,Light Rain,8:42 AM,70.0°F,  -,66.9°F,90%,29.89in,3.0mi,ENE,5.8mph,  -,0.13in

Rain,Light Rain,8:51 AM,70.0°F,  -,66.9°F,90%,29.87in,2.5mi,Variable,3.5mph,  -,0.13in

Rain,Light Rain,8:55 AM,70.0°F,  -,66.9°F,90%,29.90in,1.8mi,Variable,4.6mph,  -,0.00in

Rain,Light Rain,9:01 AM,70.0°F,  -,66.9°F,90%,29.90in,2.0mi,NE,3.5mph,  -,0.01in

Rain,Light Rain,9:47 AM,69.8°F,  -,66.2°F,88%,29.88in,4.0mi,ENE,8.1mph,  -,0.02in

	,Overcast,9:51 AM,70.0°F,  -,66.9°F,90%,29.85in,4.0mi,Variable,6.9mph,  -,0.02in

	,Overcast,10:51 AM,73.0°F,  -,68.0°F,84%,29.86in,6.0mi,NNE,8.1mph,  -,N/A

	,Haze,11:51 AM,75.0°F,  -,68.0°F,79%,29.86in,8.0mi,NE,10.4mph,  -,N/A

	,Mostly Cloudy,11:59 AM,75.9°F,  -,68.0°F,76%,29.89in,8.0mi,Variable,5.8mph,  -,N/A

	,Mostly Cloudy,12:51 PM,75.9°F,  -,68.0°F,76%,29.85in,8.0mi,Variable,3.5mph,  -,N/A

	,Overcast,1:51 PM,77.0°F,  -,68.0°F,74%,29.83in,7.0mi,Variable,4.6mph,  -,N/A

	,Overcast,2:08 PM,81.0°F,84.1°F,69.1°F,67%,29.86in,8.0mi,Variable,4.6mph,  -,N/A

	,Mostly Cloudy,2:51 PM,81.0°F,83.8°F,68.0°F,65%,29.84in,8.0mi,Variable,3.5mph,  -,N/A

	,Mostly Cloudy,3:51 PM,82.0°F,84.9°F,68.0°F,62%,29.84in,7.0mi,Calm,Calm,  -,N/A

	,Clear,4:51 PM,82.9°F,85.8°F,68.0°F,60%,29.83in,8.0mi,East,4.6mph,  -,N/A

	,Clear,5:51 PM,82.9°F,86.5°F,69.1°F,63%,29.84in,8.0mi,Calm,Calm,  -,N/A

	,Clear,6:51 PM,81.0°F,84.1°F,69.1°F,67%,29.86in,7.0mi,Variable,3.5mph,  -,N/A

	,Clear,7:51 PM,79.0°F,  -,68.0°F,69%,29.88in,7.0mi,Variable,5.8mph,  -,N/A

	,Partly Cloudy,8:51 PM,78.1°F,  -,66.9°F,68%,29.89in,9.0mi,South,3.5mph,  -,N/A

	,Scattered Clouds,9:51 PM,77.0°F,  -,66.9°F,71%,29.91in,9.0mi,Calm,Calm,  -,N/A

	,Clear,10:51 PM,78.1°F,  -,68.0°F,71%,29.92in,8.0mi,Calm,Calm,  -,N/A

	,Clear,11:51 PM,77.0°F,  -,69.1°F,76%,29.93in,8.0mi,Variable,3.5mph,  -,N/A

