20161227
Time (EST),Temp.,Windchill,Dew Point,Humidity,Pressure,Visibility,Wind Dir,Wind Speed,Gust Speed,Precip,Events,Conditions

12:51 AM,51.1°F,  -,48.0°F,89%,30.04in,10.0mi,SW,8.1mph,18.4mph,N/A,	,Overcast

1:30 AM,52.0°F,  -,48.0°F,86%,30.03in,10.0mi,SW,11.5mph,20.7mph,N/A,	,Overcast

1:51 AM,52.0°F,  -,48.0°F,86%,30.00in,10.0mi,North,  -,  -,N/A,	,Overcast

2:10 AM,52.0°F,  -,48.9°F,89%,30.01in,10.0mi,Variable,5.8mph,  -,N/A,	,Overcast

2:51 AM,53.1°F,  -,48.9°F,86%,29.98in,10.0mi,WSW,9.2mph,18.4mph,N/A,	,Overcast

3:28 AM,54.0°F,  -,48.9°F,83%,29.96in,10.0mi,Variable,6.9mph,  -,N/A,	,Overcast

3:51 AM,55.0°F,  -,50.0°F,83%,29.92in,10.0mi,Variable,6.9mph,  -,N/A,	,Overcast

4:03 AM,55.0°F,  -,50.0°F,83%,29.94in,10.0mi,SW,8.1mph,33.4mph,N/A,	,Overcast

4:51 AM,55.0°F,  -,50.0°F,83%,29.89in,10.0mi,Variable,6.9mph,27.6mph,N/A,	,Overcast

5:22 AM,55.0°F,  -,50.0°F,83%,29.90in,10.0mi,WSW,11.5mph,23.0mph,N/A,	,Overcast

5:51 AM,55.0°F,  -,50.0°F,83%,29.87in,10.0mi,WSW,8.1mph,18.4mph,N/A,	,Overcast

6:51 AM,55.9°F,  -,50.0°F,80%,29.85in,10.0mi,WSW,8.1mph,19.6mph,N/A,	,Overcast

7:51 AM,57.0°F,  -,51.1°F,81%,29.83in,10.0mi,Calm,Calm,  -,N/A,	,Overcast

8:51 AM,57.0°F,  -,51.1°F,81%,29.83in,10.0mi,North,  -,  -,N/A,	,Overcast

9:51 AM,57.0°F,  -,51.1°F,81%,29.83in,10.0mi,North,  -,  -,N/A,	,Overcast

10:51 AM,55.9°F,  -,52.0°F,87%,29.82in,9.0mi,West,8.1mph,17.3mph,N/A,	,Overcast

11:28 AM,55.9°F,  -,52.0°F,87%,29.83in,10.0mi,Variable,5.8mph,  -,N/A,	,Overcast

11:51 AM,57.0°F,  -,51.1°F,81%,29.80in,10.0mi,West,10.4mph,19.6mph,N/A,	,Mostly Cloudy

11:58 AM,57.0°F,  -,50.0°F,77%,29.81in,10.0mi,Variable,3.5mph,17.3mph,N/A,	,Scattered Clouds

12:51 PM,59.0°F,  -,44.1°F,58%,29.78in,10.0mi,West,11.5mph,23.0mph,N/A,	,Clear

1:51 PM,60.1°F,  -,39.0°F,46%,29.77in,10.0mi,Variable,5.8mph,23.0mph,N/A,	,Clear

2:51 PM,60.1°F,  -,37.0°F,42%,29.76in,10.0mi,West,9.2mph,17.3mph,N/A,	,Clear

3:51 PM,59.0°F,  -,30.9°F,35%,29.79in,10.0mi,West,8.1mph,20.7mph,N/A,	,Clear

4:51 PM,57.9°F,  -,32.0°F,37%,29.81in,10.0mi,Variable,4.6mph,  -,N/A,	,Clear

5:51 PM,55.9°F,  -,30.0°F,37%,29.83in,10.0mi,WNW,11.5mph,21.9mph,N/A,	,Clear

6:51 PM,52.0°F,  -,33.1°F,49%,29.86in,10.0mi,Variable,4.6mph,  -,N/A,	,Clear

7:51 PM,48.0°F,  -,30.9°F,52%,29.89in,10.0mi,Variable,4.6mph,  -,N/A,	,Clear

8:51 PM,46.0°F,43.1°F,30.0°F,54%,29.90in,10.0mi,Variable,5.8mph,  -,N/A,	,Clear

9:51 PM,43.0°F,37.7°F,28.0°F,56%,29.93in,10.0mi,North,9.2mph,  -,N/A,	,Clear

10:51 PM,41.0°F,39.0°F,27.0°F,57%,29.94in,10.0mi,Variable,3.5mph,  -,N/A,	,Clear

11:51 PM,39.9°F,34.5°F,27.0°F,60%,29.94in,10.0mi,NW,8.1mph,  -,N/A,	,Clear

