20160809
Time (EDT),Temp.,Heat Index,Dew Point,Humidity,Pressure,Visibility,Wind Dir,Wind Speed,Gust Speed,Precip,Events,Conditions

12:51 AM,75.0°F,  -,63.0°F,66%,30.13in,10.0mi,Calm,Calm,  -,N/A,	,Clear

1:51 AM,75.0°F,  -,62.1°F,64%,30.14in,10.0mi,West,3.5mph,  -,N/A,	,Clear

2:51 AM,73.9°F,  -,61.0°F,64%,30.14in,10.0mi,Calm,Calm,  -,N/A,	,Clear

3:51 AM,73.0°F,  -,61.0°F,66%,30.15in,10.0mi,Calm,Calm,  -,N/A,	,Clear

4:51 AM,73.0°F,  -,63.0°F,71%,30.16in,10.0mi,Calm,Calm,  -,N/A,	,Scattered Clouds

5:51 AM,71.1°F,  -,63.0°F,75%,30.17in,10.0mi,Calm,Calm,  -,N/A,	,Clear

6:51 AM,73.0°F,  -,64.9°F,76%,30.17in,8.0mi,Calm,Calm,  -,N/A,	,Clear

7:51 AM,73.9°F,  -,63.0°F,68%,30.19in,8.0mi,Calm,Calm,  -,N/A,	,Clear

8:51 AM,78.1°F,  -,61.0°F,56%,30.21in,9.0mi,ENE,3.5mph,  -,N/A,	,Clear

9:51 AM,80.1°F,81.2°F,62.1°F,54%,30.21in,9.0mi,Calm,Calm,  -,N/A,	,Partly Cloudy

10:51 AM,80.1°F,80.9°F,60.1°F,50%,30.22in,9.0mi,SW,3.5mph,  -,N/A,	,Clear

11:51 AM,82.9°F,82.8°F,59.0°F,44%,30.22in,9.0mi,Variable,3.5mph,  -,N/A,	,Partly Cloudy

12:51 PM,86.0°F,85.7°F,60.1°F,41%,30.21in,9.0mi,Variable,5.8mph,  -,N/A,	,Clear

1:51 PM,86.0°F,84.7°F,55.9°F,36%,30.20in,9.0mi,Variable,4.6mph,  -,N/A,	,Clear

2:51 PM,86.0°F,84.9°F,57.0°F,37%,30.20in,9.0mi,Variable,6.9mph,  -,N/A,	,Clear

3:51 PM,84.0°F,83.5°F,57.9°F,41%,30.19in,9.0mi,Variable,4.6mph,  -,N/A,	,Clear

4:51 PM,82.9°F,82.8°F,59.0°F,44%,30.19in,9.0mi,Calm,Calm,  -,N/A,	,Clear

5:51 PM,82.0°F,82.4°F,60.1°F,47%,30.18in,9.0mi,Variable,3.5mph,  -,N/A,	,Clear

6:51 PM,80.1°F,81.1°F,61.0°F,52%,30.18in,9.0mi,North,  -,  -,N/A,	,Clear

7:51 PM,79.0°F,  -,64.0°F,60%,30.18in,9.0mi,Variable,4.6mph,  -,N/A,	,Clear

8:51 PM,77.0°F,  -,66.9°F,71%,30.19in,10.0mi,Variable,4.6mph,  -,N/A,	,Clear

9:51 PM,77.0°F,  -,66.9°F,71%,30.20in,10.0mi,Variable,5.8mph,  -,N/A,	,Clear

10:51 PM,77.0°F,  -,68.0°F,74%,30.20in,10.0mi,Calm,Calm,  -,N/A,	,Clear

11:51 PM,77.0°F,  -,68.0°F,74%,30.21in,10.0mi,Variable,4.6mph,  -,N/A,	,Clear

