20161126
Time (EST),Temp.,Windchill,Dew Point,Humidity,Pressure,Visibility,Wind Dir,Wind Speed,Gust Speed,Precip,Events,Conditions

12:51 AM,48.9°F,  -,42.1°F,77%,30.13in,7.0mi,Variable,3.5mph,  -,N/A,	,Overcast

1:51 AM,48.9°F,  -,41.0°F,74%,30.14in,7.0mi,Variable,3.5mph,  -,N/A,	,Overcast

2:51 AM,48.0°F,  -,41.0°F,77%,30.12in,7.0mi,WNW,5.8mph,  -,N/A,	,Overcast

3:51 AM,48.0°F,  -,39.9°F,74%,30.11in,8.0mi,Calm,Calm,  -,N/A,	,Overcast

4:51 AM,46.0°F,44.8°F,39.0°F,76%,30.10in,8.0mi,Variable,3.5mph,  -,N/A,	,Mostly Cloudy

5:51 AM,46.0°F,43.9°F,39.9°F,79%,30.09in,8.0mi,Variable,4.6mph,  -,N/A,	,Scattered Clouds

6:51 AM,45.0°F,41.8°F,39.9°F,82%,30.11in,6.0mi,North,5.8mph,  -,N/A,	,Haze

7:18 AM,44.1°F,41.5°F,39.9°F,85%,30.13in,4.0mi,Variable,4.6mph,  -,N/A,	,Partly Cloudy

7:51 AM,44.1°F,  -,39.9°F,85%,30.11in,5.0mi,Calm,Calm,  -,N/A,	,Partly Cloudy

8:51 AM,46.0°F,  -,39.0°F,76%,30.12in,8.0mi,Calm,Calm,  -,N/A,	,Mostly Cloudy

9:51 AM,46.0°F,43.1°F,39.0°F,76%,30.13in,8.0mi,Variable,5.8mph,  -,N/A,	,Overcast

10:51 AM,46.9°F,  -,37.0°F,68%,30.11in,10.0mi,Variable,3.5mph,  -,N/A,	,Mostly Cloudy

11:51 AM,48.9°F,  -,35.1°F,59%,30.08in,10.0mi,North,  -,  -,N/A,	,Overcast

12:51 PM,48.0°F,  -,34.0°F,58%,30.06in,10.0mi,Variable,3.5mph,  -,N/A,	,Overcast

1:51 PM,48.9°F,  -,35.1°F,59%,30.05in,10.0mi,NW,5.8mph,  -,N/A,	,Overcast

2:51 PM,50.0°F,  -,34.0°F,54%,30.04in,10.0mi,Variable,6.9mph,  -,N/A,	,Mostly Cloudy

3:51 PM,48.0°F,  -,33.1°F,56%,30.05in,10.0mi,NW,8.1mph,  -,N/A,	,Partly Cloudy

4:51 PM,46.0°F,41.4°F,33.1°F,61%,30.06in,10.0mi,NW,9.2mph,  -,N/A,	,Clear

5:51 PM,45.0°F,41.2°F,33.1°F,63%,30.08in,10.0mi,WNW,6.9mph,  -,N/A,	,Clear

6:51 PM,44.1°F,39.5°F,33.1°F,65%,30.08in,10.0mi,NW,8.1mph,  -,N/A,	,Clear

7:51 PM,44.1°F,40.8°F,33.1°F,65%,30.08in,10.0mi,WNW,5.8mph,  -,N/A,	,Clear

8:51 PM,43.0°F,41.3°F,33.1°F,68%,30.08in,10.0mi,WNW,3.5mph,  -,N/A,	,Clear

9:51 PM,42.1°F,40.2°F,33.1°F,70%,30.07in,10.0mi,Variable,3.5mph,  -,N/A,	,Clear

10:51 PM,41.0°F,38.0°F,33.1°F,73%,30.07in,10.0mi,West,4.6mph,  -,N/A,	,Clear

11:51 PM,41.0°F,  -,33.1°F,73%,30.07in,10.0mi,Calm,Calm,  -,N/A,	,Clear

