20160209
Time (EST),Temp.,Windchill,Dew Point,Humidity,Pressure,Visibility,Wind Dir,Wind Speed,Gust Speed,Precip,Events,Conditions

12:51 AM,28.0°F,19.3°F,21.0°F,75%,29.73in,10.0mi,ENE,9.2mph,  -,N/A,	,Overcast

1:51 AM,28.0°F,20.0°F,21.0°F,75%,29.73in,10.0mi,ENE,8.1mph,  -,N/A,	,Overcast

2:51 AM,28.0°F,20.8°F,21.9°F,78%,29.72in,7.0mi,ESE,6.9mph,  -,N/A,	,Overcast

3:51 AM,28.0°F,22.8°F,21.0°F,75%,29.69in,5.0mi,Variable,4.6mph,  -,N/A,	,Haze

4:51 AM,27.0°F,18.7°F,21.0°F,78%,29.65in,10.0mi,NE,8.1mph,  -,N/A,	,Overcast

5:51 AM,27.0°F,20.5°F,21.0°F,78%,29.65in,10.0mi,NE,5.8mph,  -,N/A,	,Overcast

6:51 AM,28.0°F,20.8°F,21.0°F,75%,29.69in,10.0mi,Variable,6.9mph,  -,N/A,	,Overcast

7:51 AM,28.0°F,24.2°F,21.9°F,78%,29.68in,10.0mi,Variable,3.5mph,  -,N/A,	,Overcast

8:51 AM,28.0°F,20.8°F,21.9°F,78%,29.67in,10.0mi,Variable,6.9mph,  -,N/A,	,Overcast

9:51 AM,28.9°F,21.1°F,21.9°F,75%,29.65in,10.0mi,ENE,8.1mph,  -,N/A,	,Overcast

10:07 AM,28.9°F,23.9°F,21.0°F,72%,29.66in,10.0mi,Variable,4.6mph,  -,N/A,	,Overcast

10:51 AM,30.9°F,24.3°F,21.0°F,67%,29.62in,10.0mi,NE,6.9mph,  -,N/A,	,Overcast

11:15 AM,30.9°F,23.5°F,21.9°F,69%,29.62in,10.0mi,ENE,8.1mph,  -,N/A,	,Scattered Clouds

11:49 AM,33.8°F,30.8°F,23.0°F,65%,29.61in,10.0mi,Variable,3.5mph,  -,N/A,	,Mostly Cloudy

11:51 AM,33.1°F,  -,23.0°F,66%,29.59in,10.0mi,Calm,Calm,  -,N/A,	,Mostly Cloudy

12:51 PM,34.0°F,  -,21.9°F,61%,29.58in,10.0mi,Calm,Calm,  -,N/A,	,Overcast

1:51 PM,34.0°F,31.0°F,21.9°F,61%,29.57in,10.0mi,ENE,3.5mph,  -,N/A,	,Overcast

2:51 PM,35.1°F,  -,21.9°F,59%,29.56in,10.0mi,Calm,Calm,  -,N/A,	,Overcast

3:20 PM,36.0°F,  -,21.9°F,57%,29.59in,10.0mi,Calm,Calm,  -,N/A,	,Overcast

3:51 PM,36.0°F,33.3°F,21.9°F,57%,29.57in,10.0mi,East,3.5mph,  -,N/A,	,Overcast

4:51 PM,35.1°F,32.2°F,21.9°F,59%,29.58in,10.0mi,Variable,3.5mph,  -,N/A,	,Mostly Cloudy

5:51 PM,33.1°F,28.7°F,23.0°F,66%,29.60in,10.0mi,NNE,4.6mph,  -,N/A,	,Partly Cloudy

6:51 PM,34.0°F,31.0°F,24.1°F,67%,29.61in,10.0mi,NE,3.5mph,  -,N/A,	,Overcast

7:51 PM,34.0°F,  -,24.1°F,67%,29.61in,10.0mi,Calm,Calm,  -,N/A,	,Overcast

8:09 PM,35.1°F,  -,24.1°F,64%,29.64in,10.0mi,Calm,Calm,  -,N/A,	,Overcast

8:51 PM,34.0°F,31.0°F,25.0°F,70%,29.62in,9.0mi,Variable,3.5mph,  -,N/A,	,Overcast

9:51 PM,34.0°F,  -,25.0°F,70%,29.62in,10.0mi,Calm,Calm,  -,N/A,	,Overcast

10:51 PM,34.0°F,  -,26.1°F,73%,29.60in,9.0mi,Calm,Calm,  -,N/A,	,Overcast

11:51 PM,34.0°F,  -,26.1°F,73%,29.60in,9.0mi,Calm,Calm,  -,N/A,	,Overcast

