20160714
Time (EDT),Temp.,Heat Index,Dew Point,Humidity,Pressure,Visibility,Wind Dir,Wind Speed,Gust Speed,Precip,Events,Conditions

12:15 AM,75.0°F,  -,69.1°F,82%,30.03in,10.0mi,Variable,4.6mph,  -,N/A,	,Mostly Cloudy

12:51 AM,75.0°F,  -,70.0°F,84%,29.99in,10.0mi,Variable,5.8mph,  -,N/A,	,Overcast

1:17 AM,75.0°F,  -,70.0°F,84%,30.03in,10.0mi,Variable,3.5mph,  -,N/A,	,Overcast

1:46 AM,75.2°F,  -,69.8°F,83%,30.02in,10.0mi,South,4.6mph,  -,N/A,	,Overcast

1:51 AM,75.9°F,  -,71.1°F,85%,29.99in,10.0mi,Variable,4.6mph,  -,N/A,	,Overcast

2:01 AM,75.9°F,  -,71.1°F,85%,30.01in,9.0mi,Variable,3.5mph,  -,N/A,	,Overcast

2:51 AM,75.9°F,  -,72.0°F,87%,29.98in,5.0mi,Variable,3.5mph,  -,0.00in,Rain,Light Rain

3:51 AM,75.9°F,  -,72.0°F,87%,29.96in,7.0mi,WSW,6.9mph,  -,0.00in,	,Overcast

4:13 AM,75.9°F,  -,72.0°F,87%,29.98in,8.0mi,Variable,6.9mph,  -,N/A,	,Overcast

4:37 AM,75.9°F,  -,72.0°F,87%,29.99in,8.0mi,Calm,Calm,  -,N/A,	,Mostly Cloudy

4:51 AM,75.9°F,  -,72.0°F,87%,29.96in,8.0mi,SSW,3.5mph,  -,N/A,	,Overcast

5:05 AM,75.9°F,  -,72.0°F,87%,29.98in,8.0mi,Variable,3.5mph,  -,N/A,	,Overcast

5:12 AM,75.9°F,  -,72.0°F,87%,29.98in,8.0mi,Variable,4.6mph,  -,N/A,	,Overcast

5:51 AM,75.9°F,  -,72.0°F,87%,29.93in,8.0mi,North,  -,  -,N/A,	,Mostly Cloudy

6:06 AM,75.9°F,  -,72.0°F,87%,29.96in,6.0mi,South,4.6mph,  -,N/A,	,Partly Cloudy

6:26 AM,75.9°F,  -,72.0°F,87%,29.96in,6.0mi,Calm,Calm,  -,N/A,	,Mostly Cloudy

6:51 AM,77.0°F,  -,72.0°F,84%,29.94in,6.0mi,Variable,5.8mph,  -,N/A,	,Haze

6:59 AM,77.0°F,  -,73.0°F,88%,29.96in,6.0mi,Calm,Calm,  -,N/A,	,Overcast

7:51 AM,77.0°F,  -,72.0°F,84%,29.93in,6.0mi,Variable,4.6mph,  -,N/A,	,Haze

8:51 AM,78.1°F,  -,73.0°F,84%,29.93in,6.0mi,Calm,Calm,  -,N/A,	,Haze

9:51 AM,79.0°F,  -,72.0°F,79%,29.91in,7.0mi,Variable,4.6mph,  -,N/A,	,Overcast

10:51 AM,81.0°F,85.2°F,72.0°F,74%,29.91in,7.0mi,West,6.9mph,  -,N/A,	,Overcast

11:51 AM,84.9°F,92.1°F,73.9°F,69%,29.91in,7.0mi,Calm,Calm,  -,N/A,	,Scattered Clouds

12:51 PM,82.9°F,89.4°F,73.9°F,74%,29.89in,7.0mi,Variable,4.6mph,  -,N/A,	,Mostly Cloudy

1:51 PM,86.0°F,93.8°F,73.9°F,67%,29.85in,6.0mi,WSW,5.8mph,  -,N/A,	,Haze

2:51 PM,87.1°F,95.4°F,73.9°F,65%,29.82in,6.0mi,Variable,3.5mph,  -,N/A,	,Haze

3:51 PM,84.9°F,93.3°F,75.0°F,72%,29.80in,6.0mi,Variable,5.8mph,  -,N/A,	,Haze

3:57 PM,84.0°F,91.9°F,75.0°F,74%,29.83in,1.8mi,Variable,4.6mph,  -,0.00in,Rain,Heavy Rain

4:14 PM,73.9°F,  -,71.1°F,91%,29.88in,0.2mi,Variable,4.6mph,35.7mph,0.17in,Fog,	,

Rain,Heavy Rain,4:37 PM,73.9°F,  -,72.0°F,93%,29.84in,2.5mi,Variable,3.5mph,  -,0.62in

Rain,Light Rain,4:40 PM,73.9°F,  -,72.0°F,93%,29.84in,4.0mi,Calm,Calm,  -,0.62in

	,Mostly Cloudy,4:51 PM,75.0°F,  -,73.0°F,94%,29.81in,5.0mi,Variable,3.5mph,  -,0.62in

	,Partly Cloudy,5:51 PM,80.1°F,85.1°F,75.0°F,85%,29.79in,8.0mi,Calm,Calm,  -,N/A

	,Clear,6:51 PM,81.0°F,87.3°F,75.9°F,85%,29.80in,8.0mi,Calm,Calm,  -,N/A

	,Clear,7:51 PM,80.1°F,85.1°F,75.0°F,85%,29.81in,7.0mi,Calm,Calm,  -,N/A

	,Clear,8:51 PM,79.0°F,  -,73.9°F,84%,29.81in,8.0mi,Calm,Calm,  -,N/A

	,Clear,9:51 PM,80.1°F,84.5°F,73.9°F,81%,29.83in,7.0mi,Calm,Calm,  -,N/A

	,Clear,10:51 PM,80.1°F,84.2°F,73.0°F,79%,29.83in,7.0mi,Calm,Calm,  -,N/A

	,Clear,11:51 PM,82.0°F,86.3°F,71.1°F,69%,29.82in,9.0mi,Calm,Calm,  -,N/A

