20160405
Time (EDT),Temp.,Windchill,Dew Point,Humidity,Pressure,Visibility,Wind Dir,Wind Speed,Gust Speed,Precip,Events,Conditions

12:51 AM,30.0°F,19.5°F,21.0°F,69%,30.08in,10.0mi,NNE,13.8mph,20.7mph,N/A,	,Overcast

1:51 AM,28.9°F,21.1°F,18.0°F,64%,30.10in,10.0mi,NNE,8.1mph,17.3mph,N/A,	,Overcast

2:51 AM,28.0°F,20.0°F,18.0°F,66%,30.09in,10.0mi,North,8.1mph,19.6mph,N/A,	,Overcast

3:51 AM,28.0°F,17.0°F,14.0°F,56%,30.10in,10.0mi,NE,13.8mph,27.6mph,N/A,	,Overcast

4:51 AM,27.0°F,17.3°F,10.9°F,51%,30.13in,10.0mi,NNE,10.4mph,21.9mph,N/A,	,Overcast

5:51 AM,27.0°F,19.5°F,10.9°F,51%,30.19in,10.0mi,Variable,6.9mph,16.1mph,N/A,	,Overcast

6:00 AM,  -,  -,  -,N/A%,		-,  -,North,  -,  -,N/A,	,Unknown

6:51 AM,26.1°F,14.0°F,10.0°F,51%,30.23in,10.0mi,NNE,15.0mph,21.9mph,N/A,	,Overcast

7:51 AM,27.0°F,18.7°F,8.1°F,45%,30.25in,10.0mi,NNE,8.1mph,26.5mph,N/A,	,Clear

8:51 AM,28.0°F,18.6°F,8.1°F,43%,30.28in,10.0mi,NE,10.4mph,18.4mph,N/A,	,Clear

9:51 AM,30.0°F,19.5°F,8.1°F,40%,30.30in,10.0mi,NE,13.8mph,25.3mph,N/A,	,Clear

10:51 AM,32.0°F,24.8°F,7.0°F,35%,30.31in,10.0mi,NNE,8.1mph,20.7mph,N/A,	,Clear

11:51 AM,34.0°F,25.5°F,7.0°F,32%,30.33in,10.0mi,NE,11.5mph,20.7mph,N/A,	,Clear

12:51 PM,36.0°F,28.5°F,5.0°F,27%,30.32in,10.0mi,NE,10.4mph,18.4mph,N/A,	,Clear

1:51 PM,39.0°F,33.4°F,7.0°F,27%,30.31in,10.0mi,NNW,8.1mph,21.9mph,N/A,	,Clear

2:51 PM,39.0°F,35.7°F,5.0°F,24%,30.30in,10.0mi,Variable,4.6mph,21.9mph,N/A,	,Clear

3:51 PM,42.1°F,36.6°F,7.0°F,24%,30.29in,10.0mi,NNE,9.2mph,  -,N/A,	,Clear

4:51 PM,41.0°F,34.3°F,3.9°F,21%,30.27in,10.0mi,WNW,11.5mph,18.4mph,N/A,	,Clear

5:51 PM,41.0°F,38.0°F,1.0°F,19%,30.28in,10.0mi,Variable,4.6mph,  -,N/A,	,Clear

6:51 PM,39.9°F,  -,-0.0°F,19%,30.30in,10.0mi,North,  -,  -,N/A,	,Clear

7:51 PM,39.0°F,34.0°F,1.0°F,20%,30.32in,10.0mi,Variable,6.9mph,17.3mph,N/A,	,Clear

8:51 PM,37.9°F,33.5°F,-0.0°F,20%,30.35in,10.0mi,Variable,5.8mph,  -,N/A,	,Clear

9:51 PM,37.0°F,  -,1.0°F,22%,30.37in,10.0mi,Calm,Calm,  -,N/A,	,Clear

10:51 PM,36.0°F,29.0°F,3.9°F,26%,30.38in,10.0mi,NW,9.2mph,16.1mph,N/A,	,Clear

11:51 PM,33.1°F,  -,7.0°F,34%,30.38in,10.0mi,Calm,Calm,  -,N/A,	,Clear

