20160623
Time (EDT),Temp.,Heat Index,Dew Point,Humidity,Pressure,Visibility,Wind Dir,Wind Speed,Gust Speed,Precip,Events,Conditions

12:51 AM,73.0°F,  -,48.9°F,42%,29.91in,10.0mi,Calm,Calm,  -,N/A,	,Clear

1:51 AM,73.9°F,  -,48.9°F,41%,29.91in,10.0mi,Calm,Calm,  -,N/A,	,Partly Cloudy

2:51 AM,71.1°F,  -,51.1°F,49%,29.91in,10.0mi,NE,3.5mph,  -,N/A,	,Mostly Cloudy

3:51 AM,71.1°F,  -,51.1°F,49%,29.89in,10.0mi,ENE,3.5mph,  -,N/A,	,Clear

4:51 AM,70.0°F,  -,48.9°F,47%,29.88in,10.0mi,Variable,3.5mph,  -,N/A,	,Clear

5:51 AM,70.0°F,  -,48.9°F,47%,29.87in,10.0mi,ENE,3.5mph,  -,N/A,	,Clear

6:51 AM,69.1°F,  -,53.1°F,57%,29.89in,9.0mi,North,3.5mph,  -,N/A,	,Clear

7:51 AM,71.1°F,  -,55.9°F,59%,29.88in,9.0mi,Calm,Calm,  -,N/A,	,Clear

8:51 AM,73.9°F,  -,57.0°F,55%,29.88in,9.0mi,Calm,Calm,  -,N/A,	,Partly Cloudy

9:51 AM,75.9°F,  -,57.9°F,54%,29.88in,9.0mi,Calm,Calm,  -,N/A,	,Mostly Cloudy

10:51 AM,77.0°F,  -,57.9°F,52%,29.87in,8.0mi,Calm,Calm,  -,N/A,	,Mostly Cloudy

11:51 AM,75.9°F,  -,60.1°F,58%,29.86in,8.0mi,Variable,3.5mph,  -,N/A,	,Overcast

12:51 PM,78.1°F,  -,57.9°F,50%,29.83in,8.0mi,Calm,Calm,  -,N/A,	,Overcast

1:51 PM,79.0°F,  -,59.0°F,50%,29.82in,8.0mi,ENE,5.8mph,  -,N/A,	,Mostly Cloudy

2:51 PM,80.1°F,80.7°F,59.0°F,48%,29.82in,8.0mi,Variable,3.5mph,  -,N/A,	,Mostly Cloudy

3:51 PM,81.0°F,81.3°F,59.0°F,47%,29.82in,8.0mi,ENE,4.6mph,  -,N/A,	,Mostly Cloudy

4:51 PM,79.0°F,  -,60.1°F,52%,29.82in,8.0mi,NE,3.5mph,  -,N/A,	,Overcast

5:51 PM,78.1°F,  -,60.1°F,54%,29.81in,8.0mi,Calm,Calm,  -,N/A,	,Overcast

6:51 PM,77.0°F,  -,63.0°F,62%,29.81in,8.0mi,Calm,Calm,  -,N/A,	,Mostly Cloudy

7:51 PM,75.0°F,  -,64.0°F,69%,29.83in,8.0mi,Calm,Calm,  -,N/A,	,Overcast

8:51 PM,73.0°F,  -,64.9°F,76%,29.84in,8.0mi,Variable,3.5mph,  -,N/A,	,Scattered Clouds

9:51 PM,73.0°F,  -,64.0°F,73%,29.86in,8.0mi,Calm,Calm,  -,N/A,	,Clear

10:51 PM,72.0°F,  -,64.0°F,76%,29.87in,8.0mi,ENE,3.5mph,  -,N/A,	,Clear

11:51 PM,72.0°F,  -,63.0°F,73%,29.88in,8.0mi,Calm,Calm,  -,N/A,	,Clear

