20161119
Time (EST),Temp.,Windchill,Dew Point,Humidity,Pressure,Visibility,Wind Dir,Wind Speed,Gust Speed,Precip,Events,Conditions

12:51 AM,53.1°F,  -,36.0°F,52%,30.04in,10.0mi,NNE,3.5mph,  -,N/A,	,Clear

1:51 AM,53.1°F,  -,37.9°F,57%,30.03in,10.0mi,Calm,Calm,  -,N/A,	,Clear

2:51 AM,51.1°F,  -,42.1°F,71%,30.02in,10.0mi,Calm,Calm,  -,N/A,	,Clear

3:51 AM,51.1°F,  -,39.9°F,66%,30.02in,10.0mi,North,3.5mph,  -,N/A,	,Clear

4:51 AM,48.9°F,  -,42.1°F,77%,30.02in,10.0mi,Calm,Calm,  -,N/A,	,Clear

5:51 AM,50.0°F,  -,42.1°F,74%,30.00in,10.0mi,NE,3.5mph,  -,N/A,	,Clear

6:51 AM,50.0°F,  -,39.9°F,68%,29.99in,10.0mi,Calm,Calm,  -,N/A,	,Clear

7:51 AM,51.1°F,  -,41.0°F,68%,29.99in,10.0mi,Variable,3.5mph,  -,N/A,	,Clear

8:51 AM,53.1°F,  -,42.1°F,66%,29.96in,10.0mi,Variable,4.6mph,  -,N/A,	,Clear

9:51 AM,55.0°F,  -,43.0°F,64%,29.94in,9.0mi,ESE,6.9mph,  -,N/A,	,Clear

10:51 AM,59.0°F,  -,45.0°F,60%,29.88in,9.0mi,ENE,6.9mph,  -,N/A,	,Clear

11:51 AM,61.0°F,  -,45.0°F,56%,29.84in,10.0mi,ESE,6.9mph,  -,N/A,	,Clear

12:51 PM,62.1°F,  -,44.1°F,52%,29.82in,10.0mi,South,5.8mph,  -,N/A,	,Clear

1:51 PM,59.0°F,  -,46.0°F,62%,29.79in,10.0mi,South,10.4mph,  -,N/A,	,Clear

2:51 PM,59.0°F,  -,48.0°F,67%,29.77in,10.0mi,Variable,6.9mph,  -,N/A,	,Clear

3:51 PM,57.0°F,  -,48.9°F,74%,29.73in,10.0mi,Variable,3.5mph,  -,N/A,	,Partly Cloudy

4:13 PM,55.9°F,  -,48.0°F,75%,29.75in,10.0mi,SE,5.8mph,  -,N/A,	,Mostly Cloudy

4:27 PM,55.9°F,  -,48.0°F,75%,29.75in,10.0mi,SSE,8.1mph,  -,N/A,	,Scattered Clouds

4:51 PM,55.0°F,  -,48.0°F,77%,29.72in,10.0mi,North,  -,  -,N/A,	,Scattered Clouds

5:05 PM,55.9°F,  -,48.0°F,75%,29.74in,10.0mi,Variable,4.6mph,  -,N/A,	,Mostly Cloudy

5:51 PM,55.9°F,  -,48.9°F,77%,29.69in,10.0mi,Variable,6.9mph,  -,N/A,	,Mostly Cloudy

6:51 PM,55.9°F,  -,48.9°F,77%,29.68in,10.0mi,Variable,4.6mph,  -,N/A,	,Overcast

6:59 PM,55.9°F,  -,48.9°F,77%,29.69in,10.0mi,Calm,Calm,  -,N/A,	,Overcast

7:51 PM,55.9°F,  -,48.9°F,77%,29.64in,10.0mi,Variable,6.9mph,  -,N/A,	,Overcast

8:51 PM,55.0°F,  -,48.9°F,80%,29.61in,10.0mi,Variable,4.6mph,  -,N/A,	,Overcast

9:07 PM,55.0°F,  -,48.9°F,80%,29.62in,10.0mi,ENE,5.8mph,  -,N/A,	,Overcast

9:15 PM,54.0°F,  -,48.9°F,83%,29.62in,10.0mi,Variable,5.8mph,  -,N/A,	,Overcast

9:43 PM,51.1°F,  -,46.9°F,86%,29.61in,1.8mi,WNW,8.1mph,  -,0.03in,Rain,Rain

9:49 PM,51.8°F,  -,46.4°F,82%,29.61in,3.0mi,Variable,6.9mph,  -,0.05in,Rain,Light Rain

9:51 PM,51.1°F,  -,46.9°F,86%,29.58in,4.0mi,Variable,4.6mph,  -,0.05in,Rain,Light Rain

10:05 PM,50.0°F,  -,46.0°F,86%,29.61in,2.5mi,North,  -,  -,0.02in,Rain,Heavy Rain

10:15 PM,48.9°F,  -,46.0°F,90%,29.62in,7.0mi,WNW,13.8mph,21.9mph,0.03in,Rain,Light Rain

10:35 PM,46.9°F,  -,43.0°F,86%,29.60in,7.0mi,WNW,10.4mph,18.4mph,0.03in,Rain,Light Rain

10:51 PM,46.0°F,40.6°F,43.0°F,89%,29.58in,10.0mi,WNW,11.5mph,19.6mph,0.04in,	,Overcast

11:39 PM,39.9°F,32.5°F,35.1°F,83%,29.62in,1.8mi,WNW,12.7mph,32.2mph,0.03in,Rain,Heavy Rain

11:51 PM,37.9°F,32.7°F,34.0°F,86%,29.59in,2.5mi,Variable,6.9mph,21.9mph,0.11in,Rain,Heavy Rain

