20160210
Time (EST),Temp.,Windchill,Dew Point,Humidity,Pressure,Visibility,Wind Dir,Wind Speed,Gust Speed,Precip,Events,Conditions

12:51 AM,33.1°F,  -,26.1°F,75%,29.59in,7.0mi,Calm,Calm,  -,N/A,	,Overcast

1:24 AM,33.1°F,28.7°F,27.0°F,78%,29.61in,6.0mi,WNW,4.6mph,  -,N/A,	,Haze

1:41 AM,33.1°F,30.0°F,27.0°F,78%,29.61in,1.8mi,WNW,3.5mph,  -,0.00in,Snow,Light Snow

1:51 AM,33.1°F,  -,28.0°F,82%,29.59in,2.0mi,Calm,Calm,  -,0.01in,Snow,Light Snow

2:06 AM,33.1°F,  -,28.0°F,82%,29.61in,2.5mi,Calm,Calm,  -,0.00in,Snow,Light Snow

2:15 AM,33.1°F,28.7°F,28.0°F,82%,29.61in,3.0mi,WNW,4.6mph,  -,0.00in,	,Haze

2:47 AM,33.8°F,30.8°F,28.4°F,81%,29.60in,3.0mi,West,3.5mph,  -,0.00in,	,Overcast

2:51 AM,33.1°F,26.9°F,28.9°F,85%,29.58in,4.0mi,West,6.9mph,  -,0.00in,	,Overcast

3:12 AM,33.1°F,30.0°F,28.9°F,85%,29.60in,4.0mi,Variable,3.5mph,  -,N/A,	,Overcast

3:47 AM,33.8°F,29.6°F,28.4°F,81%,29.60in,5.0mi,West,4.6mph,  -,N/A,	,Haze

3:51 AM,33.1°F,  -,28.0°F,82%,29.58in,5.0mi,Calm,Calm,  -,N/A,	,Haze

4:30 AM,33.1°F,27.7°F,28.0°F,82%,29.60in,7.0mi,Variable,5.8mph,  -,N/A,	,Overcast

4:51 AM,33.1°F,26.1°F,27.0°F,78%,29.58in,8.0mi,West,8.1mph,  -,N/A,	,Overcast

5:25 AM,33.1°F,  -,27.0°F,78%,29.60in,9.0mi,Calm,Calm,  -,N/A,	,Overcast

5:51 AM,33.1°F,  -,27.0°F,78%,29.59in,8.0mi,Calm,Calm,  -,N/A,	,Overcast

6:15 AM,33.1°F,30.0°F,27.0°F,78%,29.61in,7.0mi,Variable,3.5mph,  -,N/A,	,Overcast

6:51 AM,33.1°F,26.9°F,27.0°F,78%,29.60in,6.0mi,West,6.9mph,  -,N/A,	,Haze

7:19 AM,33.1°F,30.0°F,27.0°F,78%,29.62in,1.8mi,Variable,3.5mph,  -,0.00in,Snow,Light Snow

7:35 AM,33.1°F,28.7°F,28.0°F,82%,29.63in,1.0mi,West,4.6mph,  -,0.00in,Snow,Light Snow

7:43 AM,33.1°F,26.9°F,28.0°F,82%,29.63in,1.0mi,Variable,6.9mph,  -,0.00in,Snow,Light Snow

7:49 AM,33.8°F,27.7°F,28.4°F,81%,29.63in,1.0mi,West,6.9mph,  -,0.00in,Snow,Light Snow

7:51 AM,33.1°F,27.7°F,28.0°F,82%,29.61in,1.2mi,West,5.8mph,  -,0.00in,Snow,Light Snow

7:58 AM,33.1°F,26.9°F,28.0°F,82%,29.63in,1.8mi,West,6.9mph,  -,0.00in,	,Haze

8:07 AM,33.1°F,30.0°F,28.0°F,82%,29.63in,2.0mi,Variable,3.5mph,  -,0.00in,	,Haze

8:51 AM,34.0°F,  -,28.9°F,82%,29.62in,2.0mi,North,  -,  -,0.00in,	,Haze

8:59 AM,34.0°F,31.0°F,28.9°F,82%,29.64in,3.0mi,Variable,3.5mph,  -,N/A,	,Haze

9:07 AM,34.0°F,28.0°F,28.0°F,79%,29.64in,4.0mi,Variable,6.9mph,  -,N/A,	,Haze

9:51 AM,35.1°F,31.0°F,28.0°F,76%,29.63in,5.0mi,Variable,4.6mph,  -,N/A,	,Haze

9:59 AM,35.1°F,30.1°F,28.0°F,76%,29.65in,6.0mi,West,5.8mph,  -,N/A,	,Haze

10:51 AM,35.1°F,27.9°F,26.1°F,70%,29.62in,8.0mi,West,9.2mph,  -,N/A,	,Overcast

11:48 AM,37.4°F,32.1°F,23.0°F,56%,29.63in,10.0mi,Variable,6.9mph,  -,N/A,	,Overcast

11:51 AM,37.0°F,30.4°F,24.1°F,59%,29.61in,10.0mi,West,9.2mph,  -,N/A,	,Overcast

12:51 PM,37.9°F,  -,21.9°F,53%,29.60in,10.0mi,North,  -,  -,N/A,	,Overcast

1:51 PM,37.9°F,32.1°F,19.0°F,47%,29.61in,10.0mi,West,8.1mph,  -,N/A,	,Overcast

2:51 PM,37.9°F,30.9°F,19.0°F,47%,29.62in,10.0mi,West,10.4mph,18.4mph,N/A,	,Overcast

3:51 PM,37.9°F,  -,18.0°F,45%,29.64in,10.0mi,North,  -,  -,N/A,	,Overcast

4:51 PM,37.0°F,  -,18.0°F,46%,29.66in,10.0mi,North,  -,  -,N/A,	,Overcast

5:51 PM,36.0°F,29.6°F,17.1°F,46%,29.69in,10.0mi,West,8.1mph,23.0mph,N/A,	,Overcast

6:51 PM,34.0°F,26.6°F,16.0°F,48%,29.72in,10.0mi,West,9.2mph,17.3mph,N/A,	,Mostly Cloudy

7:51 PM,33.1°F,28.7°F,16.0°F,50%,29.72in,10.0mi,Variable,4.6mph,20.7mph,N/A,	,Clear

8:51 PM,32.0°F,28.7°F,15.1°F,50%,29.73in,10.0mi,Variable,3.5mph,  -,N/A,	,Clear

9:51 PM,32.0°F,28.7°F,16.0°F,52%,29.74in,10.0mi,Variable,3.5mph,  -,N/A,	,Mostly Cloudy

10:51 PM,30.9°F,24.3°F,15.1°F,52%,29.75in,10.0mi,WSW,6.9mph,19.6mph,N/A,	,Overcast

11:51 PM,30.9°F,22.8°F,12.9°F,47%,29.74in,10.0mi,WNW,9.2mph,20.7mph,N/A,	,Overcast

