20161212
Time (EST),Temp.,Windchill,Dew Point,Humidity,Pressure,Visibility,Wind Dir,Wind Speed,Gust Speed,Precip,Events,Conditions

12:51 AM,35.1°F,31.0°F,30.9°F,85%,30.16in,7.0mi,ENE,4.6mph,  -,N/A,	,Overcast

1:51 AM,35.1°F,31.0°F,33.1°F,92%,30.12in,3.0mi,ENE,4.6mph,  -,0.01in,Rain,Light Rain

2:05 AM,35.1°F,32.2°F,33.1°F,92%,30.12in,2.5mi,East,3.5mph,  -,0.01in,Rain,Light Rain

2:30 AM,35.1°F,  -,34.0°F,96%,30.09in,1.5mi,Calm,Calm,  -,0.04in,Rain,Light Rain

2:51 AM,35.1°F,32.2°F,35.1°F,100%,30.05in,1.5mi,Variable,3.5mph,  -,0.07in,Rain,Light Rain

3:51 AM,37.0°F,  -,36.0°F,96%,29.99in,1.0mi,Calm,Calm,  -,0.08in,Rain,Rain

3:59 AM,37.0°F,33.3°F,36.0°F,96%,30.00in,0.8mi,North,4.6mph,  -,0.01in,Rain,Rain

4:12 AM,37.9°F,35.5°F,37.0°F,97%,30.00in,1.2mi,NNE,3.5mph,  -,0.06in,Rain,Rain

4:21 AM,37.9°F,35.5°F,37.0°F,97%,29.99in,1.5mi,Variable,3.5mph,  -,0.09in,Rain,Rain

4:51 AM,37.9°F,35.5°F,37.9°F,100%,29.94in,1.5mi,ENE,3.5mph,  -,0.16in,Rain,Rain

5:08 AM,37.9°F,  -,37.9°F,100%,29.95in,0.8mi,Calm,Calm,  -,0.03in,Rain,Light Rain

5:17 AM,37.9°F,35.5°F,37.9°F,100%,29.95in,1.0mi,NW,3.5mph,  -,0.04in,Rain,Light Rain

5:51 AM,39.0°F,36.8°F,37.9°F,96%,29.90in,1.2mi,WNW,3.5mph,  -,0.07in,Rain,Light Rain

6:14 AM,39.0°F,35.7°F,37.9°F,96%,29.92in,2.0mi,WNW,4.6mph,  -,0.01in,Rain,Light Rain

6:28 AM,39.9°F,37.8°F,39.0°F,97%,29.91in,3.0mi,West,3.5mph,  -,0.02in,Rain,Light Rain

6:51 AM,41.0°F,38.0°F,39.9°F,96%,29.88in,4.0mi,Variable,4.6mph,  -,0.04in,Rain,Light Rain

7:01 AM,41.0°F,38.0°F,39.9°F,96%,29.90in,4.0mi,WSW,4.6mph,  -,0.01in,Rain,Light Rain

7:34 AM,41.0°F,35.2°F,39.9°F,96%,29.89in,5.0mi,WSW,9.2mph,  -,0.06in,Rain,Light Rain

7:51 AM,41.0°F,35.8°F,39.0°F,93%,29.86in,5.0mi,WSW,8.1mph,  -,0.07in,Rain,Light Rain

8:51 AM,41.0°F,37.1°F,39.0°F,93%,29.86in,5.0mi,Variable,5.8mph,  -,0.00in,	,Overcast

9:51 AM,42.1°F,38.4°F,39.9°F,92%,29.87in,5.0mi,Variable,5.8mph,  -,N/A,	,Overcast

10:51 AM,42.1°F,38.4°F,39.9°F,92%,29.85in,6.0mi,Variable,5.8mph,  -,N/A,	,Overcast

11:51 AM,42.1°F,36.1°F,39.0°F,89%,29.84in,8.0mi,WSW,10.4mph,17.3mph,N/A,	,Overcast

12:43 PM,43.0°F,  -,39.0°F,86%,29.85in,8.0mi,North,  -,  -,N/A,	,Scattered Clouds

12:51 PM,44.1°F,40.1°F,39.0°F,82%,29.83in,8.0mi,WNW,6.9mph,  -,N/A,	,Partly Cloudy

1:51 PM,45.0°F,41.2°F,39.0°F,80%,29.82in,10.0mi,WNW,6.9mph,  -,N/A,	,Scattered Clouds

2:51 PM,45.0°F,39.3°F,37.9°F,76%,29.82in,10.0mi,West,11.5mph,  -,N/A,	,Mostly Cloudy

3:51 PM,45.0°F,40.6°F,37.0°F,74%,29.82in,10.0mi,WNW,8.1mph,18.4mph,N/A,	,Overcast

4:51 PM,44.1°F,39.0°F,36.0°F,73%,29.82in,10.0mi,West,9.2mph,  -,N/A,	,Clear

5:51 PM,44.1°F,  -,36.0°F,73%,29.86in,10.0mi,North,  -,  -,N/A,	,Clear

6:51 PM,42.1°F,38.4°F,36.0°F,79%,29.88in,10.0mi,Variable,5.8mph,  -,N/A,	,Clear

7:51 PM,42.1°F,37.7°F,34.0°F,73%,29.91in,10.0mi,West,6.9mph,  -,N/A,	,Clear

8:51 PM,42.1°F,38.4°F,32.0°F,67%,29.94in,10.0mi,West,5.8mph,  -,N/A,	,Clear

9:51 PM,41.0°F,36.4°F,30.9°F,67%,29.98in,10.0mi,Variable,6.9mph,  -,N/A,	,Clear

10:51 PM,39.9°F,35.1°F,30.9°F,70%,30.00in,10.0mi,Variable,6.9mph,  -,N/A,	,Clear

11:51 PM,39.9°F,34.5°F,28.0°F,63%,30.01in,10.0mi,West,8.1mph,  -,N/A,	,Overcast

