20160829
Time (EDT),Temp.,Heat Index,Dew Point,Humidity,Pressure,Visibility,Wind Dir,Wind Speed,Gust Speed,Precip,Events,Conditions

12:51 AM,75.0°F,  -,64.0°F,69%,30.17in,10.0mi,Variable,3.5mph,  -,N/A,	,Clear

1:51 AM,75.0°F,  -,64.0°F,69%,30.15in,10.0mi,Variable,4.6mph,  -,N/A,	,Scattered Clouds

2:51 AM,75.0°F,  -,62.1°F,64%,30.14in,10.0mi,WSW,3.5mph,  -,N/A,	,Scattered Clouds

3:51 AM,75.0°F,  -,61.0°F,62%,30.12in,10.0mi,WSW,4.6mph,  -,N/A,	,Mostly Cloudy

4:51 AM,75.0°F,  -,64.0°F,69%,30.12in,10.0mi,Variable,5.8mph,  -,N/A,	,Mostly Cloudy

5:51 AM,73.9°F,  -,64.9°F,73%,30.11in,10.0mi,Variable,3.5mph,  -,N/A,	,Partly Cloudy

6:51 AM,73.9°F,  -,64.0°F,71%,30.12in,9.0mi,WSW,4.6mph,  -,N/A,	,Clear

7:51 AM,75.0°F,  -,64.0°F,69%,30.12in,8.0mi,Variable,4.6mph,  -,N/A,	,Clear

8:51 AM,77.0°F,  -,64.0°F,64%,30.12in,8.0mi,WNW,4.6mph,  -,N/A,	,Clear

9:51 AM,79.0°F,  -,66.0°F,64%,30.12in,8.0mi,Variable,4.6mph,  -,N/A,	,Partly Cloudy

10:51 AM,84.9°F,87.6°F,66.9°F,55%,30.11in,8.0mi,Variable,5.8mph,  -,N/A,	,Clear

11:51 AM,88.0°F,89.6°F,64.9°F,46%,30.10in,8.0mi,Variable,3.5mph,  -,N/A,	,Clear

12:51 PM,89.1°F,90.0°F,63.0°F,42%,30.10in,9.0mi,NW,8.1mph,  -,N/A,	,Clear

1:51 PM,90.0°F,88.8°F,57.9°F,34%,30.08in,9.0mi,WNW,6.9mph,  -,N/A,	,Clear

2:51 PM,89.1°F,88.2°F,59.0°F,36%,30.08in,  -,Variable,5.8mph,  -,N/A,	,Clear

3:51 PM,90.0°F,88.6°F,57.0°F,33%,30.06in,  -,Variable,6.9mph,  -,N/A,	,Clear

4:51 PM,88.0°F,87.1°F,59.0°F,37%,30.06in,10.0mi,Variable,4.6mph,  -,N/A,	,Clear

5:51 PM,88.0°F,86.7°F,57.0°F,35%,30.07in,10.0mi,North,5.8mph,  -,N/A,	,Clear

6:51 PM,86.0°F,84.9°F,57.0°F,37%,30.08in,10.0mi,Variable,5.8mph,  -,N/A,	,Clear

7:51 PM,84.0°F,83.3°F,57.0°F,40%,30.09in,10.0mi,Variable,3.5mph,  -,N/A,	,Clear

8:51 PM,81.0°F,81.1°F,57.9°F,45%,30.12in,10.0mi,Variable,4.6mph,  -,N/A,	,Clear

9:51 PM,80.1°F,80.4°F,57.0°F,45%,30.13in,10.0mi,NNE,8.1mph,  -,N/A,	,Clear

10:51 PM,79.0°F,  -,55.0°F,44%,30.13in,10.0mi,NE,10.4mph,  -,N/A,	,Clear

11:51 PM,78.1°F,  -,55.0°F,45%,30.13in,10.0mi,Variable,5.8mph,  -,N/A,	,Clear

