20160214
Time (EST),Temp.,Windchill,Dew Point,Humidity,Pressure,Visibility,Wind Dir,Wind Speed,Gust Speed,Precip,Events,Conditions

12:51 AM,6.1°F,-12.2°F,-15.0°F,38%,30.32in,10.0mi,NW,16.1mph,26.5mph,N/A,	,Clear

1:51 AM,5.0°F,-10.0°F,-15.0°F,39%,30.33in,10.0mi,NW,10.4mph,24.2mph,N/A,	,Clear

2:51 AM,5.0°F,-6.9°F,-14.1°F,41%,30.34in,10.0mi,Variable,6.9mph,21.9mph,N/A,	,Clear

3:51 AM,3.0°F,-9.3°F,-11.9°F,50%,30.37in,10.0mi,Variable,6.9mph,18.4mph,N/A,	,Clear

4:51 AM,3.0°F,-11.5°F,-16.1°F,41%,30.40in,10.0mi,NW,9.2mph,23.0mph,N/A,	,Clear

5:51 AM,1.0°F,-18.7°F,-18.0°F,41%,30.44in,10.0mi,NW,16.1mph,27.6mph,N/A,	,Clear

6:51 AM,-0.0°F,  -,-18.0°F,43%,30.48in,10.0mi,North,  -,  -,N/A,	,Clear

7:51 AM,-0.9°F,-19.1°F,-18.0°F,44%,30.52in,10.0mi,WNW,12.7mph,21.9mph,N/A,	,Clear

8:51 AM,-0.0°F,-13.0°F,-18.9°F,41%,30.53in,10.0mi,Variable,6.9mph,23.0mph,N/A,	,Clear

9:51 AM,1.9°F,-10.6°F,-18.9°F,37%,30.54in,10.0mi,WNW,6.9mph,17.3mph,N/A,	,Clear

10:51 AM,5.0°F,-8.1°F,-17.0°F,36%,30.52in,10.0mi,NNW,8.1mph,  -,N/A,	,Clear

11:51 AM,9.0°F,  -,-17.0°F,30%,30.51in,10.0mi,North,  -,  -,N/A,	,Clear

12:51 PM,10.9°F,0.2°F,-16.1°F,29%,30.51in,10.0mi,NW,6.9mph,  -,N/A,	,Clear

1:51 PM,12.0°F,4.1°F,-18.0°F,25%,30.49in,10.0mi,Variable,4.6mph,  -,N/A,	,Clear

2:51 PM,14.0°F,6.5°F,-16.1°F,25%,30.47in,10.0mi,Variable,4.6mph,  -,N/A,	,Clear

3:51 PM,15.1°F,  -,-16.1°F,24%,30.47in,10.0mi,Calm,Calm,  -,N/A,	,Clear

4:51 PM,15.1°F,7.7°F,-16.1°F,24%,30.50in,10.0mi,Variable,4.6mph,  -,N/A,	,Clear

5:51 PM,15.1°F,6.4°F,-15.0°F,25%,30.51in,10.0mi,Variable,5.8mph,  -,N/A,	,Clear

6:51 PM,15.1°F,6.4°F,-15.0°F,25%,30.52in,10.0mi,NW,5.8mph,  -,N/A,	,Clear

7:51 PM,15.1°F,  -,-14.1°F,27%,30.52in,10.0mi,Calm,Calm,  -,N/A,	,Clear

8:51 PM,14.0°F,8.2°F,-14.1°F,28%,30.54in,10.0mi,Variable,3.5mph,  -,N/A,	,Clear

9:51 PM,14.0°F,  -,-13.0°F,29%,30.55in,10.0mi,Calm,Calm,  -,N/A,	,Clear

10:51 PM,14.0°F,  -,-13.0°F,29%,30.54in,10.0mi,Calm,Calm,  -,N/A,	,Clear

11:51 PM,14.0°F,  -,-11.9°F,31%,30.55in,10.0mi,Calm,Calm,  -,N/A,	,Clear

