20160410
Time (EDT),Temp.,Windchill,Dew Point,Humidity,Pressure,Visibility,Wind Dir,Wind Speed,Gust Speed,Precip,Events,Conditions

12:51 AM,36.0°F,30.3°F,12.9°F,39%,30.05in,10.0mi,Variable,6.9mph,18.4mph,N/A,	,Clear

1:51 AM,35.1°F,29.3°F,12.0°F,39%,30.09in,10.0mi,Variable,6.9mph,18.4mph,N/A,	,Partly Cloudy

2:51 AM,34.0°F,  -,10.0°F,37%,30.13in,10.0mi,North,  -,  -,N/A,	,Clear

3:51 AM,33.1°F,  -,14.0°F,46%,30.15in,10.0mi,North,  -,  -,N/A,	,Clear

4:51 AM,32.0°F,28.7°F,15.1°F,50%,30.17in,10.0mi,Variable,3.5mph,  -,N/A,	,Clear

5:51 AM,32.0°F,28.7°F,14.0°F,48%,30.21in,10.0mi,Variable,3.5mph,  -,N/A,	,Clear

6:51 AM,30.9°F,24.3°F,14.0°F,50%,30.25in,10.0mi,Variable,6.9mph,  -,N/A,	,Clear

7:51 AM,32.0°F,28.7°F,15.1°F,50%,30.28in,10.0mi,Variable,3.5mph,  -,N/A,	,Clear

8:51 AM,33.1°F,26.9°F,15.1°F,48%,30.30in,10.0mi,Variable,6.9mph,  -,N/A,	,Clear

9:51 AM,36.0°F,33.3°F,16.0°F,44%,30.32in,10.0mi,Variable,3.5mph,  -,N/A,	,Clear

10:51 AM,39.9°F,36.7°F,15.1°F,36%,30.32in,10.0mi,Variable,4.6mph,  -,N/A,	,Clear

11:51 AM,42.1°F,39.2°F,12.9°F,31%,30.33in,10.0mi,Variable,4.6mph,  -,N/A,	,Clear

12:51 PM,44.1°F,42.5°F,12.0°F,27%,30.32in,10.0mi,Variable,3.5mph,  -,N/A,	,Clear

1:51 PM,46.0°F,43.9°F,12.9°F,26%,30.32in,10.0mi,Variable,4.6mph,  -,N/A,	,Clear

2:51 PM,48.0°F,  -,14.0°F,26%,30.30in,10.0mi,West,4.6mph,  -,N/A,	,Clear

3:51 PM,48.9°F,  -,15.1°F,26%,30.27in,10.0mi,Variable,4.6mph,  -,N/A,	,Clear

4:51 PM,48.9°F,  -,12.0°F,23%,30.28in,10.0mi,Variable,5.8mph,  -,N/A,	,Clear

5:51 PM,46.9°F,  -,23.0°F,39%,30.29in,10.0mi,North,  -,  -,N/A,	,Clear

6:51 PM,45.0°F,42.6°F,25.0°F,46%,30.27in,10.0mi,Variable,4.6mph,  -,N/A,	,Clear

7:51 PM,44.1°F,42.5°F,27.0°F,51%,30.27in,10.0mi,South,3.5mph,  -,N/A,	,Clear

8:51 PM,46.9°F,  -,15.1°F,28%,30.29in,10.0mi,West,8.1mph,  -,N/A,	,Clear

9:51 PM,46.9°F,  -,17.1°F,30%,30.30in,10.0mi,Variable,5.8mph,  -,N/A,	,Overcast

10:51 PM,46.0°F,43.1°F,21.9°F,39%,30.30in,10.0mi,Variable,5.8mph,  -,N/A,	,Overcast

11:51 PM,44.1°F,40.1°F,25.0°F,47%,30.31in,10.0mi,Variable,6.9mph,18.4mph,N/A,	,Overcast

