20160605
Time (EDT),Temp.,Dew Point,Humidity,Pressure,Visibility,Wind Dir,Wind Speed,Gust Speed,Precip,Events,Conditions

12:51 AM,66.9°F,63.0°F,87%,29.91in,7.0mi,Calm,Calm,  -,N/A,	,Overcast

1:51 AM,66.0°F,63.0°F,90%,29.90in,8.0mi,Variable,3.5mph,  -,N/A,	,Overcast

2:51 AM,66.9°F,61.0°F,81%,29.89in,10.0mi,Calm,Calm,  -,N/A,	,Overcast

3:51 AM,66.9°F,60.1°F,79%,29.88in,10.0mi,Calm,Calm,  -,N/A,	,Overcast

4:51 AM,66.0°F,61.0°F,84%,29.88in,9.0mi,SSE,3.5mph,  -,N/A,	,Mostly Cloudy

5:51 AM,66.0°F,60.1°F,81%,29.85in,9.0mi,Calm,Calm,  -,N/A,	,Mostly Cloudy

6:51 AM,66.0°F,62.1°F,87%,29.86in,8.0mi,Variable,4.6mph,  -,N/A,	,Mostly Cloudy

7:30 AM,66.0°F,62.1°F,87%,29.89in,8.0mi,South,8.1mph,  -,N/A,	,Mostly Cloudy

7:51 AM,66.9°F,62.1°F,84%,29.86in,8.0mi,Variable,3.5mph,  -,N/A,	,Overcast

7:58 AM,66.9°F,62.1°F,84%,29.88in,8.0mi,Variable,4.6mph,  -,N/A,	,Overcast

8:47 AM,66.2°F,62.6°F,88%,29.87in,4.0mi,South,3.5mph,  -,N/A,	,Overcast

8:51 AM,66.0°F,63.0°F,90%,29.85in,4.0mi,Variable,3.5mph,  -,0.00in,Rain,Light Rain

9:02 AM,66.0°F,63.0°F,90%,29.87in,7.0mi,North,  -,  -,0.00in,	,Overcast

9:51 AM,66.9°F,63.0°F,87%,29.83in,8.0mi,SSE,4.6mph,  -,0.00in,	,Overcast

10:00 AM,66.9°F,63.0°F,87%,29.85in,8.0mi,Variable,4.6mph,  -,N/A,	,Overcast

10:51 AM,68.0°F,62.1°F,81%,29.81in,8.0mi,Variable,3.5mph,  -,N/A,	,Overcast

11:16 AM,66.0°F,63.0°F,90%,29.83in,2.0mi,Variable,5.8mph,  -,0.02in,Rain,Light Rain

11:20 AM,66.0°F,63.0°F,90%,29.82in,0.8mi,Variable,5.8mph,  -,0.03in,Rain,Heavy Rain

11:32 AM,64.9°F,63.0°F,93%,29.82in,1.5mi,Variable,5.8mph,  -,0.14in,Rain,Rain

11:42 AM,64.9°F,63.0°F,93%,29.81in,0.5mi,Variable,3.5mph,  -,0.27in,Fog,	,

Rain,Heavy Rain,11:46 AM,64.4°F,62.6°F,94%,29.81in,0.5mi,Calm,Calm,  -,0.29in

Fog,	,,Rain,Rain,11:51 AM,64.9°F,63.0°F,93%,29.78in,0.8mi,East,3.5mph

  -,0.32in,Rain,Heavy Rain,12:00 PM,64.9°F,63.0°F,93%,29.81in,2.0mi,Variable,5.8mph

  -,0.04in,Rain,Light Rain,12:08 PM,64.9°F,63.0°F,93%,29.81in,5.0mi,Variable,5.8mph

  -,0.04in,	,Overcast,12:29 PM,66.0°F,64.0°F,93%,29.81in,1.8mi,Variable,3.5mph

  -,0.04in,	,Overcast,12:51 PM,66.9°F,64.9°F,93%,29.76in,1.8mi,SE,6.9mph

  -,0.05in,	,Overcast,12:56 PM,66.9°F,64.9°F,93%,29.78in,2.0mi,SSE,6.9mph

  -,N/A,	,Overcast,1:05 PM,66.9°F,64.9°F,93%,29.78in,1.5mi,Variable,5.8mph

  -,N/A,	,Overcast,1:51 PM,68.0°F,66.0°F,93%,29.74in,1.0mi,Calm,Calm

  -,N/A,	,Overcast,2:28 PM,69.1°F,66.9°F,93%,29.74in,2.5mi,Variable,4.6mph

  -,N/A,	,Overcast,2:51 PM,70.0°F,66.9°F,90%,29.70in,2.5mi,Variable,4.6mph

  -,N/A,	,Overcast,2:59 PM,70.0°F,66.9°F,90%,29.72in,3.0mi,Variable,3.5mph

  -,N/A,	,Overcast,3:51 PM,70.0°F,66.9°F,90%,29.67in,4.0mi,North,  -

  -,N/A,	,Mostly Cloudy,4:30 PM,70.0°F,66.9°F,90%,29.67in,4.0mi,Variable,4.6mph

  -,N/A,	,Overcast,4:51 PM,70.0°F,66.9°F,90%,29.63in,4.0mi,Calm,Calm

  -,N/A,	,Overcast,5:51 PM,70.0°F,66.9°F,90%,29.62in,5.0mi,Variable,3.5mph

  -,N/A,	,Partly Cloudy,6:35 PM,70.0°F,66.9°F,90%,29.71in,0.8mi,West,15.0mph

38.0mph,0.00in,Rain,Heavy Rain,6:47 PM,66.2°F,64.4°F,94%,29.67in,0.5mi,Variable,4.6mph

19.6mph,0.26in,Fog,	,,Rain,Heavy Rain,6:51 PM,66.0°F,64.0°F,93%,29.65in,0.5mi

Variable,4.6mph,  -,0.41in,Fog,	,,Rain,Heavy Rain,6:56 PM,66.0°F,64.0°F,93%

29.67in,1.0mi,Variable,3.5mph,  -,0.05in,Rain,Rain,7:02 PM,66.0°F,64.0°F,93%

29.66in,3.0mi,Variable,3.5mph,  -,0.06in,Rain,Light Rain,7:51 PM,66.0°F,64.0°F,93%

29.64in,3.0mi,SSW,6.9mph,  -,0.11in,Rain,Light Rain,8:51 PM,66.0°F,64.0°F,93%

29.65in,9.0mi,Variable,3.5mph,  -,0.02in,	,Clear,9:51 PM,66.9°F,64.0°F,90%

29.65in,8.0mi,WSW,3.5mph,  -,N/A,	,Clear,10:51 PM,66.0°F,64.0°F,93%

29.65in,8.0mi,Variable,3.5mph,  -,N/A,	,Clear,11:47 PM,66.2°F,62.6°F,88%

29.69in,8.0mi,Variable,3.5mph,  -,N/A,	,Partly Cloudy,11:51 PM,66.0°F,63.0°F,90%

