20160704
Time (EDT),Temp.,Heat Index,Dew Point,Humidity,Pressure,Visibility,Wind Dir,Wind Speed,Gust Speed,Precip,Events,Conditions

12:51 AM,71.1°F,  -,57.9°F,63%,30.08in,10.0mi,Variable,3.5mph,  -,N/A,	,Clear

1:51 AM,71.1°F,  -,57.0°F,61%,30.07in,10.0mi,West,4.6mph,  -,N/A,	,Clear

2:51 AM,69.1°F,  -,57.0°F,65%,30.07in,10.0mi,Variable,4.6mph,  -,N/A,	,Clear

3:51 AM,68.0°F,  -,57.0°F,68%,30.06in,10.0mi,Variable,3.5mph,  -,N/A,	,Clear

4:51 AM,66.9°F,  -,57.9°F,73%,30.06in,10.0mi,Calm,Calm,  -,N/A,	,Clear

5:51 AM,66.0°F,  -,57.9°F,75%,30.08in,9.0mi,WNW,3.5mph,  -,N/A,	,Clear

6:51 AM,68.0°F,  -,57.9°F,70%,30.09in,9.0mi,Calm,Calm,  -,N/A,	,Clear

7:51 AM,70.0°F,  -,59.0°F,68%,30.09in,9.0mi,West,3.5mph,  -,N/A,	,Clear

8:51 AM,73.0°F,  -,57.9°F,59%,30.09in,9.0mi,West,4.6mph,  -,N/A,	,Clear

9:51 AM,75.0°F,  -,57.0°F,53%,30.09in,9.0mi,Calm,Calm,  -,N/A,	,Clear

10:51 AM,78.1°F,  -,55.9°F,46%,30.08in,10.0mi,West,3.5mph,  -,N/A,	,Clear

11:51 AM,81.0°F,80.7°F,55.0°F,41%,30.07in,9.0mi,Variable,5.8mph,  -,N/A,	,Clear

12:51 PM,82.9°F,82.1°F,55.9°F,39%,30.05in,9.0mi,Variable,3.5mph,  -,N/A,	,Clear

1:51 PM,82.0°F,82.0°F,57.9°F,44%,30.03in,9.0mi,North,  -,  -,N/A,	,Partly Cloudy

2:51 PM,81.0°F,81.1°F,57.9°F,45%,30.02in,9.0mi,Variable,5.8mph,  -,N/A,	,Clear

3:51 PM,78.1°F,  -,57.0°F,48%,30.01in,9.0mi,South,10.4mph,17.3mph,N/A,	,Clear

4:51 PM,78.1°F,  -,61.0°F,56%,30.00in,9.0mi,North,  -,  -,N/A,	,Scattered Clouds

5:51 PM,75.9°F,  -,64.0°F,67%,29.98in,8.0mi,Variable,5.8mph,  -,N/A,	,Partly Cloudy

6:51 PM,75.9°F,  -,66.0°F,71%,29.96in,8.0mi,Variable,3.5mph,  -,N/A,	,Overcast

7:51 PM,75.9°F,  -,64.9°F,69%,29.96in,9.0mi,Calm,Calm,  -,N/A,	,Overcast

8:51 PM,70.0°F,  -,66.0°F,87%,29.97in,1.5mi,North,  -,  -,0.03in,Rain,Heavy Rain

9:09 PM,69.1°F,  -,66.0°F,90%,29.99in,3.0mi,Calm,Calm,  -,0.08in,Rain,Light Rain

9:43 PM,69.1°F,  -,66.9°F,93%,29.99in,5.0mi,Calm,Calm,  -,0.09in,Rain,Light Rain

9:51 PM,69.1°F,  -,66.9°F,93%,29.96in,6.0mi,Calm,Calm,  -,0.09in,Rain,Light Rain

10:51 PM,69.1°F,  -,66.9°F,93%,29.94in,2.5mi,SSW,3.5mph,  -,0.03in,	,Overcast

10:58 PM,69.1°F,  -,66.9°F,93%,29.97in,3.0mi,Calm,Calm,  -,N/A,	,Overcast

11:37 PM,69.1°F,  -,66.9°F,93%,29.95in,2.5mi,Calm,Calm,  -,0.02in,Rain,Light Rain

11:47 PM,69.8°F,  -,66.2°F,88%,29.95in,1.5mi,SSE,3.5mph,  -,0.05in,Rain,Rain

11:51 PM,69.1°F,  -,66.9°F,93%,29.92in,1.5mi,Variable,3.5mph,  -,0.07in,Rain,Rain

