20160110
Time (EST),Temp.,Windchill,Dew Point,Humidity,Pressure,Visibility,Wind Dir,Wind Speed,Gust Speed,Precip,Events,Conditions

12:51 AM,46.0°F,41.0°F,42.1°F,86%,30.01in,5.0mi,ENE,10.4mph,  -,N/A,	,Overcast

1:51 AM,46.0°F,40.6°F,42.1°F,86%,29.96in,7.0mi,ENE,11.5mph,  -,0.00in,	,Overcast

2:51 AM,46.0°F,39.6°F,42.1°F,86%,29.92in,8.0mi,ENE,15.0mph,20.7mph,0.00in,Rain,Light Rain

3:47 AM,44.6°F,38.8°F,42.8°F,93%,29.90in,2.5mi,East,11.5mph,20.7mph,0.04in,Rain,Rain

3:51 AM,45.0°F,39.7°F,42.1°F,90%,29.88in,3.0mi,ENE,10.4mph,18.4mph,0.05in,Rain,Rain

4:12 AM,45.0°F,40.1°F,42.1°F,90%,29.88in,2.5mi,ENE,9.2mph,  -,0.05in,Rain,Rain

4:39 AM,45.0°F,38.5°F,42.1°F,90%,29.85in,3.0mi,East,13.8mph,21.9mph,0.14in,Rain,Rain

4:41 AM,45.0°F,38.2°F,42.1°F,90%,29.84in,2.5mi,ENE,15.0mph,21.9mph,0.14in,Rain,Heavy Rain

4:51 AM,45.0°F,37.6°F,42.1°F,90%,29.82in,1.5mi,ENE,17.3mph,25.3mph,0.20in,Rain,Heavy Rain

5:02 AM,45.0°F,37.6°F,42.1°F,90%,29.84in,1.8mi,ENE,17.3mph,23.0mph,0.07in,Rain,Heavy Rain

5:37 AM,45.0°F,37.4°F,42.1°F,90%,29.78in,3.0mi,ENE,18.4mph,29.9mph,0.26in,Rain,Light Rain

5:46 AM,44.6°F,39.7°F,42.8°F,93%,29.80in,1.8mi,East,9.2mph,23.0mph,0.29in,Rain,Heavy Rain

5:51 AM,45.0°F,39.3°F,42.1°F,90%,29.76in,1.8mi,ENE,11.5mph,21.9mph,0.32in,Rain,Rain

6:01 AM,45.0°F,38.5°F,42.1°F,90%,29.76in,2.0mi,ENE,13.8mph,26.5mph,0.04in,Rain,Rain

6:29 AM,45.0°F,38.5°F,43.0°F,93%,29.73in,3.0mi,ENE,13.8mph,23.0mph,0.12in,Rain,Rain

6:48 AM,44.6°F,39.2°F,42.8°F,93%,29.72in,2.0mi,East,10.4mph,19.6mph,0.19in,Rain,Heavy Rain

6:51 AM,46.0°F,41.0°F,43.0°F,89%,29.69in,1.8mi,East,10.4mph,19.6mph,0.20in,Rain,Heavy Rain

7:51 AM,48.0°F,  -,45.0°F,89%,29.60in,1.2mi,East,11.5mph,19.6mph,0.47in,Rain,Heavy Rain

8:13 AM,48.9°F,  -,46.9°F,93%,29.60in,0.8mi,NNE,4.6mph,21.9mph,0.24in,Rain,Heavy Rain

8:21 AM,48.9°F,  -,46.9°F,93%,29.60in,1.0mi,ENE,4.6mph,  -,0.38in,Rain,Heavy Rain

8:42 AM,50.0°F,  -,46.9°F,89%,29.61in,3.0mi,WNW,6.9mph,  -,0.46in,Rain,Light Rain

8:51 AM,50.0°F,  -,48.9°F,96%,29.58in,5.0mi,Variable,4.6mph,  -,0.46in,Rain,Light Rain

9:51 AM,57.0°F,  -,55.0°F,93%,29.55in,5.0mi,Variable,5.8mph,  -,0.01in,	,Overcast

10:45 AM,57.2°F,  -,55.4°F,94%,29.52in,1.8mi,South,11.5mph,24.2mph,0.00in,Rain,Light Rain

10:51 AM,57.0°F,  -,55.0°F,93%,29.51in,1.8mi,South,8.1mph,24.2mph,0.01in,Rain,Light Rain

11:05 AM,57.0°F,  -,55.0°F,93%,29.50in,3.0mi,Variable,6.9mph,  -,0.02in,Rain,Light Rain

11:31 AM,57.0°F,  -,55.0°F,93%,29.47in,2.5mi,South,9.2mph,  -,0.02in,	,Overcast

11:51 AM,57.0°F,  -,55.0°F,93%,29.43in,2.5mi,South,8.1mph,17.3mph,0.02in,Rain,Light Rain

12:04 PM,57.0°F,  -,55.0°F,93%,29.45in,2.5mi,South,8.1mph,17.3mph,0.01in,Rain,Light Rain

12:12 PM,57.0°F,  -,55.0°F,93%,29.44in,1.5mi,Variable,5.8mph,  -,0.03in,Rain,Light Rain

12:18 PM,57.0°F,  -,55.0°F,93%,29.43in,3.0mi,South,6.9mph,  -,0.03in,Rain,Light Rain

12:51 PM,57.9°F,  -,55.0°F,90%,29.38in,4.0mi,South,8.1mph,17.3mph,0.03in,	,Overcast

1:51 PM,59.0°F,  -,55.9°F,90%,29.33in,7.0mi,South,6.9mph,  -,N/A,	,Overcast

2:12 PM,59.0°F,  -,55.0°F,87%,29.35in,7.0mi,South,6.9mph,  -,N/A,	,Overcast

2:51 PM,57.0°F,  -,54.0°F,89%,29.30in,5.0mi,Variable,3.5mph,19.6mph,N/A,	,Overcast

3:08 PM,57.0°F,  -,54.0°F,89%,29.31in,5.0mi,South,8.1mph,  -,N/A,	,Overcast

3:26 PM,57.0°F,  -,53.1°F,87%,29.31in,7.0mi,Variable,5.8mph,  -,N/A,	,Scattered Clouds

3:51 PM,57.0°F,  -,53.1°F,87%,29.28in,3.0mi,South,12.7mph,24.2mph,0.01in,Rain,Light Rain

4:51 PM,57.0°F,  -,44.1°F,62%,29.33in,10.0mi,West,9.2mph,17.3mph,0.02in,	,Mostly Cloudy

5:51 PM,55.9°F,  -,43.0°F,62%,29.35in,10.0mi,West,8.1mph,  -,N/A,	,Partly Cloudy

6:51 PM,55.0°F,  -,39.9°F,57%,29.38in,10.0mi,WSW,8.1mph,25.3mph,N/A,	,Clear

7:51 PM,52.0°F,  -,37.0°F,57%,29.42in,10.0mi,West,8.1mph,25.3mph,N/A,	,Overcast

8:51 PM,46.9°F,  -,30.0°F,52%,29.46in,10.0mi,Variable,6.9mph,20.7mph,N/A,	,Partly Cloudy

9:51 PM,43.0°F,35.7°F,25.0°F,49%,29.52in,10.0mi,WNW,15.0mph,27.6mph,N/A,	,Clear

10:51 PM,41.0°F,33.1°F,24.1°F,51%,29.57in,10.0mi,West,15.0mph,32.2mph,N/A,	,Scattered Clouds

11:51 PM,41.0°F,33.9°F,23.0°F,49%,29.60in,10.0mi,WNW,12.7mph,25.3mph,N/A,	,Overcast

