20161021
Time (EDT),Temp.,Dew Point,Humidity,Pressure,Visibility,Wind Dir,Wind Speed,Gust Speed,Precip,Events,Conditions

12:51 AM,68.0°F,64.0°F,87%,29.94in,8.0mi,South,3.5mph,  -,N/A,	,Overcast

1:51 AM,69.1°F,64.9°F,87%,29.92in,8.0mi,Variable,5.8mph,  -,N/A,	,Overcast

2:37 AM,68.0°F,64.9°F,90%,29.93in,9.0mi,North,  -,  -,N/A,	,Mostly Cloudy

2:51 AM,68.0°F,64.9°F,90%,29.90in,9.0mi,Variable,3.5mph,  -,N/A,	,Mostly Cloudy

3:51 AM,68.0°F,64.9°F,90%,29.88in,9.0mi,Variable,3.5mph,  -,N/A,	,Overcast

4:26 AM,68.0°F,64.0°F,87%,29.88in,9.0mi,Variable,3.5mph,  -,N/A,	,Scattered Clouds

4:51 AM,68.0°F,64.0°F,87%,29.86in,9.0mi,Calm,Calm,  -,N/A,	,Partly Cloudy

5:14 AM,66.9°F,64.0°F,90%,29.88in,8.0mi,Variable,3.5mph,  -,N/A,	,Scattered Clouds

5:51 AM,66.9°F,63.0°F,87%,29.85in,9.0mi,SSE,5.8mph,  -,N/A,	,Scattered Clouds

6:51 AM,66.9°F,63.0°F,87%,29.82in,9.0mi,Variable,3.5mph,  -,N/A,	,Mostly Cloudy

7:51 AM,68.0°F,64.0°F,87%,29.80in,8.0mi,Variable,3.5mph,  -,N/A,	,Overcast

7:57 AM,68.0°F,64.0°F,87%,29.83in,7.0mi,Calm,Calm,  -,N/A,	,Overcast

8:06 AM,68.0°F,64.0°F,87%,29.83in,6.0mi,Variable,3.5mph,  -,N/A,	,Overcast

8:51 AM,68.0°F,64.9°F,90%,29.78in,4.0mi,Calm,Calm,  -,0.01in,	,Overcast

9:15 AM,68.0°F,66.0°F,93%,29.79in,1.8mi,Variable,4.6mph,  -,0.00in,Rain,Rain

9:26 AM,68.0°F,66.0°F,93%,29.79in,1.0mi,South,4.6mph,  -,0.05in,Rain,Light Rain

9:35 AM,68.0°F,66.0°F,93%,29.79in,0.8mi,Variable,3.5mph,  -,0.11in,Rain,Rain

9:51 AM,68.0°F,66.0°F,93%,29.76in,0.5mi,Variable,4.6mph,  -,0.30in,Fog,	,

Rain,Heavy Rain,10:14 AM,66.9°F,66.0°F,97%,29.77in,1.5mi,Variable,5.8mph,  -,0.15in

Rain,Rain,10:51 AM,68.0°F,66.0°F,93%,29.74in,1.5mi,Calm,Calm,  -,0.26in

Rain,Light Rain,11:01 AM,68.0°F,66.0°F,93%,29.76in,1.5mi,Variable,3.5mph,  -,0.01in

Rain,Rain,11:21 AM,68.0°F,66.0°F,93%,29.76in,1.5mi,South,6.9mph,  -,0.06in

Rain,Light Rain,11:29 AM,68.0°F,66.0°F,93%,29.75in,1.5mi,Variable,3.5mph,  -,0.07in

Rain,Light Rain,11:51 AM,66.9°F,66.0°F,97%,29.72in,1.0mi,South,4.6mph,  -,0.13in

Rain,Rain,12:51 PM,66.9°F,66.0°F,97%,29.68in,1.2mi,SW,3.5mph,  -,0.16in

Rain,Rain,12:59 PM,66.9°F,64.9°F,93%,29.70in,1.2mi,Variable,5.8mph,  -,0.03in

Rain,Rain,1:09 PM,66.9°F,66.0°F,97%,29.70in,1.2mi,North,  -,  -,0.06in

Rain,Light Rain,1:39 PM,66.9°F,64.9°F,93%,29.68in,1.5mi,Variable,3.5mph,  -,0.14in

Rain,Light Rain,1:47 PM,66.2°F,64.4°F,94%,29.68in,2.5mi,Calm,Calm,  -,0.14in

Rain,Light Rain,1:51 PM,66.9°F,64.9°F,93%,29.65in,2.5mi,Calm,Calm,  -,0.15in

Rain,Light Rain,2:09 PM,68.0°F,66.0°F,93%,29.66in,3.0mi,Calm,Calm,  -,0.01in

Rain,Light Rain,2:15 PM,68.0°F,66.0°F,93%,29.66in,1.8mi,Calm,Calm,  -,0.02in

Rain,Light Rain,2:25 PM,66.9°F,66.0°F,97%,29.65in,3.0mi,Variable,4.6mph,  -,0.03in

Rain,Light Rain,2:34 PM,68.0°F,66.0°F,93%,29.65in,2.5mi,Calm,Calm,  -,0.05in

Rain,Light Rain,2:39 PM,68.0°F,66.0°F,93%,29.65in,5.0mi,Calm,Calm,  -,0.05in

Rain,Light Rain,2:51 PM,68.0°F,66.9°F,96%,29.61in,9.0mi,Calm,Calm,  -,0.05in

	,Overcast,3:02 PM,68.0°F,66.0°F,93%,29.63in,7.0mi,Variable,6.9mph,  -,N/A

	,Overcast,3:35 PM,68.0°F,66.0°F,93%,29.61in,10.0mi,Calm,Calm,  -,N/A

	,Overcast,3:51 PM,69.1°F,66.0°F,90%,29.57in,9.0mi,Calm,Calm,  -,N/A

	,Mostly Cloudy,4:07 PM,69.1°F,64.9°F,87%,29.58in,8.0mi,ENE,3.5mph,  -,N/A

	,Mostly Cloudy,4:32 PM,68.0°F,66.0°F,93%,29.57in,7.0mi,Variable,3.5mph,  -,N/A

	,Mostly Cloudy,4:51 PM,68.0°F,66.0°F,93%,29.52in,7.0mi,Variable,4.6mph,  -,N/A

	,Mostly Cloudy,5:51 PM,66.9°F,64.9°F,93%,29.52in,4.0mi,Calm,Calm,  -,N/A

	,Clear,6:22 PM,66.9°F,64.0°F,90%,29.53in,8.0mi,Calm,Calm,  -,N/A

	,Mostly Cloudy,6:51 PM,66.9°F,64.9°F,93%,29.50in,8.0mi,Calm,Calm,  -,N/A

	,Mostly Cloudy,7:51 PM,66.0°F,64.0°F,93%,29.48in,5.0mi,Calm,Calm,  -,N/A

	,Mostly Cloudy,8:06 PM,66.0°F,64.0°F,93%,29.50in,7.0mi,ENE,3.5mph,  -,N/A

	,Scattered Clouds,8:12 PM,66.0°F,64.0°F,93%,29.50in,7.0mi,ENE,4.6mph,  -,N/A

	,Mostly Cloudy,8:51 PM,66.0°F,64.0°F,93%,29.47in,5.0mi,East,3.5mph,  -,N/A

	,Overcast,9:09 PM,66.0°F,63.0°F,90%,29.49in,5.0mi,Calm,Calm,  -,N/A

	,Scattered Clouds,9:25 PM,66.0°F,64.0°F,93%,29.50in,5.0mi,Variable,4.6mph,  -,N/A

	,Mostly Cloudy,9:34 PM,66.0°F,64.0°F,93%,29.49in,5.0mi,ESE,3.5mph,  -,N/A

	,Mostly Cloudy,9:51 PM,66.0°F,64.0°F,93%,29.46in,3.0mi,Calm,Calm,  -,N/A

	,Scattered Clouds,10:09 PM,64.9°F,63.0°F,93%,29.48in,2.5mi,Calm,Calm,  -,N/A

	,Mostly Cloudy,10:24 PM,66.0°F,63.0°F,90%,29.47in,4.0mi,Calm,Calm,  -,N/A

	,Overcast,10:43 PM,66.0°F,64.0°F,93%,29.46in,3.0mi,Variable,3.5mph,  -,N/A

	,Mostly Cloudy,10:51 PM,66.0°F,64.0°F,93%,29.44in,3.0mi,Calm,Calm,  -,N/A

	,Overcast,11:04 PM,66.0°F,64.0°F,93%,29.46in,2.5mi,Calm,Calm,  -,N/A

	,Overcast,11:11 PM,66.0°F,64.0°F,93%,29.45in,5.0mi,Calm,Calm,  -,N/A

	,Overcast,11:26 PM,66.0°F,64.0°F,93%,29.45in,2.5mi,West,10.4mph,  -,0.00in

Rain,Light Rain,11:32 PM,64.9°F,64.0°F,97%,29.45in,1.5mi,NW,10.4mph,16.1mph,0.02in

Rain,Rain,11:41 PM,63.0°F,61.0°F,93%,29.45in,2.0mi,Variable,5.8mph,16.1mph,0.04in

Rain,Light Rain,11:51 PM,62.1°F,60.1°F,93%,29.42in,4.0mi,NW,8.1mph,16.1mph,0.05in

