20160116
Time (EST),Temp.,Windchill,Dew Point,Humidity,Pressure,Visibility,Wind Dir,Wind Speed,Gust Speed,Precip,Events,Conditions

12:51 AM,45.0°F,41.8°F,39.9°F,82%,29.49in,7.0mi,ENE,5.8mph,  -,N/A,	,Overcast

1:06 AM,44.1°F,39.5°F,41.0°F,89%,29.51in,4.0mi,ENE,8.1mph,  -,0.00in,Rain,Light Rain

1:48 AM,44.6°F,40.2°F,39.2°F,81%,29.49in,4.0mi,East,8.1mph,  -,0.01in,Rain,Rain

1:51 AM,44.1°F,39.0°F,39.9°F,85%,29.46in,3.0mi,ENE,9.2mph,  -,0.01in,Rain,Rain

1:58 AM,43.0°F,37.7°F,39.9°F,89%,29.48in,2.0mi,East,9.2mph,  -,0.02in,Rain,Rain

2:16 AM,42.1°F,35.2°F,39.0°F,89%,29.47in,2.5mi,ENE,12.7mph,18.4mph,0.06in,Rain,Rain

2:25 AM,42.1°F,35.2°F,39.0°F,89%,29.46in,3.0mi,ENE,12.7mph,  -,0.08in,Rain,Rain

2:48 AM,42.8°F,38.6°F,39.2°F,87%,29.44in,4.0mi,ENE,6.9mph,  -,0.12in,Rain,Light Rain

2:51 AM,42.1°F,37.7°F,39.0°F,89%,29.42in,4.0mi,ENE,6.9mph,  -,0.12in,Rain,Light Rain

3:51 AM,43.0°F,38.8°F,39.0°F,86%,29.39in,7.0mi,ENE,6.9mph,  -,0.02in,Rain,Light Rain

4:51 AM,43.0°F,41.3°F,39.0°F,86%,29.37in,6.0mi,Variable,3.5mph,  -,0.04in,Rain,Light Rain

5:51 AM,43.0°F,41.3°F,39.0°F,86%,29.35in,10.0mi,Variable,3.5mph,  -,0.01in,	,Mostly Cloudy

6:51 AM,43.0°F,38.2°F,39.0°F,86%,29.39in,7.0mi,WNW,8.1mph,  -,0.01in,Rain,Light Rain

7:51 AM,43.0°F,41.3°F,39.0°F,86%,29.42in,6.0mi,Variable,3.5mph,  -,0.02in,Rain,Light Rain

8:10 AM,43.0°F,40.3°F,39.0°F,86%,29.46in,5.0mi,Variable,4.6mph,  -,0.01in,Rain,Light Rain

8:17 AM,43.0°F,  -,39.9°F,89%,29.46in,6.0mi,Calm,Calm,  -,0.01in,Rain,Light Rain

8:47 AM,42.8°F,  -,39.2°F,87%,29.48in,8.0mi,Calm,Calm,  -,0.01in,	,Overcast

8:51 AM,43.0°F,40.3°F,39.9°F,89%,29.47in,8.0mi,Variable,4.6mph,  -,0.01in,	,Overcast

9:43 AM,44.1°F,40.8°F,39.0°F,82%,29.52in,9.0mi,WNW,5.8mph,  -,N/A,	,Overcast

9:51 AM,44.1°F,41.5°F,39.0°F,82%,29.49in,9.0mi,NW,4.6mph,  -,N/A,	,Overcast

10:51 AM,45.0°F,40.6°F,39.0°F,80%,29.50in,10.0mi,WNW,8.1mph,  -,N/A,	,Overcast

11:51 AM,46.9°F,  -,39.0°F,74%,29.49in,10.0mi,WNW,9.2mph,16.1mph,N/A,	,Overcast

12:11 PM,48.0°F,  -,37.9°F,68%,29.51in,10.0mi,WNW,10.4mph,18.4mph,N/A,	,Scattered Clouds

12:51 PM,50.0°F,  -,37.9°F,63%,29.49in,10.0mi,North,  -,  -,N/A,	,Partly Cloudy

1:51 PM,50.0°F,  -,35.1°F,57%,29.51in,10.0mi,WNW,12.7mph,20.7mph,N/A,	,Overcast

2:51 PM,51.1°F,  -,33.1°F,50%,29.53in,10.0mi,Variable,5.8mph,  -,N/A,	,Overcast

3:51 PM,50.0°F,  -,32.0°F,50%,29.57in,10.0mi,WNW,8.1mph,21.9mph,N/A,	,Overcast

4:51 PM,50.0°F,  -,33.1°F,52%,29.61in,10.0mi,WNW,10.4mph,21.9mph,N/A,	,Overcast

5:51 PM,46.9°F,  -,30.0°F,52%,29.66in,10.0mi,WNW,6.9mph,  -,N/A,	,Overcast

6:51 PM,46.0°F,42.5°F,30.0°F,54%,29.69in,10.0mi,Variable,6.9mph,  -,N/A,	,Overcast

7:51 PM,46.0°F,43.9°F,30.9°F,56%,29.72in,10.0mi,Variable,4.6mph,  -,N/A,	,Overcast

8:51 PM,45.0°F,41.2°F,28.9°F,53%,29.73in,10.0mi,West,6.9mph,  -,N/A,	,Overcast

9:51 PM,44.1°F,41.5°F,28.9°F,55%,29.74in,10.0mi,Variable,4.6mph,  -,N/A,	,Scattered Clouds

10:51 PM,43.0°F,37.2°F,28.9°F,58%,29.75in,10.0mi,West,10.4mph,  -,N/A,	,Overcast

11:51 PM,42.1°F,40.2°F,28.9°F,60%,29.76in,10.0mi,West,3.5mph,  -,N/A,	,Overcast

