20160304
Time (EST),Temp.,Windchill,Dew Point,Humidity,Pressure,Visibility,Wind Dir,Wind Speed,Gust Speed,Precip,Events,Conditions

12:51 AM,33.1°F,  -,19.9°F,59%,30.17in,7.0mi,Calm,Calm,  -,N/A,	,Overcast

1:29 AM,32.0°F,  -,23.0°F,69%,30.18in,6.0mi,Calm,Calm,  -,N/A,	,Haze

1:51 AM,32.0°F,  -,25.0°F,75%,30.16in,4.0mi,Calm,Calm,  -,N/A,	,Haze

2:31 AM,30.9°F,  -,25.0°F,79%,30.18in,2.0mi,Calm,Calm,  -,0.00in,Snow,Light Snow

2:44 AM,30.9°F,27.5°F,26.1°F,82%,30.17in,1.2mi,North,3.5mph,  -,0.01in,Snow,Light Snow

2:51 AM,30.9°F,26.2°F,26.1°F,82%,30.15in,1.0mi,North,4.6mph,  -,0.01in,Snow,Light Snow

3:26 AM,30.9°F,26.2°F,27.0°F,85%,30.16in,1.8mi,NE,4.6mph,  -,0.02in,Snow,Light Snow

3:47 AM,30.2°F,25.4°F,26.6°F,86%,30.15in,2.5mi,Variable,4.6mph,  -,0.02in,Snow,Light Snow

3:51 AM,30.9°F,22.8°F,26.1°F,82%,30.13in,2.5mi,ENE,9.2mph,  -,0.02in,Snow,Light Snow

3:57 AM,30.9°F,26.2°F,26.1°F,82%,30.15in,1.8mi,ENE,4.6mph,  -,0.00in,Snow,Light Snow

4:10 AM,30.9°F,  -,26.1°F,82%,30.15in,1.0mi,Calm,Calm,  -,0.01in,Snow,Light Snow

4:39 AM,30.9°F,25.2°F,26.1°F,82%,30.14in,1.0mi,Variable,5.8mph,  -,0.03in,Snow,Light Snow

4:46 AM,30.0°F,23.2°F,25.0°F,82%,30.12in,1.2mi,Variable,6.9mph,  -,0.03in,Snow,Light Snow

4:53 AM,30.9°F,25.2°F,26.1°F,82%,30.14in,1.0mi,ENE,5.8mph,  -,0.00in,Snow,Light Snow

5:02 AM,30.0°F,21.7°F,26.1°F,85%,30.14in,2.0mi,ENE,9.2mph,  -,0.00in,Snow,Light Snow

5:07 AM,30.9°F,24.3°F,26.1°F,82%,30.14in,2.5mi,ENE,6.9mph,  -,0.00in,Snow,Light Snow

5:14 AM,30.9°F,23.5°F,26.1°F,82%,30.14in,2.5mi,ENE,8.1mph,  -,0.00in,Snow,Light Snow

5:28 AM,30.0°F,21.7°F,25.0°F,82%,30.14in,1.8mi,ENE,9.2mph,  -,0.01in,Snow,Light Snow

5:42 AM,30.0°F,21.1°F,25.0°F,82%,30.14in,2.0mi,ENE,10.4mph,  -,0.01in,Snow,Light Snow

5:51 AM,30.0°F,20.0°F,25.0°F,82%,30.12in,2.5mi,ENE,12.7mph,18.4mph,0.01in,Snow,Light Snow

6:06 AM,30.0°F,22.4°F,24.1°F,79%,30.15in,2.5mi,ENE,8.1mph,  -,0.00in,Snow,Light Snow

6:18 AM,30.0°F,23.2°F,25.0°F,82%,30.15in,2.0mi,Variable,6.9mph,  -,0.00in,Snow,Light Snow

6:47 AM,30.2°F,23.4°F,24.8°F,80%,30.16in,1.8mi,East,6.9mph,18.4mph,0.00in,Snow,Light Snow

6:51 AM,30.0°F,21.7°F,24.1°F,79%,30.14in,1.5mi,NE,9.2mph,  -,0.00in,Snow,Light Snow

7:16 AM,30.0°F,22.4°F,24.1°F,79%,30.17in,3.0mi,East,8.1mph,  -,0.00in,	,Haze

7:38 AM,30.9°F,23.5°F,24.1°F,76%,30.17in,2.5mi,East,8.1mph,  -,0.00in,	,Haze

7:48 AM,30.2°F,21.3°F,24.8°F,80%,30.16in,1.0mi,ENE,10.4mph,  -,0.00in,Snow,Light Snow

7:51 AM,30.9°F,24.3°F,25.0°F,79%,30.15in,1.0mi,ENE,6.9mph,  -,0.00in,Snow,Light Snow

7:58 AM,30.0°F,23.2°F,25.0°F,82%,30.17in,0.8mi,Variable,6.9mph,  -,0.01in,Snow,Light Snow

8:51 AM,30.0°F,20.0°F,25.0°F,82%,30.14in,0.8mi,ENE,12.7mph,18.4mph,0.02in,Snow,Light Snow

9:15 AM,30.0°F,22.4°F,25.0°F,82%,30.16in,1.2mi,NE,8.1mph,  -,0.01in,Snow,Light Snow

9:25 AM,30.0°F,22.4°F,25.0°F,82%,30.15in,1.5mi,ENE,8.1mph,  -,0.01in,Snow,Light Snow

9:43 AM,30.0°F,20.5°F,25.0°F,82%,30.15in,0.8mi,ENE,11.5mph,17.3mph,0.01in,Snow,Light Snow

9:51 AM,30.0°F,20.0°F,25.0°F,82%,30.13in,0.8mi,NE,12.7mph,20.7mph,0.01in,Snow,Light Snow

10:06 AM,30.0°F,21.1°F,24.1°F,79%,30.14in,1.5mi,NE,10.4mph,21.9mph,0.00in,Snow,Light Snow

10:16 AM,30.0°F,20.0°F,24.1°F,79%,30.14in,2.5mi,NE,12.7mph,19.6mph,0.00in,	,Haze

10:28 AM,30.9°F,22.8°F,25.0°F,79%,30.13in,1.2mi,ENE,9.2mph,  -,0.00in,Snow,Light Snow

10:43 AM,30.0°F,21.7°F,25.0°F,82%,30.13in,0.8mi,NE,9.2mph,  -,0.01in,Snow,Light Snow

10:51 AM,30.0°F,20.5°F,25.0°F,82%,30.11in,0.8mi,NE,11.5mph,19.6mph,0.01in,Snow,Light Snow

11:04 AM,30.9°F,25.2°F,25.0°F,79%,30.13in,1.2mi,ENE,5.8mph,18.4mph,0.00in,Snow,Light Snow

11:18 AM,30.9°F,21.7°F,25.0°F,79%,30.12in,2.5mi,NE,11.5mph,18.4mph,0.00in,Snow,Light Snow

11:26 AM,30.9°F,22.2°F,24.1°F,76%,30.12in,4.0mi,ENE,10.4mph,17.3mph,0.00in,	,Haze

11:51 AM,32.0°F,23.6°F,25.0°F,75%,30.09in,10.0mi,NE,10.4mph,21.9mph,0.00in,	,Overcast

12:51 PM,34.0°F,25.5°F,24.1°F,67%,30.05in,10.0mi,NE,11.5mph,18.4mph,N/A,	,Overcast

1:51 PM,35.1°F,28.6°F,23.0°F,61%,30.03in,10.0mi,NNE,8.1mph,18.4mph,N/A,	,Overcast

2:22 PM,36.0°F,28.0°F,21.9°F,57%,30.04in,10.0mi,NE,11.5mph,21.9mph,N/A,	,Overcast

2:51 PM,37.0°F,29.8°F,21.0°F,52%,30.01in,10.0mi,NE,10.4mph,19.6mph,N/A,	,Overcast

3:51 PM,39.0°F,32.3°F,21.0°F,49%,30.00in,10.0mi,NNE,10.4mph,19.6mph,N/A,	,Clear

4:51 PM,39.0°F,31.8°F,19.0°F,45%,30.00in,10.0mi,NE,11.5mph,19.6mph,N/A,	,Clear

5:51 PM,37.9°F,30.9°F,18.0°F,45%,30.01in,10.0mi,North,10.4mph,17.3mph,N/A,	,Clear

6:51 PM,37.0°F,31.0°F,17.1°F,44%,30.02in,10.0mi,North,8.1mph,  -,N/A,	,Clear

7:51 PM,36.0°F,29.0°F,16.0°F,44%,30.04in,10.0mi,NNE,9.2mph,  -,N/A,	,Clear

8:51 PM,35.1°F,29.3°F,17.1°F,48%,30.05in,10.0mi,Variable,6.9mph,  -,N/A,	,Clear

9:51 PM,34.0°F,26.0°F,15.1°F,46%,30.07in,10.0mi,NNE,10.4mph,19.6mph,N/A,	,Clear

10:51 PM,34.0°F,26.6°F,14.0°F,44%,30.09in,10.0mi,NNE,9.2mph,  -,N/A,	,Clear

11:51 PM,33.1°F,26.1°F,15.1°F,48%,30.10in,10.0mi,North,8.1mph,  -,N/A,	,Clear

