20160609
Time (EDT),Temp.,Dew Point,Humidity,Pressure,Visibility,Wind Dir,Wind Speed,Gust Speed,Precip,Events,Conditions

12:51 AM,57.9°F,42.1°F,56%,29.81in,10.0mi,WNW,4.6mph,  -,N/A,	,Overcast

1:51 AM,57.0°F,41.0°F,55%,29.80in,10.0mi,North,  -,  -,N/A,	,Partly Cloudy

2:51 AM,55.9°F,42.1°F,60%,29.81in,10.0mi,Variable,4.6mph,  -,N/A,	,Partly Cloudy

3:51 AM,55.9°F,39.9°F,55%,29.81in,10.0mi,Variable,4.6mph,  -,N/A,	,Clear

4:51 AM,55.0°F,39.9°F,57%,29.81in,10.0mi,WNW,10.4mph,20.7mph,N/A,	,Clear

5:51 AM,54.0°F,39.9°F,59%,29.83in,10.0mi,WNW,12.7mph,23.0mph,N/A,	,Clear

6:51 AM,54.0°F,39.9°F,59%,29.83in,10.0mi,West,8.1mph,23.0mph,N/A,	,Clear

7:51 AM,55.0°F,39.0°F,55%,29.85in,10.0mi,WNW,15.0mph,24.2mph,N/A,	,Clear

8:35 AM,55.9°F,39.0°F,53%,29.88in,10.0mi,Variable,6.9mph,24.2mph,N/A,	,Partly Cloudy

8:51 AM,57.0°F,39.0°F,51%,29.85in,9.0mi,North,  -,  -,N/A,	,Partly Cloudy

9:51 AM,59.0°F,37.9°F,46%,29.84in,9.0mi,NW,11.5mph,26.5mph,N/A,	,Clear

10:51 AM,62.1°F,39.0°F,43%,29.84in,9.0mi,West,13.8mph,20.7mph,N/A,	,Scattered Clouds

11:51 AM,64.9°F,37.9°F,37%,29.83in,9.0mi,WNW,10.4mph,20.7mph,N/A,	,Clear

12:48 PM,66.2°F,35.6°F,32%,29.85in,9.0mi,West,10.4mph,21.9mph,N/A,	,Partly Cloudy

12:51 PM,66.9°F,37.0°F,33%,29.82in,9.0mi,WNW,9.2mph,21.9mph,N/A,	,Partly Cloudy

1:51 PM,66.9°F,37.9°F,34%,29.81in,9.0mi,WNW,13.8mph,28.8mph,N/A,	,Clear

2:35 PM,69.1°F,37.9°F,32%,29.82in,9.0mi,NW,9.2mph,25.3mph,N/A,	,Partly Cloudy

2:51 PM,69.1°F,37.9°F,32%,29.80in,9.0mi,West,15.0mph,26.5mph,N/A,	,Clear

3:47 PM,69.8°F,37.4°F,31%,29.82in,9.0mi,WNW,12.7mph,29.9mph,N/A,	,Partly Cloudy

3:51 PM,70.0°F,37.9°F,31%,29.79in,9.0mi,WNW,10.4mph,29.9mph,N/A,	,Partly Cloudy

4:51 PM,71.1°F,35.1°F,27%,29.79in,9.0mi,NW,9.2mph,27.6mph,N/A,	,Clear

5:10 PM,71.1°F,36.0°F,28%,29.82in,10.0mi,West,16.1mph,27.6mph,N/A,	,Partly Cloudy

5:51 PM,71.1°F,35.1°F,27%,29.79in,10.0mi,Variable,5.8mph,27.6mph,N/A,	,Clear

6:51 PM,70.0°F,34.0°F,27%,29.80in,10.0mi,NW,10.4mph,24.2mph,N/A,	,Clear

7:51 PM,69.1°F,36.0°F,30%,29.82in,10.0mi,Variable,5.8mph,  -,N/A,	,Clear

8:51 PM,66.9°F,36.0°F,32%,29.84in,10.0mi,WNW,9.2mph,18.4mph,N/A,	,Clear

9:14 PM,66.9°F,36.0°F,32%,29.88in,10.0mi,North,  -,  -,N/A,	,Partly Cloudy

9:51 PM,66.0°F,34.0°F,30%,29.88in,10.0mi,Variable,6.9mph,  -,N/A,	,Partly Cloudy

10:51 PM,64.0°F,35.1°F,34%,29.90in,10.0mi,Variable,4.6mph,  -,N/A,	,Clear

11:51 PM,63.0°F,36.0°F,37%,29.93in,10.0mi,Variable,3.5mph,  -,N/A,	,Clear

