20161219
Time (EST),Temp.,Windchill,Dew Point,Humidity,Pressure,Visibility,Wind Dir,Wind Speed,Gust Speed,Precip,Events,Conditions

12:51 AM,30.9°F,  -,12.9°F,47%,30.49in,10.0mi,North,  -,  -,N/A,	,Clear

1:51 AM,30.0°F,  -,10.9°F,45%,30.51in,10.0mi,North,  -,  -,N/A,	,Clear

2:51 AM,28.9°F,22.8°F,8.1°F,41%,30.54in,10.0mi,Variable,5.8mph,  -,N/A,	,Clear

3:51 AM,28.0°F,24.2°F,8.1°F,43%,30.58in,10.0mi,Variable,3.5mph,  -,N/A,	,Clear

4:51 AM,27.0°F,  -,10.0°F,49%,30.62in,10.0mi,North,  -,  -,N/A,	,Clear

5:51 AM,26.1°F,18.4°F,12.0°F,55%,30.65in,10.0mi,Variable,6.9mph,  -,N/A,	,Clear

6:51 AM,25.0°F,16.3°F,10.9°F,55%,30.69in,10.0mi,NNW,8.1mph,17.3mph,N/A,	,Clear

7:51 AM,24.1°F,16.0°F,10.0°F,55%,30.70in,10.0mi,Variable,6.9mph,  -,N/A,	,Clear

8:51 AM,24.1°F,13.7°F,9.0°F,53%,30.73in,10.0mi,ENE,10.4mph,16.1mph,N/A,	,Clear

9:51 AM,25.0°F,18.1°F,7.0°F,46%,30.74in,10.0mi,ENE,5.8mph,  -,N/A,	,Clear

10:51 AM,26.1°F,15.0°F,6.1°F,43%,30.73in,10.0mi,North,12.7mph,16.1mph,N/A,	,Clear

11:51 AM,27.0°F,17.3°F,5.0°F,39%,30.70in,10.0mi,NE,10.4mph,  -,N/A,	,Clear

12:51 PM,28.0°F,20.0°F,3.9°F,36%,30.69in,10.0mi,ENE,8.1mph,  -,N/A,	,Clear

1:51 PM,28.0°F,22.8°F,3.9°F,36%,30.68in,10.0mi,Variable,4.6mph,  -,N/A,	,Clear

2:51 PM,28.0°F,22.8°F,3.9°F,36%,30.68in,10.0mi,Variable,4.6mph,  -,N/A,	,Clear

3:51 PM,27.0°F,19.5°F,3.0°F,36%,30.69in,10.0mi,Variable,6.9mph,  -,N/A,	,Clear

4:51 PM,26.1°F,19.4°F,3.0°F,37%,30.69in,10.0mi,Variable,5.8mph,  -,N/A,	,Clear

5:51 PM,26.1°F,19.4°F,5.0°F,41%,30.69in,10.0mi,Variable,5.8mph,  -,N/A,	,Clear

6:51 PM,26.1°F,17.6°F,5.0°F,41%,30.70in,10.0mi,NE,8.1mph,  -,N/A,	,Clear

7:51 PM,25.0°F,17.1°F,3.9°F,41%,30.69in,10.0mi,Variable,6.9mph,  -,N/A,	,Clear

8:51 PM,25.0°F,19.3°F,5.0°F,43%,30.68in,10.0mi,Variable,4.6mph,  -,N/A,	,Clear

9:51 PM,25.0°F,18.1°F,7.0°F,46%,30.68in,10.0mi,NE,5.8mph,  -,N/A,	,Clear

10:51 PM,24.1°F,15.2°F,5.0°F,44%,30.68in,10.0mi,NE,8.1mph,  -,N/A,	,Clear

11:51 PM,23.0°F,17.0°F,6.1°F,48%,30.67in,10.0mi,Variable,4.6mph,  -,N/A,	,Clear

