20161002
Time (EDT),Temp.,Dew Point,Humidity,Pressure,Visibility,Wind Dir,Wind Speed,Gust Speed,Precip,Events,Conditions

12:51 AM,57.9°F,55.0°F,90%,30.13in,7.0mi,Calm,Calm,  -,N/A,	,Overcast

1:51 AM,57.9°F,55.0°F,90%,30.14in,9.0mi,Variable,3.5mph,  -,N/A,	,Overcast

2:51 AM,57.9°F,54.0°F,87%,30.14in,9.0mi,Variable,4.6mph,  -,N/A,	,Overcast

3:51 AM,57.0°F,54.0°F,89%,30.12in,5.0mi,Variable,3.5mph,  -,N/A,	,Overcast

4:51 AM,57.0°F,53.1°F,87%,30.12in,10.0mi,Variable,4.6mph,  -,N/A,	,Overcast

5:51 AM,57.0°F,53.1°F,87%,30.11in,8.0mi,Variable,4.6mph,  -,N/A,	,Overcast

6:51 AM,57.0°F,53.1°F,87%,30.12in,10.0mi,ENE,5.8mph,  -,N/A,	,Overcast

7:51 AM,57.0°F,53.1°F,87%,30.13in,10.0mi,North,4.6mph,  -,N/A,	,Overcast

8:51 AM,57.0°F,53.1°F,87%,30.13in,9.0mi,East,5.8mph,  -,N/A,	,Overcast

9:51 AM,59.0°F,54.0°F,83%,30.12in,10.0mi,East,5.8mph,  -,N/A,	,Overcast

10:51 AM,60.1°F,55.0°F,83%,30.11in,10.0mi,Variable,3.5mph,  -,N/A,	,Overcast

11:51 AM,61.0°F,55.0°F,81%,30.10in,10.0mi,North,4.6mph,  -,N/A,	,Overcast

12:51 PM,61.0°F,55.0°F,81%,30.09in,9.0mi,Variable,3.5mph,  -,N/A,	,Overcast

1:51 PM,62.1°F,55.9°F,80%,30.07in,8.0mi,Calm,Calm,  -,N/A,	,Overcast

2:51 PM,62.1°F,57.0°F,84%,30.06in,8.0mi,Variable,3.5mph,  -,N/A,	,Overcast

3:51 PM,62.1°F,57.0°F,84%,30.05in,8.0mi,ENE,4.6mph,  -,N/A,	,Overcast

4:39 PM,62.1°F,57.0°F,84%,30.07in,8.0mi,ENE,3.5mph,  -,N/A,	,Overcast

4:51 PM,62.1°F,57.0°F,84%,30.04in,8.0mi,Calm,Calm,  -,N/A,	,Overcast

5:51 PM,63.0°F,57.9°F,84%,30.05in,8.0mi,Calm,Calm,  -,N/A,	,Overcast

6:15 PM,63.0°F,57.9°F,84%,30.07in,8.0mi,Calm,Calm,  -,N/A,	,Overcast

6:37 PM,62.1°F,57.9°F,86%,30.07in,9.0mi,Calm,Calm,  -,N/A,	,Overcast

6:51 PM,62.1°F,57.9°F,86%,30.04in,9.0mi,Calm,Calm,  -,N/A,	,Overcast

7:22 PM,63.0°F,57.0°F,81%,30.07in,9.0mi,Calm,Calm,  -,N/A,	,Overcast

7:51 PM,63.0°F,57.9°F,84%,30.05in,8.0mi,Calm,Calm,  -,N/A,	,Overcast

8:40 PM,62.1°F,57.9°F,86%,30.07in,7.0mi,Calm,Calm,  -,N/A,	,Overcast

8:48 PM,62.6°F,57.2°F,82%,30.07in,7.0mi,Calm,Calm,  -,N/A,	,Overcast

8:51 PM,62.1°F,57.9°F,86%,30.04in,7.0mi,Calm,Calm,  -,N/A,	,Overcast

9:51 PM,63.0°F,57.9°F,84%,30.04in,8.0mi,Calm,Calm,  -,N/A,	,Overcast

10:51 PM,63.0°F,59.0°F,87%,30.03in,8.0mi,Calm,Calm,  -,N/A,	,Overcast

11:37 PM,63.0°F,57.9°F,84%,30.05in,7.0mi,Calm,Calm,  -,N/A,	,Overcast

11:51 PM,63.0°F,57.9°F,84%,30.02in,7.0mi,Calm,Calm,  -,N/A,	,Overcast

