20161123
Time (EST),Temp.,Windchill,Dew Point,Humidity,Pressure,Visibility,Wind Dir,Wind Speed,Gust Speed,Precip,Events,Conditions

12:51 AM,37.0°F,31.6°F,23.0°F,57%,30.21in,10.0mi,NW,6.9mph,  -,N/A,	,Clear

1:51 AM,36.0°F,29.6°F,23.0°F,59%,30.22in,10.0mi,WNW,8.1mph,  -,N/A,	,Clear

2:51 AM,36.0°F,  -,23.0°F,59%,30.22in,10.0mi,North,  -,  -,N/A,	,Clear

3:51 AM,36.0°F,33.3°F,23.0°F,59%,30.22in,10.0mi,Variable,3.5mph,  -,N/A,	,Clear

4:51 AM,36.0°F,  -,23.0°F,59%,30.24in,10.0mi,Calm,Calm,  -,N/A,	,Clear

5:51 AM,36.0°F,30.3°F,21.9°F,57%,30.25in,10.0mi,WNW,6.9mph,  -,N/A,	,Clear

6:51 AM,35.1°F,27.4°F,21.0°F,57%,30.28in,10.0mi,NW,10.4mph,17.3mph,N/A,	,Clear

7:51 AM,35.1°F,27.9°F,19.9°F,54%,30.29in,10.0mi,NW,9.2mph,  -,N/A,	,Clear

8:51 AM,36.0°F,33.3°F,19.9°F,52%,30.29in,10.0mi,Variable,3.5mph,19.6mph,N/A,	,Clear

9:51 AM,37.0°F,  -,19.0°F,48%,30.30in,10.0mi,North,  -,  -,N/A,	,Clear

10:51 AM,39.0°F,34.8°F,19.0°F,45%,30.28in,10.0mi,Variable,5.8mph,  -,N/A,	,Clear

11:51 AM,41.0°F,  -,19.0°F,41%,30.26in,10.0mi,North,  -,  -,N/A,	,Clear

12:51 PM,42.1°F,39.2°F,19.9°F,41%,30.25in,10.0mi,Variable,4.6mph,  -,N/A,	,Clear

1:51 PM,45.0°F,40.1°F,21.0°F,39%,30.24in,10.0mi,North,9.2mph,16.1mph,N/A,	,Clear

2:51 PM,44.1°F,42.5°F,21.0°F,40%,30.25in,10.0mi,Variable,3.5mph,  -,N/A,	,Clear

3:51 PM,44.1°F,42.5°F,21.0°F,40%,30.25in,10.0mi,Variable,3.5mph,  -,N/A,	,Clear

4:51 PM,43.0°F,41.3°F,21.9°F,43%,30.26in,10.0mi,Variable,3.5mph,  -,N/A,	,Clear

5:51 PM,42.1°F,40.2°F,23.0°F,47%,30.28in,10.0mi,Variable,3.5mph,  -,N/A,	,Clear

6:51 PM,42.1°F,37.7°F,23.0°F,47%,30.29in,10.0mi,North,6.9mph,  -,N/A,	,Clear

7:51 PM,41.0°F,39.0°F,23.0°F,49%,30.29in,10.0mi,Variable,3.5mph,  -,N/A,	,Clear

8:51 PM,41.0°F,  -,23.0°F,49%,30.30in,10.0mi,Calm,Calm,  -,N/A,	,Clear

9:51 PM,41.0°F,38.0°F,24.1°F,51%,30.31in,10.0mi,NNE,4.6mph,  -,N/A,	,Partly Cloudy

10:51 PM,41.0°F,  -,24.1°F,51%,30.31in,10.0mi,Calm,Calm,  -,N/A,	,Overcast

11:51 PM,39.9°F,37.8°F,24.1°F,53%,30.30in,10.0mi,NE,3.5mph,  -,N/A,	,Mostly Cloudy

