20160904
Time (EDT),Temp.,Dew Point,Humidity,Pressure,Visibility,Wind Dir,Wind Speed,Gust Speed,Precip,Events,Conditions

12:51 AM,66.9°F,59.0°F,76%,30.18in,10.0mi,NE,6.9mph,  -,N/A,	,Clear

1:51 AM,66.0°F,57.9°F,75%,30.17in,10.0mi,Variable,4.6mph,  -,N/A,	,Scattered Clouds

2:51 AM,66.0°F,57.9°F,75%,30.17in,10.0mi,NE,5.8mph,  -,N/A,	,Clear

3:51 AM,66.0°F,57.9°F,75%,30.18in,10.0mi,Variable,6.9mph,  -,N/A,	,Clear

4:51 AM,64.9°F,53.1°F,65%,30.18in,10.0mi,Variable,4.6mph,  -,N/A,	,Clear

5:51 AM,64.9°F,51.1°F,61%,30.20in,10.0mi,Variable,6.9mph,  -,N/A,	,Clear

6:51 AM,64.9°F,51.1°F,61%,30.22in,10.0mi,Variable,4.6mph,  -,N/A,	,Clear

7:51 AM,66.0°F,50.0°F,56%,30.23in,10.0mi,NE,10.4mph,  -,N/A,	,Clear

8:51 AM,68.0°F,48.9°F,50%,30.24in,10.0mi,NE,12.7mph,17.3mph,N/A,	,Clear

9:51 AM,69.1°F,51.1°F,53%,30.25in,10.0mi,ENE,12.7mph,17.3mph,N/A,	,Clear

10:51 AM,71.1°F,52.0°F,51%,30.24in,10.0mi,ENE,10.4mph,  -,N/A,	,Clear

11:51 AM,73.9°F,55.0°F,52%,30.25in,10.0mi,Variable,6.9mph,  -,N/A,	,Clear

12:51 PM,77.0°F,55.0°F,47%,30.24in,10.0mi,Variable,3.5mph,  -,N/A,	,Clear

1:51 PM,79.0°F,55.0°F,44%,30.23in,10.0mi,ENE,5.8mph,  -,N/A,	,Clear

2:51 PM,79.0°F,50.0°F,36%,30.22in,10.0mi,East,8.1mph,  -,N/A,	,Clear

3:51 PM,79.0°F,52.0°F,39%,30.21in,10.0mi,Variable,5.8mph,  -,N/A,	,Clear

4:51 PM,78.1°F,53.1°F,42%,30.21in,10.0mi,Variable,6.9mph,  -,N/A,	,Clear

5:51 PM,77.0°F,53.1°F,43%,30.21in,10.0mi,ENE,6.9mph,  -,N/A,	,Clear

6:51 PM,75.9°F,55.0°F,48%,30.21in,10.0mi,ENE,4.6mph,  -,N/A,	,Clear

7:51 PM,73.9°F,55.0°F,52%,30.22in,10.0mi,ENE,5.8mph,  -,N/A,	,Clear

8:51 PM,72.0°F,57.0°F,59%,30.24in,10.0mi,ENE,5.8mph,  -,N/A,	,Clear

9:51 PM,73.0°F,57.0°F,57%,30.24in,10.0mi,Variable,5.8mph,  -,N/A,	,Clear

10:51 PM,72.0°F,54.0°F,53%,30.24in,10.0mi,Variable,5.8mph,  -,N/A,	,Clear

11:51 PM,71.1°F,52.0°F,51%,30.23in,10.0mi,Variable,5.8mph,  -,N/A,	,Clear

