20161117
Time (EST),Temp.,Dew Point,Humidity,Pressure,Visibility,Wind Dir,Wind Speed,Gust Speed,Precip,Events,Conditions

12:51 AM,50.0°F,36.0°F,59%,29.90in,10.0mi,WNW,5.8mph,  -,N/A,	,Clear

1:51 AM,50.0°F,37.0°F,61%,29.91in,10.0mi,Variable,3.5mph,  -,N/A,	,Scattered Clouds

2:51 AM,50.0°F,37.9°F,63%,29.93in,10.0mi,West,3.5mph,  -,N/A,	,Partly Cloudy

3:51 AM,50.0°F,39.9°F,68%,29.93in,10.0mi,Calm,Calm,  -,N/A,	,Clear

4:51 AM,50.0°F,41.0°F,71%,29.94in,10.0mi,WNW,4.6mph,  -,N/A,	,Clear

5:51 AM,50.0°F,41.0°F,71%,29.96in,10.0mi,Calm,Calm,  -,N/A,	,Clear

6:51 AM,50.0°F,41.0°F,71%,29.98in,9.0mi,West,5.8mph,  -,N/A,	,Clear

7:51 AM,51.1°F,41.0°F,68%,30.00in,8.0mi,WNW,5.8mph,  -,N/A,	,Clear

8:51 AM,53.1°F,41.0°F,64%,30.01in,8.0mi,WNW,5.8mph,  -,N/A,	,Clear

9:51 AM,55.9°F,39.9°F,55%,30.01in,9.0mi,WNW,9.2mph,18.4mph,N/A,	,Clear

10:51 AM,59.0°F,41.0°F,51%,30.01in,10.0mi,Variable,3.5mph,  -,N/A,	,Clear

11:51 AM,60.1°F,39.0°F,46%,29.99in,10.0mi,North,8.1mph,  -,N/A,	,Clear

12:51 PM,61.0°F,39.0°F,44%,29.97in,10.0mi,North,9.2mph,18.4mph,N/A,	,Clear

1:51 PM,61.0°F,37.9°F,42%,29.96in,10.0mi,NNW,8.1mph,  -,N/A,	,Clear

2:51 PM,60.1°F,37.9°F,44%,29.98in,10.0mi,Variable,6.9mph,  -,N/A,	,Clear

3:51 PM,60.1°F,37.9°F,44%,29.99in,10.0mi,North,  -,  -,N/A,	,Clear

4:51 PM,57.9°F,37.9°F,47%,30.01in,10.0mi,NW,4.6mph,  -,N/A,	,Clear

5:51 PM,55.0°F,39.0°F,55%,30.03in,10.0mi,NW,4.6mph,  -,N/A,	,Clear

6:51 PM,54.0°F,37.9°F,55%,30.05in,10.0mi,Calm,Calm,  -,N/A,	,Clear

7:51 PM,53.1°F,37.9°F,57%,30.06in,10.0mi,Calm,Calm,  -,N/A,	,Clear

8:51 PM,52.0°F,37.9°F,59%,30.07in,10.0mi,Calm,Calm,  -,N/A,	,Clear

9:51 PM,51.1°F,37.9°F,61%,30.08in,10.0mi,Variable,3.5mph,  -,N/A,	,Clear

10:51 PM,50.0°F,37.0°F,61%,30.08in,10.0mi,Calm,Calm,  -,N/A,	,Clear

11:51 PM,48.9°F,37.9°F,66%,30.08in,10.0mi,NNW,4.6mph,  -,N/A,	,Clear

