20160730
Time (EDT),Temp.,Heat Index,Dew Point,Humidity,Pressure,Visibility,Wind Dir,Wind Speed,Gust Speed,Precip,Events,Conditions

12:51 AM,77.0°F,  -,69.1°F,76%,29.93in,8.0mi,Calm,Calm,  -,N/A,	,Clear

1:51 AM,77.0°F,  -,69.1°F,76%,29.93in,8.0mi,Calm,Calm,  -,N/A,	,Clear

2:51 AM,75.9°F,  -,70.0°F,82%,29.93in,7.0mi,Calm,Calm,  -,N/A,	,Clear

3:51 AM,75.0°F,  -,69.1°F,82%,29.94in,8.0mi,West,3.5mph,  -,N/A,	,Clear

4:51 AM,75.0°F,  -,66.9°F,76%,29.94in,9.0mi,WNW,3.5mph,  -,N/A,	,Clear

5:51 AM,73.9°F,  -,66.9°F,79%,29.96in,8.0mi,Calm,Calm,  -,N/A,	,Clear

6:51 AM,75.0°F,  -,69.1°F,82%,29.98in,6.0mi,Calm,Calm,  -,N/A,	,Haze

7:51 AM,78.1°F,  -,70.0°F,76%,30.00in,6.0mi,ENE,3.5mph,  -,N/A,	,Haze

8:51 AM,78.1°F,  -,70.0°F,76%,30.01in,4.0mi,ENE,4.6mph,  -,N/A,	,Haze

9:51 AM,79.0°F,  -,69.1°F,72%,30.01in,6.0mi,ENE,6.9mph,  -,N/A,	,Haze

10:51 AM,80.1°F,82.9°F,69.1°F,69%,30.01in,6.0mi,ENE,3.5mph,  -,N/A,	,Haze

11:51 AM,82.9°F,86.5°F,69.1°F,63%,30.01in,7.0mi,NE,6.9mph,  -,N/A,	,Mostly Cloudy

12:51 PM,80.1°F,82.7°F,68.0°F,67%,30.01in,6.0mi,ENE,5.8mph,  -,N/A,	,Haze

1:51 PM,79.0°F,  -,69.1°F,72%,30.00in,6.0mi,Variable,5.8mph,  -,0.00in,	,Haze

2:51 PM,80.1°F,83.6°F,71.1°F,74%,29.97in,6.0mi,SSE,8.1mph,  -,N/A,	,Haze

3:42 PM,75.9°F,  -,72.0°F,87%,30.02in,1.8mi,Variable,6.9mph,  -,0.02in,Rain,Rain

3:51 PM,75.0°F,  -,73.0°F,94%,30.00in,1.2mi,South,4.6mph,  -,0.04in,Rain,Light Rain

4:03 PM,75.0°F,  -,72.0°F,90%,30.02in,2.0mi,North,  -,  -,0.01in,Rain,Light Rain

4:15 PM,75.0°F,  -,72.0°F,90%,30.02in,1.8mi,South,8.1mph,  -,0.02in,Rain,Light Rain

4:22 PM,75.0°F,  -,72.0°F,90%,30.03in,2.5mi,Variable,3.5mph,  -,0.03in,Rain,Light Rain

4:41 PM,73.9°F,  -,72.0°F,93%,30.03in,1.5mi,Variable,4.6mph,  -,0.05in,Rain,Rain

4:51 PM,73.9°F,  -,72.0°F,93%,30.00in,2.0mi,Variable,4.6mph,  -,0.07in,Rain,Light Rain

5:10 PM,73.9°F,  -,72.0°F,93%,30.04in,1.8mi,Variable,4.6mph,  -,0.00in,Rain,Light Rain

5:31 PM,73.9°F,  -,72.0°F,93%,30.05in,2.0mi,Variable,5.8mph,  -,0.01in,Rain,Light Rain

5:36 PM,73.9°F,  -,72.0°F,93%,30.05in,1.5mi,Variable,3.5mph,  -,0.02in,Rain,Light Rain

5:46 PM,73.4°F,  -,71.6°F,94%,30.04in,1.0mi,Variable,3.5mph,  -,0.04in,Rain,Rain

5:51 PM,73.9°F,  -,72.0°F,93%,30.02in,1.0mi,Variable,3.5mph,  -,0.06in,Rain,Rain

6:05 PM,73.9°F,  -,72.0°F,93%,30.04in,2.0mi,Calm,Calm,  -,0.03in,Rain,Light Rain

6:48 PM,73.4°F,  -,71.6°F,94%,30.05in,1.8mi,Variable,3.5mph,  -,0.04in,	,Scattered Clouds

6:51 PM,73.9°F,  -,72.0°F,93%,30.03in,2.0mi,Calm,Calm,  -,0.04in,Rain,Light Rain

7:02 PM,73.9°F,  -,72.0°F,93%,30.06in,3.0mi,SSE,4.6mph,  -,0.00in,Rain,Light Rain

7:09 PM,73.9°F,  -,72.0°F,93%,30.06in,2.5mi,Variable,4.6mph,  -,0.00in,Rain,Light Rain

7:51 PM,73.0°F,  -,71.1°F,93%,30.04in,3.0mi,Variable,3.5mph,  -,0.01in,	,Overcast

8:17 PM,73.9°F,  -,72.0°F,93%,30.07in,4.0mi,Calm,Calm,  -,0.00in,Rain,Light Rain

8:41 PM,73.9°F,  -,71.1°F,91%,30.07in,5.0mi,Calm,Calm,  -,0.00in,Rain,Light Rain

8:51 PM,73.9°F,  -,72.0°F,93%,30.04in,4.0mi,Calm,Calm,  -,0.01in,Rain,Light Rain

9:06 PM,73.9°F,  -,72.0°F,93%,30.07in,2.5mi,Calm,Calm,  -,0.00in,Rain,Light Rain

9:14 PM,73.9°F,  -,72.0°F,93%,30.07in,3.0mi,Variable,3.5mph,  -,0.01in,Rain,Light Rain

9:26 PM,73.9°F,  -,72.0°F,93%,30.08in,2.5mi,Calm,Calm,  -,0.01in,Rain,Light Rain

9:36 PM,73.9°F,  -,72.0°F,93%,30.08in,3.0mi,South,4.6mph,  -,0.02in,Rain,Light Rain

9:51 PM,73.9°F,  -,72.0°F,93%,30.05in,3.0mi,Variable,3.5mph,  -,0.02in,Rain,Light Rain

10:07 PM,73.9°F,  -,72.0°F,93%,30.07in,2.5mi,Variable,4.6mph,  -,0.00in,	,Mostly Cloudy

10:29 PM,73.9°F,  -,72.0°F,93%,30.07in,3.0mi,Variable,3.5mph,  -,0.00in,	,Overcast

10:47 PM,73.4°F,  -,71.6°F,94%,30.06in,4.0mi,SSE,4.6mph,  -,0.00in,	,Overcast

10:51 PM,73.9°F,  -,72.0°F,93%,30.03in,4.0mi,Variable,3.5mph,  -,0.00in,	,Overcast

11:22 PM,73.9°F,  -,72.0°F,93%,30.07in,2.0mi,Calm,Calm,  -,N/A,	,Mostly Cloudy

11:51 PM,73.9°F,  -,72.0°F,93%,30.03in,2.0mi,Variable,3.5mph,  -,N/A,	,Overcast

