20160706
Time (EDT),Temp.,Heat Index,Dew Point,Humidity,Pressure,Visibility,Wind Dir,Wind Speed,Gust Speed,Precip,Events,Conditions

12:51 AM,80.1°F,82.3°F,66.9°F,64%,29.85in,10.0mi,Variable,3.5mph,  -,N/A,	,Clear

1:51 AM,79.0°F,  -,66.0°F,64%,29.84in,10.0mi,West,4.6mph,  -,N/A,	,Clear

2:51 AM,78.1°F,  -,66.0°F,66%,29.83in,10.0mi,Calm,Calm,  -,N/A,	,Clear

3:51 AM,75.9°F,  -,66.9°F,74%,29.82in,10.0mi,WNW,4.6mph,  -,N/A,	,Clear

4:51 AM,78.1°F,  -,66.9°F,68%,29.83in,10.0mi,WNW,3.5mph,  -,N/A,	,Clear

5:51 AM,75.9°F,  -,66.9°F,74%,29.86in,9.0mi,Calm,Calm,  -,N/A,	,Clear

6:51 AM,77.0°F,  -,68.0°F,74%,29.88in,8.0mi,Calm,Calm,  -,N/A,	,Mostly Cloudy

7:51 AM,78.1°F,  -,66.9°F,68%,29.88in,9.0mi,Calm,Calm,  -,N/A,	,Clear

8:51 AM,81.0°F,83.3°F,66.9°F,62%,29.88in,8.0mi,Calm,Calm,  -,N/A,	,Clear

9:51 AM,84.0°F,85.4°F,64.0°F,51%,29.87in,9.0mi,Calm,Calm,  -,N/A,	,Clear

10:51 AM,86.0°F,86.3°F,62.1°F,44%,29.88in,9.0mi,Calm,Calm,  -,N/A,	,Clear

11:51 AM,89.1°F,90.3°F,64.0°F,43%,29.88in,9.0mi,Variable,3.5mph,  -,N/A,	,Clear

12:51 PM,90.0°F,92.8°F,66.9°F,46%,29.87in,8.0mi,Variable,5.8mph,  -,N/A,	,Clear

1:51 PM,91.0°F,92.6°F,64.0°F,41%,29.85in,9.0mi,North,  -,  -,N/A,	,Partly Cloudy

2:51 PM,90.0°F,92.4°F,66.0°F,45%,29.84in,9.0mi,Variable,4.6mph,  -,N/A,	,Partly Cloudy

3:51 PM,90.0°F,92.4°F,66.0°F,45%,29.83in,9.0mi,Variable,3.5mph,  -,N/A,	,Clear

4:51 PM,90.0°F,90.6°F,63.0°F,40%,29.81in,9.0mi,Calm,Calm,  -,N/A,	,Clear

5:51 PM,87.1°F,89.9°F,66.9°F,51%,29.80in,9.0mi,Variable,5.8mph,  -,N/A,	,Clear

6:51 PM,86.0°F,88.2°F,66.0°F,51%,29.81in,9.0mi,Variable,6.9mph,  -,N/A,	,Clear

7:51 PM,84.0°F,87.0°F,68.0°F,58%,29.81in,8.0mi,Variable,3.5mph,  -,N/A,	,Clear

8:51 PM,82.9°F,85.8°F,68.0°F,60%,29.81in,9.0mi,Calm,Calm,  -,N/A,	,Clear

9:51 PM,82.9°F,86.5°F,69.1°F,63%,29.82in,9.0mi,Calm,Calm,  -,N/A,	,Partly Cloudy

10:51 PM,82.9°F,87.0°F,70.0°F,65%,29.82in,9.0mi,Variable,4.6mph,  -,N/A,	,Clear

11:51 PM,82.0°F,86.3°F,71.1°F,69%,29.83in,9.0mi,Calm,Calm,  -,N/A,	,Clear

