20160602
Time (EDT),Temp.,Dew Point,Humidity,Pressure,Visibility,Wind Dir,Wind Speed,Gust Speed,Precip,Events,Conditions

12:51 AM,66.0°F,52.0°F,60%,30.16in,9.0mi,Variable,4.6mph,  -,N/A,	,Clear

1:51 AM,64.9°F,53.1°F,65%,30.15in,9.0mi,Variable,3.5mph,  -,N/A,	,Clear

2:51 AM,64.0°F,55.0°F,73%,30.15in,9.0mi,ENE,3.5mph,  -,N/A,	,Clear

3:51 AM,63.0°F,55.0°F,75%,30.14in,9.0mi,East,4.6mph,  -,N/A,	,Clear

4:51 AM,63.0°F,55.0°F,75%,30.13in,9.0mi,Variable,3.5mph,  -,N/A,	,Clear

5:51 AM,63.0°F,55.0°F,75%,30.14in,8.0mi,NE,5.8mph,  -,N/A,	,Mostly Cloudy

6:51 AM,63.0°F,55.9°F,78%,30.16in,8.0mi,Variable,3.5mph,  -,N/A,	,Overcast

7:51 AM,64.0°F,55.9°F,75%,30.15in,7.0mi,NE,6.9mph,  -,N/A,	,Scattered Clouds

8:51 AM,66.0°F,55.9°F,70%,30.16in,7.0mi,Variable,5.8mph,  -,N/A,	,Partly Cloudy

9:51 AM,66.9°F,55.9°F,68%,30.16in,7.0mi,Variable,5.8mph,  -,N/A,	,Clear

10:51 AM,69.1°F,57.0°F,65%,30.15in,7.0mi,Variable,5.8mph,  -,N/A,	,Clear

11:51 AM,71.1°F,57.0°F,61%,30.14in,7.0mi,East,6.9mph,  -,N/A,	,Clear

12:51 PM,75.0°F,57.9°F,55%,30.13in,7.0mi,Variable,3.5mph,  -,N/A,	,Clear

1:51 PM,75.9°F,57.9°F,54%,30.12in,6.0mi,Variable,3.5mph,  -,N/A,	,Haze

2:51 PM,75.0°F,57.9°F,55%,30.11in,6.0mi,ENE,8.1mph,  -,N/A,	,Haze

3:51 PM,73.9°F,59.0°F,59%,30.09in,6.0mi,Variable,6.9mph,  -,N/A,	,Haze

4:51 PM,73.9°F,59.0°F,59%,30.09in,7.0mi,Variable,6.9mph,  -,N/A,	,Clear

5:51 PM,72.0°F,60.1°F,66%,30.07in,9.0mi,Variable,4.6mph,  -,N/A,	,Clear

6:51 PM,69.1°F,59.0°F,70%,30.07in,8.0mi,Variable,6.9mph,  -,N/A,	,Clear

7:51 PM,66.0°F,59.0°F,78%,30.08in,7.0mi,North,  -,  -,N/A,	,Scattered Clouds

8:04 PM,64.9°F,57.9°F,78%,30.11in,7.0mi,Calm,Calm,  -,N/A,	,Mostly Cloudy

8:51 PM,64.9°F,57.9°F,78%,30.09in,8.0mi,Variable,4.6mph,  -,N/A,	,Overcast

9:51 PM,64.0°F,57.9°F,80%,30.10in,7.0mi,Variable,3.5mph,  -,N/A,	,Overcast

10:51 PM,64.0°F,57.9°F,80%,30.10in,7.0mi,Calm,Calm,  -,N/A,	,Overcast

11:27 PM,64.9°F,57.9°F,78%,30.13in,7.0mi,Calm,Calm,  -,N/A,	,Overcast

11:51 PM,64.9°F,57.9°F,78%,30.10in,7.0mi,Calm,Calm,  -,N/A,	,Overcast

