20160225
Time (EST),Temp.,Windchill,Dew Point,Humidity,Pressure,Visibility,Wind Dir,Wind Speed,Gust Speed,Precip,Events,Conditions

12:04 AM,60.1°F,  -,55.9°F,86%,29.34in,10.0mi,North,  -,  -,0.01in,	,Overcast

12:51 AM,59.0°F,  -,55.0°F,87%,29.32in,9.0mi,Variable,5.8mph,19.6mph,0.01in,	,Overcast

1:30 AM,59.0°F,  -,55.9°F,90%,29.32in,9.0mi,South,11.5mph,23.0mph,0.01in,	,Overcast

1:51 AM,60.1°F,  -,55.9°F,86%,29.29in,10.0mi,Variable,5.8mph,  -,0.01in,	,Overcast

2:51 AM,57.0°F,  -,53.1°F,87%,29.28in,10.0mi,South,5.8mph,  -,N/A,	,Mostly Cloudy

3:51 AM,55.9°F,  -,52.0°F,87%,29.26in,9.0mi,SSE,8.1mph,  -,N/A,	,Mostly Cloudy

4:51 AM,53.1°F,  -,50.0°F,89%,29.24in,9.0mi,SSE,6.9mph,  -,N/A,	,Clear

5:51 AM,53.1°F,  -,48.0°F,83%,29.24in,10.0mi,Variable,4.6mph,  -,N/A,	,Clear

6:51 AM,53.1°F,  -,46.9°F,80%,29.24in,10.0mi,Variable,3.5mph,  -,N/A,	,Mostly Cloudy

7:02 AM,53.1°F,  -,48.0°F,83%,29.26in,10.0mi,South,6.9mph,  -,N/A,	,Mostly Cloudy

7:51 AM,55.0°F,  -,42.1°F,62%,29.23in,10.0mi,SSW,8.1mph,  -,N/A,	,Mostly Cloudy

8:51 AM,53.1°F,  -,39.0°F,59%,29.23in,10.0mi,Variable,3.5mph,19.6mph,N/A,	,Overcast

9:43 AM,52.0°F,  -,41.0°F,66%,29.24in,10.0mi,Variable,3.5mph,19.6mph,N/A,	,Overcast

9:51 AM,52.0°F,  -,41.0°F,66%,29.22in,10.0mi,WSW,8.1mph,24.2mph,N/A,	,Overcast

10:32 AM,51.1°F,  -,37.9°F,61%,29.27in,10.0mi,West,13.8mph,28.8mph,N/A,	,Overcast

10:51 AM,50.0°F,  -,39.0°F,66%,29.26in,10.0mi,West,10.4mph,25.3mph,N/A,	,Overcast

10:58 AM,50.0°F,  -,39.0°F,66%,29.29in,10.0mi,West,10.4mph,25.3mph,N/A,	,Overcast

11:51 AM,48.9°F,  -,37.9°F,66%,29.27in,10.0mi,West,12.7mph,19.6mph,N/A,	,Overcast

12:47 PM,48.2°F,  -,33.8°F,58%,29.30in,10.0mi,Variable,5.8mph,19.6mph,N/A,	,Overcast

12:51 PM,48.0°F,  -,34.0°F,58%,29.28in,10.0mi,West,8.1mph,  -,N/A,	,Overcast

1:09 PM,48.0°F,  -,34.0°F,58%,29.30in,10.0mi,Variable,5.8mph,24.2mph,N/A,	,Overcast

1:51 PM,48.0°F,  -,30.9°F,52%,29.28in,10.0mi,West,8.1mph,27.6mph,N/A,	,Overcast

2:51 PM,46.9°F,  -,30.0°F,52%,29.31in,10.0mi,West,12.7mph,26.5mph,N/A,	,Overcast

3:51 PM,45.0°F,38.9°F,30.0°F,56%,29.34in,10.0mi,West,12.7mph,23.0mph,0.00in,Rain,Light Rain

4:51 PM,39.9°F,33.9°F,30.9°F,70%,29.37in,10.0mi,West,9.2mph,28.8mph,0.00in,	,Overcast

5:38 PM,41.0°F,34.7°F,30.0°F,65%,29.41in,10.0mi,West,10.4mph,29.9mph,N/A,	,Mostly Cloudy

5:51 PM,41.0°F,  -,28.9°F,62%,29.40in,10.0mi,North,  -,  -,N/A,	,Mostly Cloudy

6:51 PM,39.9°F,33.9°F,30.0°F,68%,29.43in,10.0mi,WSW,9.2mph,27.6mph,N/A,	,Mostly Cloudy

6:58 PM,39.9°F,34.5°F,30.0°F,68%,29.45in,10.0mi,WSW,8.1mph,21.9mph,N/A,	,Overcast

7:12 PM,39.9°F,36.7°F,30.0°F,68%,29.46in,10.0mi,Variable,4.6mph,25.3mph,N/A,	,Overcast

7:24 PM,39.0°F,32.3°F,30.0°F,70%,29.46in,10.0mi,WSW,10.4mph,26.5mph,N/A,	,Overcast

7:51 PM,39.0°F,31.8°F,30.0°F,70%,29.44in,10.0mi,WSW,11.5mph,20.7mph,N/A,	,Mostly Cloudy

8:02 PM,39.0°F,30.6°F,30.0°F,70%,29.47in,10.0mi,WSW,15.0mph,25.3mph,N/A,	,Mostly Cloudy

8:51 PM,39.9°F,31.8°F,28.9°F,65%,29.46in,10.0mi,West,15.0mph,33.4mph,N/A,	,Overcast

9:51 PM,39.9°F,32.5°F,28.0°F,63%,29.49in,10.0mi,West,12.7mph,23.0mph,N/A,	,Overcast

10:18 PM,39.9°F,33.9°F,28.0°F,63%,29.53in,10.0mi,West,9.2mph,  -,N/A,	,Overcast

10:34 PM,37.9°F,  -,28.9°F,70%,29.54in,10.0mi,North,  -,  -,N/A,	,Overcast

10:51 PM,37.9°F,  -,28.9°F,70%,29.53in,10.0mi,North,  -,  -,N/A,	,Overcast

11:51 PM,37.9°F,29.6°F,26.1°F,62%,29.55in,10.0mi,West,13.8mph,23.0mph,N/A,	,Overcast

