20160104
Time (EST),Temp.,Windchill,Dew Point,Humidity,Pressure,Visibility,Wind Dir,Wind Speed,Gust Speed,Precip,Events,Conditions

12:51 AM,36.0°F,32.1°F,23.0°F,59%,29.87in,10.0mi,Variable,4.6mph,  -,N/A,	,Partly Cloudy

1:51 AM,36.0°F,31.1°F,23.0°F,59%,29.88in,10.0mi,Variable,5.8mph,  -,N/A,	,Overcast

2:51 AM,35.1°F,32.2°F,19.0°F,52%,29.90in,10.0mi,Variable,3.5mph,  -,N/A,	,Overcast

3:51 AM,34.0°F,29.8°F,17.1°F,50%,29.89in,10.0mi,Variable,4.6mph,  -,N/A,	,Overcast

4:51 AM,33.1°F,25.5°F,15.1°F,48%,29.90in,10.0mi,NW,9.2mph,19.6mph,N/A,	,Overcast

5:51 AM,30.9°F,22.2°F,15.1°F,52%,29.94in,10.0mi,NW,10.4mph,20.7mph,N/A,	,Partly Cloudy

6:51 AM,30.0°F,20.5°F,14.0°F,51%,29.96in,10.0mi,NW,11.5mph,20.7mph,N/A,	,Mostly Cloudy

7:51 AM,28.9°F,21.9°F,12.9°F,51%,29.98in,10.0mi,Variable,6.9mph,  -,N/A,	,Overcast

8:51 AM,28.9°F,21.9°F,12.9°F,51%,30.01in,10.0mi,Variable,6.9mph,  -,N/A,	,Overcast

9:51 AM,28.0°F,22.8°F,8.1°F,43%,30.04in,10.0mi,Variable,4.6mph,  -,N/A,	,Partly Cloudy

10:51 AM,28.0°F,18.1°F,8.1°F,43%,30.04in,10.0mi,WNW,11.5mph,19.6mph,N/A,	,Clear

11:51 AM,28.0°F,19.3°F,5.0°F,38%,30.02in,10.0mi,NW,9.2mph,  -,N/A,	,Clear

12:51 PM,30.0°F,  -,1.9°F,30%,30.01in,10.0mi,North,  -,  -,N/A,	,Clear

1:51 PM,28.0°F,22.8°F,1.0°F,31%,30.02in,10.0mi,Variable,4.6mph,23.0mph,N/A,	,Clear

2:51 PM,28.0°F,21.7°F,-0.0°F,30%,30.05in,10.0mi,Variable,5.8mph,19.6mph,N/A,	,Clear

3:51 PM,26.1°F,15.6°F,5.0°F,41%,30.09in,10.0mi,NE,11.5mph,20.7mph,N/A,	,Clear

4:51 PM,23.0°F,11.7°F,3.9°F,44%,30.14in,10.0mi,NNE,11.5mph,21.9mph,N/A,	,Clear

5:51 PM,21.0°F,8.6°F,3.0°F,46%,30.18in,10.0mi,NNE,12.7mph,25.3mph,N/A,	,Clear

6:51 PM,19.9°F,  -,1.0°F,44%,30.23in,10.0mi,North,  -,  -,N/A,	,Clear

7:51 PM,19.0°F,6.1°F,1.9°F,47%,30.27in,10.0mi,North,12.7mph,24.2mph,N/A,	,Overcast

8:51 PM,18.0°F,6.1°F,1.9°F,50%,30.29in,10.0mi,North,10.4mph,25.3mph,N/A,	,Partly Cloudy

9:51 PM,17.1°F,5.8°F,-0.0°F,47%,30.32in,10.0mi,North,9.2mph,20.7mph,N/A,	,Clear

