20160908
Time (EDT),Temp.,Heat Index,Dew Point,Humidity,Pressure,Visibility,Wind Dir,Wind Speed,Gust Speed,Precip,Events,Conditions

12:51 AM,73.0°F,  -,68.0°F,84%,29.95in,8.0mi,Calm,Calm,  -,N/A,	,Mostly Cloudy

1:51 AM,73.0°F,  -,68.0°F,84%,29.95in,8.0mi,Calm,Calm,  -,N/A,	,Partly Cloudy

2:51 AM,72.0°F,  -,66.9°F,84%,29.94in,8.0mi,Calm,Calm,  -,N/A,	,Clear

3:51 AM,72.0°F,  -,66.9°F,84%,29.93in,8.0mi,Calm,Calm,  -,N/A,	,Clear

4:51 AM,72.0°F,  -,66.9°F,84%,29.93in,9.0mi,NNE,3.5mph,  -,N/A,	,Clear

5:51 AM,72.0°F,  -,66.9°F,84%,29.93in,8.0mi,North,3.5mph,  -,N/A,	,Clear

6:51 AM,71.1°F,  -,66.9°F,87%,29.92in,7.0mi,Calm,Calm,  -,N/A,	,Clear

7:51 AM,73.9°F,  -,66.9°F,79%,29.93in,8.0mi,Calm,Calm,  -,N/A,	,Clear

8:51 AM,75.9°F,  -,66.9°F,74%,29.94in,8.0mi,Calm,Calm,  -,N/A,	,Scattered Clouds

9:02 AM,77.0°F,  -,68.0°F,74%,29.96in,7.0mi,Calm,Calm,  -,N/A,	,Mostly Cloudy

9:13 AM,75.9°F,  -,68.0°F,76%,29.96in,6.0mi,Variable,3.5mph,  -,N/A,	,Haze

9:51 AM,77.0°F,  -,68.0°F,74%,29.94in,7.0mi,Calm,Calm,  -,N/A,	,Mostly Cloudy

10:51 AM,81.0°F,83.3°F,66.9°F,62%,29.93in,8.0mi,Variable,4.6mph,  -,N/A,	,Partly Cloudy

11:51 AM,82.9°F,85.8°F,68.0°F,60%,29.91in,8.0mi,Variable,5.8mph,  -,N/A,	,Clear

12:51 PM,86.0°F,89.4°F,68.0°F,55%,29.89in,8.0mi,Variable,5.8mph,  -,N/A,	,Partly Cloudy

1:51 PM,88.0°F,91.4°F,68.0°F,51%,29.87in,8.0mi,Variable,3.5mph,  -,N/A,	,Clear

2:51 PM,88.0°F,92.1°F,69.1°F,53%,29.85in,8.0mi,North,  -,  -,N/A,	,Clear

3:51 PM,87.1°F,92.0°F,70.0°F,57%,29.83in,8.0mi,South,6.9mph,  -,N/A,	,Clear

4:51 PM,84.9°F,89.4°F,70.0°F,61%,29.81in,8.0mi,South,4.6mph,  -,N/A,	,Clear

5:51 PM,84.9°F,90.1°F,71.1°F,63%,29.81in,8.0mi,Variable,3.5mph,  -,N/A,	,Clear

6:51 PM,82.9°F,87.5°F,71.1°F,67%,29.81in,8.0mi,SSE,4.6mph,  -,N/A,	,Clear

7:51 PM,81.0°F,84.9°F,71.1°F,72%,29.82in,8.0mi,Calm,Calm,  -,N/A,	,Clear

8:51 PM,81.0°F,85.2°F,72.0°F,74%,29.83in,8.0mi,Calm,Calm,  -,N/A,	,Clear

9:51 PM,81.0°F,85.8°F,73.0°F,77%,29.83in,8.0mi,Calm,Calm,  -,N/A,	,Clear

10:51 PM,84.9°F,89.4°F,70.0°F,61%,29.83in,9.0mi,Variable,3.5mph,  -,N/A,	,Clear

11:51 PM,84.9°F,89.4°F,70.0°F,61%,29.83in,9.0mi,West,5.8mph,  -,N/A,	,Clear

