20160505
Time (EDT),Temp.,Dew Point,Humidity,Pressure,Visibility,Wind Dir,Wind Speed,Gust Speed,Precip,Events,Conditions

12:51 AM,48.9°F,41.0°F,74%,29.74in,10.0mi,ENE,8.1mph,  -,N/A,	,Overcast

1:51 AM,48.0°F,41.0°F,77%,29.73in,10.0mi,ENE,8.1mph,17.3mph,N/A,	,Overcast

2:51 AM,48.0°F,42.1°F,80%,29.73in,10.0mi,Variable,5.8mph,  -,N/A,	,Overcast

3:16 AM,48.0°F,42.1°F,80%,29.73in,10.0mi,NE,8.1mph,  -,N/A,	,Overcast

3:51 AM,46.9°F,42.1°F,83%,29.71in,10.0mi,Variable,4.6mph,  -,N/A,	,Overcast

4:13 AM,46.9°F,42.1°F,83%,29.74in,10.0mi,NE,8.1mph,  -,N/A,	,Overcast

4:42 AM,46.9°F,43.0°F,86%,29.73in,7.0mi,Variable,5.8mph,  -,N/A,	,Overcast

4:51 AM,46.9°F,43.0°F,86%,29.71in,10.0mi,NNE,5.8mph,  -,N/A,	,Overcast

5:35 AM,46.9°F,42.1°F,83%,29.72in,10.0mi,NE,9.2mph,  -,N/A,	,Overcast

5:42 AM,46.9°F,42.1°F,83%,29.71in,10.0mi,Variable,6.9mph,  -,N/A,	,Overcast

5:51 AM,46.9°F,41.0°F,80%,29.70in,10.0mi,NE,8.1mph,  -,N/A,	,Overcast

6:51 AM,46.9°F,43.0°F,86%,29.70in,5.0mi,Variable,6.9mph,  -,N/A,	,Overcast

7:51 AM,48.0°F,41.0°F,77%,29.71in,10.0mi,ENE,11.5mph,  -,N/A,	,Overcast

8:26 AM,48.0°F,41.0°F,77%,29.73in,10.0mi,Variable,5.8mph,  -,N/A,	,Overcast

8:51 AM,48.0°F,42.1°F,80%,29.70in,6.0mi,Variable,5.8mph,  -,N/A,	,Haze

9:51 AM,50.0°F,42.1°F,74%,29.71in,10.0mi,Variable,5.8mph,  -,N/A,	,Overcast

10:51 AM,51.1°F,41.0°F,68%,29.71in,10.0mi,Variable,6.9mph,  -,N/A,	,Overcast

11:51 AM,52.0°F,41.0°F,66%,29.70in,10.0mi,ENE,10.4mph,  -,N/A,	,Overcast

12:51 PM,54.0°F,42.1°F,64%,29.68in,10.0mi,East,8.1mph,  -,N/A,	,Overcast

1:51 PM,54.0°F,42.1°F,64%,29.67in,10.0mi,East,8.1mph,  -,N/A,	,Overcast

2:31 PM,55.9°F,42.1°F,60%,29.67in,10.0mi,NE,11.5mph,17.3mph,N/A,	,Overcast

2:51 PM,57.0°F,42.1°F,57%,29.65in,10.0mi,NE,10.4mph,19.6mph,N/A,	,Overcast

3:51 PM,55.9°F,42.1°F,60%,29.63in,10.0mi,NE,9.2mph,17.3mph,N/A,	,Overcast

4:51 PM,55.9°F,42.1°F,60%,29.64in,10.0mi,ENE,11.5mph,17.3mph,N/A,	,Overcast

5:51 PM,55.9°F,42.1°F,60%,29.64in,10.0mi,NE,8.1mph,  -,N/A,	,Overcast

6:51 PM,55.9°F,42.1°F,60%,29.63in,10.0mi,ENE,11.5mph,18.4mph,N/A,	,Overcast

7:20 PM,55.0°F,42.1°F,62%,29.66in,10.0mi,ENE,12.7mph,19.6mph,N/A,	,Overcast

7:51 PM,55.0°F,43.0°F,64%,29.65in,10.0mi,NE,10.4mph,20.7mph,N/A,	,Overcast

8:51 PM,54.0°F,43.0°F,66%,29.67in,10.0mi,East,8.1mph,  -,N/A,	,Overcast

9:18 PM,54.0°F,43.0°F,66%,29.69in,10.0mi,ENE,10.4mph,17.3mph,N/A,	,Overcast

9:33 PM,54.0°F,43.0°F,66%,29.69in,10.0mi,ENE,9.2mph,  -,N/A,	,Overcast

9:51 PM,54.0°F,43.0°F,66%,29.68in,10.0mi,NE,9.2mph,  -,N/A,	,Overcast

10:51 PM,54.0°F,43.0°F,66%,29.68in,10.0mi,East,8.1mph,  -,N/A,	,Overcast

11:51 PM,53.1°F,43.0°F,69%,29.68in,10.0mi,NE,9.2mph,  -,N/A,	,Overcast

