20160930
Time (EDT),Temp.,Dew Point,Humidity,Pressure,Visibility,Wind Dir,Wind Speed,Gust Speed,Precip,Events,Conditions

12:51 AM,57.9°F,50.0°F,75%,30.35in,10.0mi,ENE,9.2mph,  -,N/A,	,Overcast

1:51 AM,57.9°F,50.0°F,75%,30.34in,10.0mi,ENE,9.2mph,18.4mph,N/A,	,Overcast

2:51 AM,57.0°F,48.9°F,74%,30.32in,10.0mi,NE,11.5mph,18.4mph,N/A,	,Overcast

3:51 AM,57.9°F,50.0°F,75%,30.30in,10.0mi,NE,10.4mph,19.6mph,N/A,	,Overcast

4:51 AM,57.9°F,48.9°F,72%,30.30in,10.0mi,ENE,11.5mph,26.5mph,N/A,	,Overcast

5:51 AM,57.9°F,48.9°F,72%,30.30in,10.0mi,ENE,11.5mph,23.0mph,N/A,	,Overcast

6:51 AM,57.9°F,48.9°F,72%,30.30in,10.0mi,ENE,10.4mph,20.7mph,N/A,	,Overcast

7:51 AM,57.9°F,50.0°F,75%,30.30in,9.0mi,NE,9.2mph,20.7mph,N/A,	,Overcast

8:51 AM,57.9°F,50.0°F,75%,30.31in,8.0mi,NE,10.4mph,18.4mph,N/A,	,Overcast

9:51 AM,59.0°F,51.1°F,75%,30.31in,9.0mi,ENE,9.2mph,19.6mph,0.00in,	,Overcast

10:11 AM,57.9°F,53.1°F,84%,30.33in,2.0mi,ENE,8.1mph,20.7mph,0.00in,Rain,Light Rain

10:35 AM,57.0°F,54.0°F,89%,30.33in,4.0mi,NE,8.1mph,23.0mph,0.02in,	,Overcast

10:51 AM,57.9°F,54.0°F,87%,30.30in,4.0mi,ENE,10.4mph,20.7mph,0.02in,	,Overcast

11:42 AM,59.0°F,55.0°F,87%,30.32in,2.5mi,ENE,9.2mph,19.6mph,0.00in,Rain,Light Rain

11:51 AM,57.9°F,54.0°F,87%,30.30in,2.0mi,ENE,10.4mph,17.3mph,0.01in,Rain,Light Rain

12:01 PM,57.9°F,55.0°F,90%,30.31in,5.0mi,ENE,10.4mph,  -,0.00in,Rain,Light Rain

12:51 PM,59.0°F,55.0°F,87%,30.29in,2.5mi,Variable,6.9mph,  -,0.01in,Rain,Light Rain

1:02 PM,59.0°F,55.9°F,90%,30.31in,2.0mi,ENE,12.7mph,19.6mph,0.01in,Rain,Light Rain

1:40 PM,59.0°F,55.9°F,90%,30.29in,3.0mi,NE,10.4mph,18.4mph,0.02in,Rain,Light Rain

1:51 PM,59.0°F,55.9°F,90%,30.27in,2.5mi,ENE,9.2mph,  -,0.03in,Rain,Light Rain

1:56 PM,59.0°F,55.9°F,90%,30.29in,1.8mi,ENE,10.4mph,17.3mph,0.00in,Rain,Light Rain

2:51 PM,59.0°F,57.0°F,93%,30.25in,1.2mi,NE,8.1mph,  -,0.10in,Rain,Light Rain

3:51 PM,59.0°F,57.0°F,93%,30.24in,1.5mi,ENE,13.8mph,20.7mph,0.05in,Rain,Light Rain

4:11 PM,59.0°F,55.9°F,90%,30.27in,2.0mi,ENE,9.2mph,21.9mph,0.01in,Rain,Light Rain

4:32 PM,59.0°F,57.0°F,93%,30.26in,1.8mi,ENE,12.7mph,19.6mph,0.02in,Rain,Light Rain

4:51 PM,57.9°F,55.9°F,93%,30.24in,1.8mi,East,10.4mph,19.6mph,0.03in,Rain,Light Rain

5:34 PM,57.9°F,55.9°F,93%,30.27in,2.0mi,ENE,12.7mph,19.6mph,0.01in,	,Overcast

5:49 PM,57.2°F,55.4°F,94%,30.27in,1.5mi,ENE,9.2mph,20.7mph,0.02in,Rain,Light Rain

5:51 PM,57.9°F,55.9°F,93%,30.25in,1.5mi,NE,9.2mph,17.3mph,0.02in,Rain,Light Rain

6:31 PM,57.9°F,55.9°F,93%,30.28in,2.0mi,Variable,6.9mph,  -,0.03in,Rain,Light Rain

6:51 PM,57.9°F,55.9°F,93%,30.26in,2.0mi,Variable,6.9mph,  -,0.04in,Rain,Light Rain

7:51 PM,57.0°F,55.0°F,93%,30.25in,2.5mi,ENE,9.2mph,  -,0.03in,	,Overcast

8:42 PM,57.0°F,54.0°F,89%,30.28in,3.0mi,ENE,9.2mph,19.6mph,0.02in,	,Overcast

8:51 PM,57.0°F,55.0°F,93%,30.26in,3.0mi,NE,9.2mph,  -,0.02in,	,Overcast

9:51 PM,55.9°F,54.0°F,93%,30.26in,3.0mi,NE,8.1mph,18.4mph,0.02in,Rain,Light Rain

10:51 PM,55.9°F,54.0°F,93%,30.26in,3.0mi,ENE,9.2mph,  -,0.02in,	,Overcast

11:51 PM,55.9°F,54.0°F,93%,30.24in,8.0mi,NE,10.4mph,18.4mph,N/A,	,Overcast

