20161016
Time (EDT),Temp.,Dew Point,Humidity,Pressure,Visibility,Wind Dir,Wind Speed,Gust Speed,Precip,Events,Conditions

12:51 AM,55.0°F,46.9°F,74%,30.31in,10.0mi,Variable,5.8mph,  -,N/A,	,Clear

1:51 AM,54.0°F,46.9°F,77%,30.31in,10.0mi,Calm,Calm,  -,N/A,	,Clear

2:51 AM,54.0°F,48.0°F,80%,30.28in,10.0mi,WSW,3.5mph,  -,N/A,	,Clear

3:51 AM,54.0°F,48.9°F,83%,30.26in,10.0mi,Variable,3.5mph,  -,N/A,	,Clear

4:51 AM,54.0°F,48.9°F,83%,30.25in,10.0mi,Variable,3.5mph,  -,N/A,	,Clear

5:51 AM,54.0°F,50.0°F,86%,30.25in,10.0mi,Calm,Calm,  -,N/A,	,Clear

6:51 AM,54.0°F,48.9°F,83%,30.24in,9.0mi,Calm,Calm,  -,N/A,	,Clear

7:51 AM,54.0°F,48.9°F,83%,30.23in,7.0mi,Variable,4.6mph,  -,N/A,	,Clear

8:51 AM,55.9°F,48.9°F,77%,30.23in,8.0mi,WSW,5.8mph,  -,N/A,	,Clear

9:51 AM,57.9°F,48.9°F,72%,30.21in,8.0mi,Variable,5.8mph,17.3mph,N/A,	,Clear

10:51 AM,62.1°F,50.0°F,65%,30.20in,9.0mi,Variable,3.5mph,  -,N/A,	,Mostly Cloudy

11:51 AM,62.1°F,50.0°F,65%,30.18in,10.0mi,Variable,6.9mph,  -,N/A,	,Mostly Cloudy

12:51 PM,64.9°F,52.0°F,63%,30.15in,9.0mi,Variable,3.5mph,  -,N/A,	,Overcast

1:51 PM,66.9°F,53.1°F,61%,30.11in,10.0mi,Calm,Calm,  -,N/A,	,Overcast

2:51 PM,69.1°F,54.0°F,58%,30.07in,9.0mi,WSW,4.6mph,  -,N/A,	,Partly Cloudy

3:51 PM,69.1°F,55.0°F,61%,30.07in,9.0mi,Variable,3.5mph,  -,N/A,	,Overcast

4:51 PM,68.0°F,55.0°F,63%,30.04in,9.0mi,Variable,4.6mph,  -,N/A,	,Clear

5:51 PM,66.9°F,55.0°F,66%,30.03in,9.0mi,Calm,Calm,  -,N/A,	,Clear

6:51 PM,64.9°F,55.0°F,70%,30.03in,10.0mi,Variable,5.8mph,  -,N/A,	,Clear

7:51 PM,64.9°F,55.0°F,70%,30.03in,10.0mi,Variable,4.6mph,  -,N/A,	,Clear

8:51 PM,64.9°F,55.9°F,73%,30.02in,10.0mi,Variable,4.6mph,  -,N/A,	,Clear

9:51 PM,66.0°F,55.9°F,70%,30.02in,10.0mi,WSW,10.4mph,18.4mph,N/A,	,Clear

10:51 PM,64.9°F,55.9°F,73%,30.02in,10.0mi,WSW,5.8mph,  -,N/A,	,Clear

11:51 PM,64.9°F,55.9°F,73%,30.02in,9.0mi,WSW,8.1mph,  -,N/A,	,Overcast

