20160628
Time (EDT),Temp.,Dew Point,Humidity,Pressure,Visibility,Wind Dir,Wind Speed,Gust Speed,Precip,Events,Conditions

12:07 AM,70.0°F,66.9°F,90%,30.03in,2.5mi,Variable,4.6mph,  -,0.04in,Rain,Rain

12:17 AM,70.0°F,68.0°F,93%,30.02in,3.0mi,North,  -,  -,0.05in,Rain,Light Rain

12:42 AM,70.0°F,68.0°F,93%,30.02in,1.5mi,Variable,4.6mph,  -,0.08in,Rain,Heavy Rain

12:51 AM,69.1°F,68.0°F,96%,29.99in,1.0mi,Calm,Calm,  -,0.20in,Rain,Heavy Rain

1:11 AM,70.0°F,68.0°F,93%,30.02in,1.8mi,Variable,3.5mph,  -,0.12in,Rain,Rain

1:32 AM,70.0°F,68.0°F,93%,30.01in,2.0mi,South,5.8mph,  -,0.16in,Rain,Light Rain

1:36 AM,70.0°F,68.0°F,93%,30.01in,3.0mi,Variable,3.5mph,  -,0.16in,	,Overcast

1:45 AM,69.8°F,68.0°F,94%,30.01in,3.0mi,South,6.9mph,  -,0.16in,	,Overcast

1:51 AM,69.1°F,68.0°F,96%,29.98in,4.0mi,Variable,3.5mph,  -,0.16in,	,Overcast

2:21 AM,69.1°F,66.9°F,93%,30.01in,6.0mi,Variable,4.6mph,  -,N/A,	,Overcast

2:51 AM,69.1°F,66.9°F,93%,29.97in,5.0mi,Variable,3.5mph,  -,N/A,	,Mostly Cloudy

3:07 AM,69.1°F,66.9°F,93%,30.00in,6.0mi,South,3.5mph,  -,N/A,	,Mostly Cloudy

3:51 AM,70.0°F,68.0°F,93%,29.96in,6.0mi,Calm,Calm,  -,N/A,	,Overcast

4:44 AM,70.0°F,68.0°F,93%,29.99in,5.0mi,Calm,Calm,  -,N/A,	,Overcast

4:51 AM,70.0°F,68.0°F,93%,29.96in,5.0mi,Variable,4.6mph,  -,N/A,	,Overcast

5:00 AM,69.1°F,66.9°F,93%,29.99in,6.0mi,Variable,3.5mph,  -,N/A,	,Overcast

5:09 AM,69.1°F,66.9°F,93%,29.99in,6.0mi,Variable,3.5mph,  -,N/A,	,Overcast

5:39 AM,69.1°F,66.9°F,93%,29.99in,7.0mi,Variable,3.5mph,  -,N/A,	,Overcast

5:51 AM,69.1°F,66.9°F,93%,29.97in,8.0mi,Variable,3.5mph,  -,N/A,	,Overcast

6:51 AM,70.0°F,66.9°F,90%,29.97in,7.0mi,Variable,4.6mph,  -,N/A,	,Overcast

7:03 AM,70.0°F,66.9°F,90%,30.00in,5.0mi,Calm,Calm,  -,N/A,	,Overcast

7:27 AM,70.0°F,66.9°F,90%,30.00in,6.0mi,Calm,Calm,  -,N/A,	,Overcast

7:38 AM,69.1°F,66.0°F,90%,30.00in,5.0mi,Variable,3.5mph,  -,N/A,	,Overcast

7:49 AM,69.8°F,66.2°F,88%,30.00in,5.0mi,Variable,5.8mph,  -,N/A,	,Overcast

7:51 AM,69.1°F,66.9°F,93%,29.98in,5.0mi,SSW,5.8mph,  -,N/A,	,Overcast

8:02 AM,69.1°F,66.0°F,90%,30.00in,8.0mi,Variable,5.8mph,  -,N/A,	,Overcast

8:51 AM,69.1°F,66.0°F,90%,29.99in,8.0mi,Variable,3.5mph,  -,N/A,	,Overcast

9:51 AM,70.0°F,66.0°F,87%,29.97in,6.0mi,Variable,3.5mph,  -,N/A,	,Overcast

10:25 AM,70.0°F,66.9°F,90%,30.00in,6.0mi,Variable,4.6mph,  -,N/A,	,Overcast

10:51 AM,71.1°F,66.9°F,87%,29.97in,6.0mi,SSE,5.8mph,  -,N/A,	,Overcast

11:51 AM,71.1°F,66.9°F,87%,29.97in,5.0mi,Calm,Calm,  -,N/A,	,Overcast

12:51 PM,71.1°F,68.0°F,90%,29.96in,5.0mi,Variable,5.8mph,  -,N/A,	,Overcast

1:51 PM,72.0°F,68.0°F,87%,29.95in,6.0mi,Calm,Calm,  -,N/A,	,Overcast

2:28 PM,73.9°F,69.1°F,85%,29.95in,7.0mi,South,3.5mph,  -,N/A,	,Overcast

2:51 PM,73.9°F,69.1°F,85%,29.91in,7.0mi,Variable,3.5mph,  -,N/A,	,Overcast

3:31 PM,73.9°F,68.0°F,82%,29.93in,8.0mi,Calm,Calm,  -,N/A,	,Overcast

3:51 PM,73.9°F,68.0°F,82%,29.90in,8.0mi,Variable,5.8mph,  -,N/A,	,Overcast

4:13 PM,75.0°F,69.1°F,82%,29.92in,8.0mi,Calm,Calm,  -,N/A,	,Overcast

4:51 PM,75.0°F,68.0°F,79%,29.89in,8.0mi,Variable,5.8mph,  -,N/A,	,Mostly Cloudy

5:51 PM,73.9°F,68.0°F,82%,29.89in,8.0mi,North,  -,  -,N/A,	,Overcast

6:21 PM,73.0°F,68.0°F,84%,29.91in,7.0mi,Variable,4.6mph,  -,N/A,	,Overcast

6:51 PM,72.0°F,68.0°F,87%,29.88in,7.0mi,North,  -,  -,N/A,	,Overcast

7:51 PM,72.0°F,68.0°F,87%,29.87in,5.0mi,Variable,6.9mph,  -,N/A,	,Overcast

8:40 PM,71.1°F,68.0°F,90%,29.90in,4.0mi,Variable,4.6mph,  -,N/A,	,Overcast

8:51 PM,71.1°F,68.0°F,90%,29.88in,4.0mi,South,3.5mph,  -,N/A,	,Overcast

9:51 PM,71.1°F,69.1°F,93%,29.89in,4.0mi,North,  -,  -,N/A,	,Overcast

10:49 PM,71.6°F,69.8°F,94%,29.90in,4.0mi,Calm,Calm,  -,0.01in,	,Overcast

10:51 PM,71.1°F,69.1°F,93%,29.88in,4.0mi,West,3.5mph,  -,0.01in,	,Mostly Cloudy

11:05 PM,71.1°F,69.1°F,93%,29.91in,4.0mi,Calm,Calm,  -,N/A,	,Mostly Cloudy

11:09 PM,71.1°F,68.0°F,90%,29.91in,5.0mi,Calm,Calm,  -,N/A,	,Mostly Cloudy

11:24 PM,69.1°F,64.9°F,87%,29.91in,10.0mi,Variable,3.5mph,  -,N/A,	,Mostly Cloudy

11:42 PM,69.1°F,64.9°F,87%,29.91in,10.0mi,North,3.5mph,  -,N/A,	,Mostly Cloudy

11:51 PM,69.1°F,64.9°F,87%,29.88in,10.0mi,NE,3.5mph,  -,N/A,	,Mostly Cloudy

