20161130
Time (EST),Temp.,Dew Point,Humidity,Pressure,Visibility,Wind Dir,Wind Speed,Gust Speed,Precip,Events,Conditions

12:51 AM,57.0°F,53.1°F,87%,29.91in,10.0mi,Variable,4.6mph,  -,N/A,	,Clear

1:51 AM,55.0°F,52.0°F,89%,29.92in,9.0mi,West,6.9mph,  -,N/A,	,Clear

2:51 AM,55.0°F,52.0°F,89%,29.93in,7.0mi,West,5.8mph,  -,N/A,	,Clear

3:51 AM,55.0°F,51.1°F,86%,29.92in,7.0mi,WNW,4.6mph,  -,N/A,	,Clear

4:51 AM,54.0°F,51.1°F,90%,29.93in,8.0mi,NW,3.5mph,  -,N/A,	,Clear

5:51 AM,54.0°F,51.1°F,90%,29.93in,8.0mi,Calm,Calm,  -,N/A,	,Clear

6:51 AM,54.0°F,51.1°F,90%,29.94in,7.0mi,South,4.6mph,  -,N/A,	,Clear

7:51 AM,55.0°F,52.0°F,89%,29.93in,5.0mi,South,4.6mph,  -,N/A,	,Clear

8:51 AM,57.0°F,52.0°F,83%,29.93in,7.0mi,Calm,Calm,  -,N/A,	,Clear

9:51 AM,57.0°F,53.1°F,87%,29.91in,5.0mi,NE,4.6mph,  -,N/A,	,Mostly Cloudy

10:51 AM,57.0°F,52.0°F,83%,29.90in,5.0mi,Variable,6.9mph,  -,N/A,	,Haze

11:43 AM,55.9°F,53.1°F,90%,29.92in,2.0mi,Calm,Calm,  -,0.02in,Rain,Light Rain

11:51 AM,55.0°F,53.1°F,93%,29.90in,2.0mi,Calm,Calm,  -,0.03in,Rain,Light Rain

12:04 PM,55.0°F,53.1°F,93%,29.90in,1.8mi,East,6.9mph,  -,0.02in,Rain,Rain

12:22 PM,54.0°F,52.0°F,93%,29.88in,2.0mi,Variable,5.8mph,  -,0.04in,Rain,Light Rain

12:51 PM,54.0°F,52.0°F,93%,29.85in,1.8mi,East,8.1mph,  -,0.08in,Rain,Rain

1:01 PM,53.1°F,52.0°F,96%,29.85in,2.0mi,ENE,9.2mph,  -,0.01in,Rain,Light Rain

1:12 PM,53.1°F,52.0°F,96%,29.86in,3.0mi,East,9.2mph,16.1mph,0.01in,Rain,Light Rain

1:42 PM,53.1°F,51.1°F,93%,29.84in,2.5mi,Variable,6.9mph,  -,0.02in,Rain,Light Rain

1:51 PM,53.1°F,52.0°F,96%,29.82in,2.0mi,East,8.1mph,  -,0.03in,Rain,Rain

1:58 PM,53.1°F,52.0°F,96%,29.84in,1.0mi,Variable,6.9mph,  -,0.04in,Rain,Heavy Rain

2:47 PM,53.6°F,51.8°F,94%,29.84in,3.0mi,East,8.1mph,  -,0.15in,Rain,Light Rain

2:51 PM,53.1°F,51.1°F,93%,29.82in,3.0mi,East,10.4mph,17.3mph,0.15in,Rain,Light Rain

2:57 PM,53.1°F,51.1°F,93%,29.85in,1.8mi,ENE,9.2mph,17.3mph,0.00in,Rain,Rain

3:30 PM,53.1°F,51.1°F,93%,29.82in,3.0mi,East,8.1mph,18.4mph,0.07in,Rain,Light Rain

3:51 PM,53.1°F,51.1°F,93%,29.80in,2.0mi,East,6.9mph,  -,0.09in,Rain,Rain

4:06 PM,53.1°F,51.1°F,93%,29.82in,5.0mi,Variable,6.9mph,  -,0.01in,Rain,Light Rain

4:46 PM,53.6°F,51.8°F,94%,29.81in,4.0mi,Variable,5.8mph,  -,0.01in,	,Overcast

4:51 PM,53.1°F,51.1°F,93%,29.79in,5.0mi,Variable,6.9mph,  -,0.01in,	,Overcast

5:25 PM,53.1°F,51.1°F,93%,29.81in,2.5mi,Variable,4.6mph,  -,0.01in,Rain,Light Rain

5:33 PM,53.1°F,51.1°F,93%,29.81in,2.5mi,East,3.5mph,  -,0.02in,Rain,Light Rain

5:40 PM,53.1°F,52.0°F,96%,29.80in,3.0mi,Variable,5.8mph,  -,0.02in,Rain,Light Rain

5:51 PM,53.1°F,52.0°F,96%,29.78in,3.0mi,East,6.9mph,  -,0.02in,	,Overcast

6:51 PM,53.1°F,52.0°F,96%,29.76in,4.0mi,East,8.1mph,  -,N/A,	,Overcast

7:15 PM,53.1°F,51.1°F,93%,29.77in,3.0mi,Variable,4.6mph,  -,0.01in,Rain,Light Rain

7:51 PM,52.0°F,51.1°F,97%,29.73in,4.0mi,East,11.5mph,  -,0.01in,	,Overcast

8:12 PM,51.1°F,50.0°F,96%,29.75in,1.8mi,East,9.2mph,16.1mph,0.02in,Rain,Heavy Rain

8:25 PM,51.1°F,50.0°F,96%,29.73in,4.0mi,East,11.5mph,20.7mph,0.12in,Rain,Light Rain

8:51 PM,51.1°F,48.9°F,92%,29.69in,8.0mi,ENE,10.4mph,19.6mph,0.12in,	,Overcast

9:28 PM,51.1°F,48.9°F,92%,29.70in,2.5mi,ENE,16.1mph,23.0mph,0.01in,Rain,Light Rain

9:39 PM,51.1°F,48.9°F,92%,29.68in,3.0mi,ENE,12.7mph,21.9mph,0.02in,	,Overcast

9:51 PM,51.1°F,48.9°F,92%,29.65in,2.5mi,East,12.7mph,18.4mph,0.02in,	,Overcast

10:07 PM,51.1°F,50.0°F,96%,29.67in,3.0mi,Variable,6.9mph,16.1mph,0.00in,Rain,Light Rain

10:41 PM,50.0°F,48.9°F,96%,29.62in,2.0mi,East,10.4mph,24.2mph,0.04in,Rain,Heavy Rain

10:51 PM,50.0°F,48.9°F,96%,29.59in,2.5mi,East,8.1mph,18.4mph,0.08in,Rain,Rain

11:12 PM,51.1°F,50.0°F,96%,29.61in,7.0mi,ENE,6.9mph,18.4mph,0.07in,Rain,Light Rain

11:51 PM,51.1°F,50.0°F,96%,29.56in,5.0mi,East,5.8mph,  -,0.09in,	,Overcast

