20160722
Time (EDT),Temp.,Heat Index,Dew Point,Humidity,Pressure,Visibility,Wind Dir,Wind Speed,Gust Speed,Precip,Events,Conditions

12:51 AM,77.0°F,  -,64.9°F,66%,30.03in,9.0mi,Variable,4.6mph,  -,N/A,	,Clear

1:51 AM,75.9°F,  -,64.9°F,69%,30.01in,9.0mi,WSW,5.8mph,  -,N/A,	,Clear

2:51 AM,75.0°F,  -,66.0°F,73%,30.01in,9.0mi,SW,8.1mph,  -,N/A,	,Clear

3:51 AM,75.0°F,  -,68.0°F,79%,30.00in,9.0mi,WSW,9.2mph,  -,N/A,	,Clear

4:51 AM,73.9°F,  -,68.0°F,82%,29.99in,8.0mi,WSW,9.2mph,  -,N/A,	,Clear

5:51 AM,75.0°F,  -,66.9°F,76%,29.98in,8.0mi,WSW,4.6mph,  -,N/A,	,Clear

6:51 AM,75.0°F,  -,66.9°F,76%,29.98in,7.0mi,WSW,8.1mph,  -,N/A,	,Clear

7:51 AM,75.9°F,  -,66.9°F,74%,29.96in,6.0mi,Variable,5.8mph,  -,N/A,	,Haze

8:51 AM,78.1°F,  -,66.9°F,68%,29.96in,6.0mi,North,  -,  -,N/A,	,Haze

9:51 AM,81.0°F,83.3°F,66.9°F,62%,29.94in,7.0mi,Variable,6.9mph,  -,N/A,	,Clear

10:51 AM,84.9°F,87.6°F,66.9°F,55%,29.93in,7.0mi,Variable,6.9mph,  -,N/A,	,Clear

11:51 AM,89.1°F,94.1°F,70.0°F,53%,29.91in,6.0mi,North,  -,  -,N/A,	,Haze

12:51 PM,90.0°F,95.4°F,70.0°F,52%,29.89in,7.0mi,Variable,6.9mph,  -,N/A,	,Clear

1:51 PM,93.0°F,97.9°F,69.1°F,45%,29.87in,7.0mi,Variable,3.5mph,  -,N/A,	,Clear

2:51 PM,93.0°F,97.4°F,68.0°F,44%,29.85in,7.0mi,WNW,10.4mph,18.4mph,N/A,	,Clear

3:51 PM,91.9°F,96.9°F,69.1°F,47%,29.83in,7.0mi,Variable,4.6mph,17.3mph,N/A,	,Partly Cloudy

4:51 PM,93.9°F,97.5°F,66.9°F,41%,29.82in,7.0mi,Variable,5.8mph,  -,N/A,	,Clear

5:51 PM,93.0°F,97.9°F,69.1°F,45%,29.80in,7.0mi,North,  -,  -,N/A,	,Clear

6:51 PM,91.9°F,95.9°F,68.0°F,45%,29.78in,7.0mi,West,6.9mph,17.3mph,N/A,	,Clear

7:51 PM,89.1°F,95.0°F,71.1°F,55%,29.78in,6.0mi,Variable,6.9mph,  -,N/A,	,Haze

8:51 PM,89.1°F,92.1°F,66.9°F,48%,29.79in,9.0mi,WSW,9.2mph,18.4mph,N/A,	,Clear

9:51 PM,86.0°F,91.5°F,71.1°F,61%,29.81in,8.0mi,Calm,Calm,  -,N/A,	,Clear

10:51 PM,84.9°F,89.4°F,70.0°F,61%,29.81in,8.0mi,Variable,4.6mph,17.3mph,N/A,	,Clear

11:51 PM,84.9°F,88.8°F,69.1°F,59%,29.81in,8.0mi,Variable,5.8mph,17.3mph,N/A,	,Clear

