20160427
Time (EDT),Temp.,Windchill,Dew Point,Humidity,Pressure,Visibility,Wind Dir,Wind Speed,Gust Speed,Precip,Events,Conditions

12:15 AM,46.9°F,  -,39.0°F,74%,29.89in,10.0mi,Variable,6.9mph,  -,N/A,	,Overcast

12:51 AM,46.9°F,  -,39.0°F,74%,29.87in,10.0mi,Variable,5.8mph,  -,N/A,	,Overcast

1:30 AM,46.9°F,  -,39.0°F,74%,29.89in,10.0mi,East,5.8mph,  -,N/A,	,Overcast

1:51 AM,46.9°F,  -,39.0°F,74%,29.87in,10.0mi,East,6.9mph,  -,N/A,	,Overcast

2:51 AM,46.0°F,  -,39.0°F,76%,29.88in,10.0mi,Calm,Calm,  -,N/A,	,Overcast

3:51 AM,46.0°F,43.1°F,37.9°F,73%,29.91in,10.0mi,ENE,5.8mph,  -,N/A,	,Overcast

4:51 AM,46.9°F,  -,37.9°F,71%,29.92in,10.0mi,Calm,Calm,  -,N/A,	,Overcast

5:51 AM,46.9°F,  -,37.0°F,68%,29.92in,10.0mi,NNE,6.9mph,  -,N/A,	,Overcast

6:51 AM,46.9°F,  -,36.0°F,66%,29.92in,10.0mi,ENE,6.9mph,  -,N/A,	,Overcast

7:51 AM,48.9°F,  -,37.0°F,64%,29.93in,10.0mi,ENE,5.8mph,  -,N/A,	,Overcast

8:51 AM,50.0°F,  -,37.9°F,63%,29.94in,10.0mi,Variable,5.8mph,  -,N/A,	,Overcast

9:51 AM,51.1°F,  -,37.0°F,59%,29.95in,10.0mi,Variable,3.5mph,  -,N/A,	,Overcast

10:51 AM,52.0°F,  -,37.0°F,57%,29.94in,10.0mi,Calm,Calm,  -,N/A,	,Overcast

11:51 AM,53.1°F,  -,37.0°F,55%,29.94in,10.0mi,Calm,Calm,  -,N/A,	,Overcast

12:51 PM,55.9°F,  -,39.0°F,53%,29.92in,10.0mi,Calm,Calm,  -,N/A,	,Overcast

1:51 PM,57.9°F,  -,39.0°F,49%,29.90in,10.0mi,Variable,3.5mph,  -,N/A,	,Partly Cloudy

2:51 PM,59.0°F,  -,37.9°F,46%,29.88in,10.0mi,Calm,Calm,  -,N/A,	,Partly Cloudy

3:51 PM,62.1°F,  -,41.0°F,46%,29.87in,10.0mi,Variable,3.5mph,  -,N/A,	,Clear

4:51 PM,59.0°F,  -,41.0°F,51%,29.88in,10.0mi,Variable,6.9mph,  -,N/A,	,Clear

5:51 PM,57.9°F,  -,42.1°F,56%,29.87in,10.0mi,SSE,8.1mph,  -,N/A,	,Clear

6:51 PM,55.0°F,  -,41.0°F,59%,29.87in,10.0mi,South,9.2mph,  -,N/A,	,Clear

7:51 PM,54.0°F,  -,42.1°F,64%,29.87in,10.0mi,Variable,4.6mph,  -,N/A,	,Clear

8:51 PM,54.0°F,  -,43.0°F,66%,29.87in,10.0mi,WSW,4.6mph,  -,N/A,	,Clear

9:51 PM,54.0°F,  -,43.0°F,66%,29.89in,10.0mi,Variable,5.8mph,  -,N/A,	,Clear

10:51 PM,54.0°F,  -,43.0°F,66%,29.91in,10.0mi,WSW,5.8mph,  -,N/A,	,Clear

11:51 PM,53.1°F,  -,43.0°F,69%,29.92in,10.0mi,West,4.6mph,  -,N/A,	,Clear

