20161120
Time (EST),Temp.,Windchill,Dew Point,Humidity,Pressure,Visibility,Wind Dir,Wind Speed,Gust Speed,Precip,Events,Conditions

12:12 AM,37.0°F,31.0°F,34.0°F,89%,29.61in,4.0mi,WNW,8.1mph,21.9mph,0.08in,Rain,Rain

12:23 AM,37.0°F,31.6°F,34.0°F,89%,29.61in,3.0mi,Variable,6.9mph,  -,0.10in,Rain,Rain

12:51 AM,37.0°F,31.6°F,34.0°F,89%,29.57in,4.0mi,Variable,6.9mph,19.6mph,0.15in,Rain,Rain

1:04 AM,37.0°F,29.3°F,34.0°F,89%,29.60in,8.0mi,WNW,11.5mph,20.7mph,0.02in,	,Overcast

1:25 AM,35.1°F,27.4°F,33.1°F,92%,29.57in,2.5mi,NW,10.4mph,20.7mph,0.04in,Snow,Light Snow

1:43 AM,35.1°F,29.3°F,32.0°F,89%,29.58in,4.0mi,West,6.9mph,  -,0.09in,Rain,Rain

1:51 AM,35.1°F,  -,33.1°F,92%,29.56in,5.0mi,North,  -,  -,0.10in,Rain,Light Rain

2:24 AM,35.1°F,29.3°F,32.0°F,89%,29.58in,2.0mi,Variable,6.9mph,  -,0.06in,Snow,Light Snow

2:48 AM,35.6°F,29.2°F,32.0°F,87%,29.58in,5.0mi,West,8.1mph,  -,0.10in,Snow,Light Snow

2:51 AM,35.1°F,27.4°F,32.0°F,89%,29.56in,5.0mi,West,10.4mph,17.3mph,0.10in,	,Overcast

3:33 AM,37.0°F,30.4°F,34.0°F,89%,29.58in,10.0mi,West,9.2mph,17.3mph,0.01in,	,Overcast

3:47 AM,37.4°F,31.4°F,33.8°F,87%,29.58in,10.0mi,West,8.1mph,21.9mph,0.01in,	,Overcast

3:51 AM,37.0°F,29.3°F,33.1°F,86%,29.56in,10.0mi,West,11.5mph,21.9mph,0.01in,	,Overcast

4:02 AM,37.9°F,30.5°F,33.1°F,83%,29.58in,10.0mi,WNW,11.5mph,24.2mph,N/A,	,Overcast

4:51 AM,37.9°F,30.9°F,30.9°F,76%,29.57in,10.0mi,WNW,10.4mph,20.7mph,N/A,	,Overcast

5:51 AM,39.0°F,32.3°F,30.0°F,70%,29.58in,10.0mi,West,10.4mph,23.0mph,N/A,	,Overcast

6:51 AM,39.0°F,34.8°F,28.9°F,67%,29.59in,10.0mi,Variable,5.8mph,19.6mph,N/A,	,Overcast

7:51 AM,39.0°F,34.8°F,28.9°F,67%,29.59in,10.0mi,Variable,5.8mph,  -,N/A,	,Overcast

8:51 AM,39.0°F,32.8°F,27.0°F,62%,29.58in,10.0mi,West,9.2mph,20.7mph,N/A,	,Overcast

9:51 AM,39.0°F,34.0°F,27.0°F,62%,29.58in,10.0mi,Variable,6.9mph,23.0mph,N/A,	,Overcast

10:51 AM,39.9°F,34.5°F,28.0°F,63%,29.56in,10.0mi,West,8.1mph,20.7mph,N/A,	,Overcast

11:51 AM,41.0°F,38.0°F,28.9°F,62%,29.55in,10.0mi,Variable,4.6mph,21.9mph,N/A,	,Overcast

12:51 PM,41.0°F,34.3°F,28.9°F,62%,29.53in,10.0mi,WNW,11.5mph,21.9mph,N/A,	,Overcast

1:51 PM,41.0°F,34.3°F,28.0°F,60%,29.52in,10.0mi,West,11.5mph,24.2mph,N/A,	,Overcast

2:51 PM,39.0°F,32.8°F,28.9°F,67%,29.53in,10.0mi,West,9.2mph,34.5mph,N/A,	,Overcast

3:51 PM,41.0°F,  -,23.0°F,49%,29.55in,10.0mi,North,  -,  -,N/A,	,Overcast

4:51 PM,39.9°F,33.4°F,21.9°F,49%,29.56in,10.0mi,WNW,10.4mph,33.4mph,N/A,	,Overcast

5:51 PM,39.0°F,29.9°F,23.0°F,53%,29.56in,10.0mi,West,17.3mph,27.6mph,N/A,	,Overcast

6:51 PM,39.0°F,31.0°F,21.9°F,50%,29.56in,10.0mi,West,13.8mph,27.6mph,N/A,	,Overcast

7:51 PM,39.9°F,31.8°F,19.9°F,45%,29.56in,10.0mi,WNW,15.0mph,29.9mph,N/A,	,Overcast

8:51 PM,39.9°F,31.8°F,19.9°F,45%,29.56in,10.0mi,WNW,15.0mph,25.3mph,N/A,	,Overcast

9:51 PM,37.9°F,31.5°F,23.0°F,55%,29.57in,5.0mi,WNW,9.2mph,25.3mph,0.00in,Snow,Light Snow

10:51 PM,37.9°F,30.0°F,19.9°F,48%,29.57in,10.0mi,WNW,12.7mph,32.2mph,0.00in,	,Overcast

11:51 PM,37.9°F,30.5°F,19.0°F,47%,29.57in,10.0mi,WNW,11.5mph,27.6mph,N/A,	,Overcast

