20160516
Time (EDT),Temp.,Dew Point,Humidity,Pressure,Visibility,Wind Dir,Wind Speed,Gust Speed,Precip,Events,Conditions

12:56 AM,46.4°F,30.2°F,53%,		-,  -,North,  -,  -,N/A,	,Unknown

1:58 AM,44.6°F,26.6°F,49%,		-,  -,North,  -,  -,N/A,	,Unknown

2:59 AM,44.6°F,26.6°F,49%,		-,  -,North,  -,  -,N/A,	,Unknown

3:54 AM,42.8°F,26.6°F,53%,		-,  -,North,  -,  -,N/A,	,Unknown

4:54 AM,42.8°F,26.6°F,53%,		-,  -,North,  -,  -,N/A,	,Unknown

5:54 AM,42.8°F,26.6°F,53%,		-,  -,North,  -,  -,N/A,	,Unknown

6:54 AM,46.4°F,26.6°F,46%,		-,  -,North,  -,  -,N/A,	,Unknown

7:54 AM,46.4°F,26.6°F,46%,		-,  -,North,  -,  -,N/A,	,Unknown

8:54 AM,48.2°F,26.6°F,43%,		-,  -,North,  -,  -,N/A,	,Unknown

9:55 AM,48.2°F,26.6°F,43%,		-,  -,North,  -,  -,N/A,	,Unknown

10:52 AM,51.8°F,23.0°F,33%,		-,  -,North,  -,  -,N/A,	,Unknown

11:53 AM,55.4°F,23.0°F,29%,		-,  -,North,  -,  -,N/A,	,Unknown

12:55 PM,59.0°F,24.8°F,27%,		-,  -,North,  -,  -,N/A,	,Unknown

1:52 PM,60.8°F,24.8°F,25%,		-,  -,North,  -,  -,N/A,	,Unknown

2:55 PM,62.6°F,26.6°F,26%,		-,  -,North,  -,  -,N/A,	,Unknown

3:53 PM,64.4°F,24.8°F,22%,		-,  -,North,  -,  -,N/A,	,Unknown

4:55 PM,66.2°F,24.8°F,21%,		-,  -,North,  -,  -,N/A,	,Unknown

5:55 PM,66.2°F,24.8°F,21%,		-,  -,North,  -,  -,N/A,	,Unknown

6:51 PM,64.9°F,28.0°F,25%,30.07in,10.0mi,WNW,8.1mph,  -,N/A,	,Clear

6:56 PM,64.4°F,26.6°F,24%,		-,  -,North,  -,  -,N/A,	,Unknown

7:51 PM,64.0°F,28.9°F,27%,30.09in,10.0mi,WNW,9.2mph,  -,N/A,	,Clear

8:51 PM,62.1°F,30.0°F,30%,30.11in,10.0mi,Variable,3.5mph,  -,N/A,	,Clear

8:55 PM,60.8°F,28.4°F,29%,		-,  -,North,  -,  -,N/A,	,Unknown

9:51 PM,61.0°F,32.0°F,34%,30.14in,10.0mi,Variable,4.6mph,  -,N/A,	,Clear

10:51 PM,60.1°F,33.1°F,36%,30.16in,10.0mi,North,  -,  -,N/A,	,Clear

11:51 PM,61.0°F,32.0°F,34%,30.16in,10.0mi,Variable,5.8mph,  -,N/A,	,Clear

