20160724
Time (EDT),Temp.,Heat Index,Dew Point,Humidity,Pressure,Visibility,Wind Dir,Wind Speed,Gust Speed,Precip,Events,Conditions

12:51 AM,81.0°F,81.0°F,57.0°F,44%,29.91in,10.0mi,Calm,Calm,  -,N/A,	,Clear

1:51 AM,79.0°F,  -,59.0°F,50%,29.93in,10.0mi,NE,3.5mph,  -,N/A,	,Clear

2:51 AM,78.1°F,  -,61.0°F,56%,29.93in,10.0mi,ENE,3.5mph,  -,N/A,	,Clear

3:51 AM,79.0°F,  -,60.1°F,52%,29.94in,10.0mi,NNE,4.6mph,  -,N/A,	,Clear

4:51 AM,77.0°F,  -,57.9°F,52%,29.94in,10.0mi,Variable,3.5mph,  -,N/A,	,Clear

5:51 AM,75.9°F,  -,59.0°F,56%,29.96in,10.0mi,ENE,4.6mph,  -,N/A,	,Clear

6:51 AM,77.0°F,  -,61.0°F,58%,29.98in,9.0mi,NE,4.6mph,  -,N/A,	,Clear

7:51 AM,79.0°F,  -,61.0°F,54%,29.98in,9.0mi,Variable,3.5mph,  -,N/A,	,Clear

8:51 AM,79.0°F,  -,60.1°F,52%,29.99in,9.0mi,Variable,3.5mph,  -,N/A,	,Clear

9:51 AM,81.0°F,81.9°F,62.1°F,52%,29.99in,9.0mi,West,6.9mph,  -,N/A,	,Clear

10:51 AM,84.9°F,85.0°F,61.0°F,44%,29.98in,9.0mi,Variable,3.5mph,  -,N/A,	,Clear

11:51 AM,88.0°F,87.6°F,60.1°F,39%,29.97in,9.0mi,Calm,Calm,  -,N/A,	,Clear

12:51 PM,91.0°F,90.2°F,59.0°F,34%,29.97in,9.0mi,NW,3.5mph,  -,N/A,	,Clear

1:51 PM,91.9°F,91.5°F,60.1°F,34%,29.96in,9.0mi,WSW,5.8mph,  -,N/A,	,Clear

2:51 PM,93.0°F,92.0°F,57.9°F,31%,29.94in,9.0mi,Calm,Calm,  -,N/A,	,Clear

3:51 PM,89.1°F,90.3°F,64.0°F,43%,29.92in,8.0mi,Variable,4.6mph,  -,N/A,	,Clear

4:51 PM,88.0°F,88.7°F,63.0°F,43%,29.93in,9.0mi,Variable,5.8mph,  -,N/A,	,Clear

5:51 PM,86.0°F,88.2°F,66.0°F,51%,29.93in,8.0mi,Variable,3.5mph,  -,N/A,	,Clear

6:51 PM,84.9°F,87.1°F,66.0°F,53%,29.93in,8.0mi,Variable,3.5mph,  -,N/A,	,Clear

7:51 PM,84.0°F,86.5°F,66.9°F,56%,29.94in,8.0mi,South,3.5mph,  -,N/A,	,Clear

8:51 PM,82.9°F,85.0°F,66.0°F,56%,29.95in,9.0mi,Variable,5.8mph,  -,N/A,	,Clear

9:51 PM,82.9°F,85.0°F,66.0°F,56%,29.96in,9.0mi,Variable,5.8mph,  -,N/A,	,Clear

10:51 PM,82.0°F,84.5°F,66.9°F,60%,29.97in,9.0mi,Variable,4.6mph,  -,N/A,	,Clear

11:51 PM,81.0°F,83.3°F,66.9°F,62%,29.96in,9.0mi,North,  -,  -,N/A,	,Clear

