20160204
Time (EST),Temp.,Windchill,Dew Point,Humidity,Pressure,Visibility,Wind Dir,Wind Speed,Gust Speed,Precip,Events,Conditions

12:27 AM,57.9°F,  -,53.1°F,84%,29.92in,10.0mi,Variable,4.6mph,16.1mph,N/A,	,Overcast

12:51 AM,57.9°F,  -,53.1°F,84%,29.89in,10.0mi,Calm,Calm,  -,N/A,	,Overcast

1:51 AM,57.9°F,  -,53.1°F,84%,29.89in,10.0mi,SW,3.5mph,  -,N/A,	,Overcast

2:43 AM,57.9°F,  -,53.1°F,84%,29.91in,10.0mi,WSW,4.6mph,  -,N/A,	,Overcast

2:51 AM,57.9°F,  -,53.1°F,84%,29.88in,10.0mi,Variable,4.6mph,  -,N/A,	,Overcast

3:51 AM,57.9°F,  -,54.0°F,87%,29.87in,10.0mi,SW,6.9mph,16.1mph,N/A,	,Overcast

4:31 AM,57.9°F,  -,54.0°F,87%,29.88in,10.0mi,Variable,5.8mph,18.4mph,N/A,	,Overcast

4:51 AM,57.9°F,  -,55.0°F,90%,29.86in,10.0mi,Variable,6.9mph,  -,N/A,	,Overcast

5:51 AM,57.0°F,  -,55.0°F,93%,29.87in,5.0mi,WSW,5.8mph,  -,N/A,	,Overcast

6:27 AM,55.9°F,  -,54.0°F,93%,29.90in,2.5mi,WNW,6.9mph,  -,N/A,	,Overcast

6:42 AM,55.9°F,  -,54.0°F,93%,29.91in,3.0mi,West,3.5mph,  -,N/A,	,Overcast

6:51 AM,55.9°F,  -,54.0°F,93%,29.88in,4.0mi,West,3.5mph,  -,N/A,	,Overcast

7:22 AM,55.9°F,  -,53.1°F,90%,29.93in,7.0mi,Variable,5.8mph,  -,N/A,	,Overcast

7:47 AM,55.4°F,  -,53.6°F,94%,29.96in,9.0mi,NW,11.5mph,18.4mph,N/A,	,Overcast

7:51 AM,54.0°F,  -,50.0°F,86%,29.95in,9.0mi,NW,8.1mph,18.4mph,N/A,	,Overcast

8:00 AM,52.0°F,  -,43.0°F,71%,29.98in,10.0mi,Variable,4.6mph,18.4mph,N/A,	,Overcast

8:42 AM,51.1°F,  -,41.0°F,68%,30.01in,10.0mi,NW,9.2mph,  -,N/A,	,Overcast

8:51 AM,51.1°F,  -,41.0°F,68%,29.99in,10.0mi,WNW,5.8mph,  -,N/A,	,Overcast

9:51 AM,52.0°F,  -,36.0°F,54%,30.01in,10.0mi,Variable,3.5mph,  -,N/A,	,Overcast

10:51 AM,52.0°F,  -,34.0°F,50%,30.02in,10.0mi,NW,10.4mph,19.6mph,N/A,	,Mostly Cloudy

11:51 AM,53.1°F,  -,34.0°F,48%,30.01in,10.0mi,Variable,6.9mph,  -,N/A,	,Mostly Cloudy

12:51 PM,52.0°F,  -,33.1°F,49%,30.00in,10.0mi,Variable,3.5mph,  -,N/A,	,Overcast

1:51 PM,51.1°F,  -,30.9°F,46%,30.01in,10.0mi,NW,9.2mph,  -,N/A,	,Overcast

2:51 PM,51.1°F,  -,32.0°F,48%,30.00in,10.0mi,Calm,Calm,  -,N/A,	,Mostly Cloudy

3:51 PM,51.1°F,  -,30.9°F,46%,30.01in,10.0mi,North,8.1mph,  -,N/A,	,Overcast

4:51 PM,50.0°F,  -,28.9°F,44%,30.03in,10.0mi,Calm,Calm,  -,N/A,	,Overcast

5:51 PM,50.0°F,  -,28.0°F,43%,30.06in,10.0mi,WNW,4.6mph,  -,N/A,	,Overcast

6:51 PM,48.9°F,  -,28.0°F,44%,30.07in,10.0mi,Variable,3.5mph,  -,N/A,	,Overcast

7:51 PM,48.9°F,  -,28.0°F,44%,30.06in,10.0mi,Calm,Calm,  -,N/A,	,Overcast

8:51 PM,46.9°F,  -,30.0°F,52%,30.07in,10.0mi,North,9.2mph,18.4mph,0.00in,Rain,Light Rain

9:51 PM,46.0°F,41.4°F,28.9°F,51%,30.08in,10.0mi,NE,9.2mph,  -,0.00in,	,Overcast

10:51 PM,44.1°F,38.1°F,28.0°F,53%,30.06in,10.0mi,NNE,11.5mph,20.7mph,0.00in,Rain,Light Rain

11:51 PM,44.1°F,37.7°F,26.1°F,49%,30.06in,10.0mi,NNE,12.7mph,19.6mph,0.00in,	,Overcast

