20160615
Time (EDT),Temp.,Dew Point,Humidity,Pressure,Visibility,Wind Dir,Wind Speed,Gust Speed,Precip,Events,Conditions

12:51 AM,66.9°F,46.9°F,49%,29.98in,10.0mi,WNW,3.5mph,  -,N/A,	,Clear

1:51 AM,66.9°F,46.0°F,47%,29.98in,10.0mi,Calm,Calm,  -,N/A,	,Clear

2:51 AM,66.0°F,46.0°F,48%,29.96in,10.0mi,Calm,Calm,  -,N/A,	,Clear

3:51 AM,66.9°F,45.0°F,45%,29.96in,10.0mi,WNW,5.8mph,  -,N/A,	,Clear

4:51 AM,64.0°F,46.0°F,52%,29.96in,10.0mi,WNW,3.5mph,  -,N/A,	,Clear

5:51 AM,62.1°F,48.0°F,60%,29.97in,10.0mi,Calm,Calm,  -,N/A,	,Clear

6:51 AM,64.9°F,48.0°F,54%,29.98in,10.0mi,WNW,4.6mph,  -,N/A,	,Clear

7:51 AM,66.9°F,46.9°F,49%,29.99in,10.0mi,Variable,4.6mph,  -,N/A,	,Clear

8:51 AM,69.1°F,48.9°F,49%,29.99in,10.0mi,Calm,Calm,  -,N/A,	,Clear

9:51 AM,73.0°F,46.9°F,39%,29.98in,10.0mi,Calm,Calm,  -,N/A,	,Clear

10:51 AM,75.9°F,44.1°F,32%,29.97in,10.0mi,Variable,3.5mph,  -,N/A,	,Clear

11:51 AM,79.0°F,41.0°F,26%,29.95in,10.0mi,Calm,Calm,  -,N/A,	,Clear

12:51 PM,82.0°F,44.1°F,26%,29.93in,10.0mi,Variable,3.5mph,  -,N/A,	,Clear

1:51 PM,84.0°F,43.0°F,24%,29.90in,10.0mi,Calm,Calm,  -,N/A,	,Clear

2:51 PM,82.9°F,46.0°F,27%,29.88in,10.0mi,Variable,3.5mph,  -,N/A,	,Clear

3:51 PM,82.9°F,43.0°F,24%,29.86in,10.0mi,Calm,Calm,  -,N/A,	,Clear

4:51 PM,81.0°F,52.0°F,36%,29.85in,10.0mi,Variable,3.5mph,  -,N/A,	,Clear

5:51 PM,79.0°F,54.0°F,42%,29.84in,10.0mi,North,  -,  -,N/A,	,Clear

6:51 PM,77.0°F,54.0°F,45%,29.83in,10.0mi,Variable,3.5mph,  -,N/A,	,Clear

7:51 PM,77.0°F,55.9°F,48%,29.83in,9.0mi,Variable,3.5mph,  -,N/A,	,Clear

8:51 PM,75.9°F,55.9°F,50%,29.83in,10.0mi,South,3.5mph,  -,N/A,	,Clear

9:51 PM,75.0°F,57.0°F,53%,29.85in,10.0mi,North,  -,  -,N/A,	,Scattered Clouds

10:51 PM,75.9°F,54.0°F,46%,29.85in,10.0mi,SW,5.8mph,  -,N/A,	,Mostly Cloudy

11:51 PM,75.0°F,57.0°F,53%,29.85in,10.0mi,WSW,3.5mph,  -,N/A,	,Partly Cloudy

