20160617
Time (EDT),Temp.,Dew Point,Humidity,Pressure,Visibility,Wind Dir,Wind Speed,Gust Speed,Precip,Events,Conditions

12:51 AM,69.1°F,57.0°F,65%,29.79in,9.0mi,Calm,Calm,  -,N/A,	,Mostly Cloudy

1:51 AM,68.0°F,59.0°F,73%,29.80in,8.0mi,Calm,Calm,  -,N/A,	,Partly Cloudy

2:51 AM,68.0°F,57.9°F,70%,29.79in,9.0mi,Calm,Calm,  -,N/A,	,Clear

3:51 AM,66.9°F,59.0°F,76%,29.80in,9.0mi,Calm,Calm,  -,N/A,	,Clear

4:51 AM,66.0°F,60.1°F,81%,29.80in,9.0mi,NE,3.5mph,  -,N/A,	,Clear

5:51 AM,64.9°F,60.1°F,84%,29.82in,8.0mi,Calm,Calm,  -,N/A,	,Clear

6:51 AM,66.9°F,57.9°F,73%,29.85in,9.0mi,Calm,Calm,  -,N/A,	,Mostly Cloudy

7:51 AM,70.0°F,55.9°F,61%,29.87in,10.0mi,Variable,6.9mph,  -,N/A,	,Clear

8:51 AM,71.1°F,55.9°F,59%,29.89in,9.0mi,Variable,5.8mph,  -,N/A,	,Clear

9:51 AM,72.0°F,57.0°F,59%,29.91in,9.0mi,ENE,5.8mph,  -,N/A,	,Clear

10:51 AM,71.1°F,59.0°F,66%,29.93in,7.0mi,ENE,8.1mph,  -,N/A,	,Partly Cloudy

11:51 AM,73.9°F,59.0°F,59%,29.96in,7.0mi,NE,5.8mph,  -,N/A,	,Clear

12:51 PM,73.9°F,59.0°F,59%,29.97in,8.0mi,NE,9.2mph,  -,N/A,	,Partly Cloudy

1:51 PM,72.0°F,54.0°F,53%,29.99in,10.0mi,ENE,12.7mph,  -,N/A,	,Partly Cloudy

2:51 PM,75.9°F,54.0°F,46%,29.99in,10.0mi,ENE,6.9mph,  -,N/A,	,Clear

3:51 PM,75.9°F,50.0°F,40%,29.99in,10.0mi,Variable,4.6mph,  -,N/A,	,Partly Cloudy

4:51 PM,75.0°F,46.9°F,37%,30.01in,10.0mi,SSE,8.1mph,  -,N/A,	,Clear

5:51 PM,72.0°F,45.0°F,38%,30.01in,10.0mi,Variable,4.6mph,  -,N/A,	,Clear

6:51 PM,70.0°F,42.1°F,36%,30.04in,10.0mi,Variable,4.6mph,  -,N/A,	,Clear

7:51 PM,68.0°F,46.0°F,45%,30.05in,10.0mi,North,  -,  -,N/A,	,Clear

8:51 PM,66.0°F,48.9°F,54%,30.07in,10.0mi,Variable,4.6mph,  -,N/A,	,Clear

9:51 PM,64.9°F,46.9°F,52%,30.10in,10.0mi,South,4.6mph,  -,N/A,	,Clear

10:51 PM,64.0°F,46.9°F,54%,30.11in,10.0mi,Variable,3.5mph,  -,N/A,	,Clear

11:51 PM,63.0°F,48.0°F,58%,30.12in,10.0mi,South,3.5mph,  -,N/A,	,Clear

