20160330
Time (EDT),Temp.,Windchill,Dew Point,Humidity,Pressure,Visibility,Wind Dir,Wind Speed,Gust Speed,Precip,Events,Conditions

12:51 AM,39.9°F,  -,10.9°F,31%,30.24in,10.0mi,North,  -,  -,N/A,	,Clear

1:51 AM,39.0°F,34.8°F,10.0°F,30%,30.27in,10.0mi,NW,5.8mph,  -,N/A,	,Clear

2:51 AM,37.9°F,32.7°F,12.0°F,35%,30.30in,10.0mi,West,6.9mph,  -,N/A,	,Clear

3:51 AM,37.9°F,35.5°F,10.9°F,33%,30.29in,10.0mi,WNW,3.5mph,  -,N/A,	,Clear

4:51 AM,37.9°F,35.5°F,12.0°F,35%,30.32in,10.0mi,Variable,3.5mph,  -,N/A,	,Clear

5:51 AM,37.0°F,32.4°F,12.0°F,36%,30.34in,10.0mi,WNW,5.8mph,  -,N/A,	,Clear

6:51 AM,37.0°F,  -,12.9°F,37%,30.36in,10.0mi,Calm,Calm,  -,N/A,	,Clear

7:51 AM,37.9°F,  -,12.0°F,35%,30.37in,10.0mi,Calm,Calm,  -,N/A,	,Clear

8:51 AM,42.1°F,  -,12.9°F,31%,30.38in,10.0mi,Calm,Calm,  -,N/A,	,Clear

9:51 AM,46.0°F,43.9°F,14.0°F,28%,30.37in,10.0mi,ENE,4.6mph,  -,N/A,	,Clear

10:51 AM,48.0°F,  -,12.9°F,24%,30.37in,10.0mi,Calm,Calm,  -,N/A,	,Clear

11:51 AM,52.0°F,  -,12.9°F,21%,30.35in,10.0mi,North,3.5mph,  -,N/A,	,Clear

12:51 PM,51.1°F,  -,10.9°F,20%,30.33in,10.0mi,Variable,5.8mph,  -,N/A,	,Clear

1:51 PM,53.1°F,  -,12.9°F,20%,30.30in,10.0mi,Variable,4.6mph,  -,N/A,	,Clear

2:51 PM,52.0°F,  -,18.0°F,26%,30.28in,10.0mi,South,10.4mph,17.3mph,N/A,	,Clear

3:51 PM,50.0°F,  -,23.0°F,35%,30.27in,10.0mi,North,  -,  -,N/A,	,Clear

4:51 PM,48.0°F,  -,28.0°F,46%,30.24in,10.0mi,South,10.4mph,21.9mph,N/A,	,Clear

5:51 PM,50.0°F,  -,30.0°F,46%,30.21in,10.0mi,Variable,5.8mph,19.6mph,N/A,	,Clear

6:51 PM,48.9°F,  -,32.0°F,52%,30.18in,10.0mi,SSE,8.1mph,19.6mph,N/A,	,Clear

7:51 PM,48.9°F,  -,32.0°F,52%,30.18in,10.0mi,South,9.2mph,  -,N/A,	,Clear

8:51 PM,48.9°F,  -,30.9°F,50%,30.20in,10.0mi,SSW,8.1mph,18.4mph,N/A,	,Clear

9:51 PM,48.9°F,  -,26.1°F,41%,30.19in,10.0mi,Variable,4.6mph,  -,N/A,	,Clear

10:51 PM,46.9°F,  -,27.0°F,46%,30.16in,10.0mi,South,9.2mph,  -,N/A,	,Clear

11:51 PM,48.9°F,  -,26.1°F,41%,30.16in,10.0mi,West,6.9mph,  -,N/A,	,Clear

