20160324
Time (EDT),Temp.,Windchill,Dew Point,Humidity,Pressure,Visibility,Wind Dir,Wind Speed,Gust Speed,Precip,Events,Conditions

12:51 AM,53.1°F,  -,36.0°F,52%,30.06in,10.0mi,NE,5.8mph,  -,N/A,	,Clear

1:51 AM,50.0°F,  -,37.0°F,61%,30.06in,10.0mi,ENE,16.1mph,24.2mph,N/A,	,Clear

2:51 AM,46.0°F,40.2°F,36.0°F,68%,30.06in,10.0mi,NE,12.7mph,26.5mph,N/A,	,Clear

3:51 AM,45.0°F,40.6°F,35.1°F,68%,30.06in,10.0mi,East,8.1mph,  -,N/A,	,Clear

4:51 AM,45.0°F,40.6°F,35.1°F,68%,30.06in,10.0mi,ENE,8.1mph,  -,N/A,	,Clear

5:51 AM,44.1°F,40.1°F,35.1°F,71%,30.09in,10.0mi,ENE,6.9mph,  -,N/A,	,Clear

6:51 AM,44.1°F,37.7°F,34.0°F,68%,30.10in,10.0mi,ENE,12.7mph,23.0mph,N/A,	,Clear

7:51 AM,44.1°F,39.5°F,32.0°F,63%,30.09in,10.0mi,East,8.1mph,23.0mph,N/A,	,Clear

8:51 AM,45.0°F,38.2°F,33.1°F,63%,30.11in,10.0mi,ENE,15.0mph,23.0mph,N/A,	,Clear

9:39 AM,46.0°F,39.3°F,33.1°F,61%,30.12in,10.0mi,East,16.1mph,25.3mph,N/A,	,Mostly Cloudy

9:51 AM,46.9°F,  -,33.1°F,59%,30.11in,10.0mi,East,13.8mph,25.3mph,N/A,	,Overcast

10:46 AM,48.2°F,  -,35.6°F,62%,30.13in,10.0mi,ENE,16.1mph,21.9mph,N/A,	,Partly Cloudy

10:51 AM,48.9°F,  -,35.1°F,59%,30.11in,10.0mi,East,8.1mph,21.9mph,N/A,	,Partly Cloudy

11:51 AM,48.9°F,  -,35.1°F,59%,30.09in,10.0mi,ENE,11.5mph,21.9mph,N/A,	,Clear

12:51 PM,51.1°F,  -,36.0°F,56%,30.07in,10.0mi,East,11.5mph,20.7mph,N/A,	,Clear

1:51 PM,53.1°F,  -,37.0°F,55%,30.04in,10.0mi,NE,13.8mph,19.6mph,N/A,	,Clear

2:51 PM,53.1°F,  -,37.0°F,55%,30.01in,10.0mi,East,6.9mph,  -,N/A,	,Scattered Clouds

2:58 PM,53.1°F,  -,37.0°F,55%,30.03in,10.0mi,Variable,5.8mph,  -,N/A,	,Mostly Cloudy

3:51 PM,51.1°F,  -,36.0°F,56%,29.99in,10.0mi,ENE,12.7mph,20.7mph,N/A,	,Overcast

4:51 PM,50.0°F,  -,36.0°F,59%,29.97in,10.0mi,Variable,4.6mph,  -,N/A,	,Overcast

5:51 PM,48.9°F,  -,39.0°F,69%,29.96in,9.0mi,Variable,5.8mph,  -,N/A,	,Overcast

6:09 PM,48.0°F,  -,39.0°F,71%,29.97in,8.0mi,Variable,4.6mph,17.3mph,N/A,	,Overcast

6:51 PM,46.9°F,  -,39.0°F,74%,29.94in,7.0mi,ESE,8.1mph,17.3mph,N/A,	,Overcast

7:36 PM,46.0°F,43.9°F,39.9°F,79%,29.96in,8.0mi,Variable,4.6mph,17.3mph,N/A,	,Overcast

7:51 PM,46.0°F,42.5°F,39.9°F,79%,29.93in,7.0mi,Variable,6.9mph,  -,N/A,	,Overcast

8:51 PM,46.0°F,43.1°F,41.0°F,83%,29.92in,6.0mi,Variable,5.8mph,  -,N/A,	,Haze

9:51 PM,46.0°F,41.9°F,41.0°F,83%,29.91in,6.0mi,East,8.1mph,  -,N/A,	,Haze

10:51 PM,45.0°F,43.5°F,41.0°F,86%,29.88in,4.0mi,Variable,3.5mph,  -,N/A,	,Overcast

10:58 PM,45.0°F,41.2°F,41.0°F,86%,29.89in,4.0mi,ENE,6.9mph,  -,N/A,	,Overcast

11:51 PM,45.0°F,43.5°F,41.0°F,86%,29.86in,5.0mi,East,3.5mph,  -,N/A,	,Overcast

11:58 PM,46.0°F,44.8°F,41.0°F,83%,29.88in,5.0mi,Variable,3.5mph,  -,N/A,	,Haze

