20161009
Time (EDT),Temp.,Dew Point,Humidity,Pressure,Visibility,Wind Dir,Wind Speed,Gust Speed,Precip,Events,Conditions

12:00 AM,64.9°F,63.0°F,93%,30.02in,1.8mi,Calm,Calm,  -,N/A,	,Overcast

12:14 AM,64.9°F,63.0°F,93%,30.01in,3.0mi,NW,5.8mph,  -,N/A,	,Overcast

12:51 AM,64.0°F,62.1°F,93%,29.97in,5.0mi,Calm,Calm,  -,N/A,	,Overcast

1:28 AM,64.0°F,62.1°F,93%,30.00in,2.0mi,Calm,Calm,  -,N/A,	,Overcast

1:51 AM,64.0°F,62.1°F,93%,29.97in,1.8mi,Calm,Calm,  -,0.00in,	,Overcast

2:02 AM,64.0°F,62.1°F,93%,30.00in,2.5mi,Calm,Calm,  -,0.01in,Rain,Light Rain

2:24 AM,64.0°F,62.1°F,93%,29.99in,1.2mi,NW,4.6mph,  -,0.01in,Rain,Light Rain

2:32 AM,64.0°F,62.1°F,93%,29.98in,3.0mi,Calm,Calm,  -,0.01in,Rain,Light Rain

2:47 AM,64.4°F,62.6°F,94%,29.98in,3.0mi,North,4.6mph,  -,0.01in,Rain,Light Rain

2:51 AM,64.0°F,62.1°F,93%,29.95in,3.0mi,Variable,3.5mph,  -,0.02in,Rain,Light Rain

3:26 AM,64.0°F,61.0°F,90%,29.97in,5.0mi,Calm,Calm,  -,0.01in,Rain,Light Rain

3:51 AM,61.0°F,59.0°F,93%,29.96in,6.0mi,Variable,3.5mph,17.3mph,0.02in,Rain,Light Rain

4:51 AM,57.0°F,55.0°F,93%,29.99in,5.0mi,Variable,4.6mph,  -,0.05in,Rain,Light Rain

5:09 AM,57.0°F,55.0°F,93%,30.02in,7.0mi,Variable,5.8mph,  -,0.00in,Rain,Light Rain

5:21 AM,57.0°F,54.0°F,89%,30.02in,6.0mi,North,  -,  -,0.01in,Rain,Light Rain

5:51 AM,57.0°F,54.0°F,89%,29.97in,5.0mi,North,8.1mph,  -,0.04in,Rain,Light Rain

6:51 AM,55.9°F,54.0°F,93%,29.99in,6.0mi,Variable,4.6mph,  -,0.04in,Rain,Light Rain

7:51 AM,55.0°F,50.0°F,83%,30.00in,9.0mi,NNE,9.2mph,17.3mph,0.04in,Rain,Light Rain

8:51 AM,54.0°F,50.0°F,86%,30.01in,8.0mi,NNE,8.1mph,  -,0.02in,Rain,Light Rain

9:51 AM,54.0°F,50.0°F,86%,30.00in,8.0mi,Variable,5.8mph,  -,0.03in,Rain,Light Rain

10:51 AM,51.1°F,46.9°F,86%,30.02in,6.0mi,North,9.2mph,23.0mph,0.04in,Rain,Light Rain

11:36 AM,51.1°F,48.0°F,89%,30.04in,2.5mi,NNE,9.2mph,18.4mph,0.05in,Rain,Rain

11:43 AM,52.0°F,48.0°F,86%,30.03in,3.0mi,NNE,11.5mph,20.7mph,0.06in,Rain,Light Rain

11:51 AM,52.0°F,48.0°F,86%,30.01in,3.0mi,NE,10.4mph,21.9mph,0.07in,Rain,Light Rain

12:20 PM,51.1°F,48.0°F,89%,30.05in,2.5mi,North,13.8mph,20.7mph,0.06in,Rain,Rain

12:51 PM,51.1°F,48.0°F,89%,30.01in,1.8mi,NNE,12.7mph,21.9mph,0.16in,Rain,Rain

12:58 PM,51.1°F,48.0°F,89%,30.03in,3.0mi,NNE,13.8mph,24.2mph,0.02in,Rain,Light Rain

1:51 PM,52.0°F,48.9°F,89%,29.99in,9.0mi,North,10.4mph,23.0mph,0.02in,	,Overcast

2:51 PM,54.0°F,48.0°F,80%,29.98in,10.0mi,NE,8.1mph,20.7mph,N/A,	,Overcast

3:51 PM,55.9°F,46.0°F,69%,30.00in,10.0mi,NNE,10.4mph,20.7mph,N/A,	,Overcast

4:51 PM,57.9°F,45.0°F,62%,30.00in,10.0mi,NNE,11.5mph,19.6mph,N/A,	,Overcast

5:51 PM,57.9°F,44.1°F,60%,30.01in,10.0mi,NNE,9.2mph,23.0mph,N/A,	,Mostly Cloudy

6:51 PM,57.9°F,41.0°F,53%,30.02in,10.0mi,NNW,8.1mph,  -,N/A,	,Clear

7:51 PM,57.0°F,39.9°F,53%,30.03in,10.0mi,North,  -,  -,N/A,	,Clear

8:51 PM,55.9°F,39.9°F,55%,30.04in,10.0mi,North,8.1mph,  -,N/A,	,Clear

9:51 PM,55.0°F,39.0°F,55%,30.06in,10.0mi,Variable,5.8mph,  -,N/A,	,Partly Cloudy

10:51 PM,54.0°F,37.9°F,55%,30.09in,10.0mi,Variable,6.9mph,  -,N/A,	,Clear

11:51 PM,53.1°F,37.9°F,57%,30.09in,10.0mi,Variable,4.6mph,  -,N/A,	,Scattered Clouds

