20160313
Time (EDT),Temp.,Dew Point,Humidity,Pressure,Visibility,Wind Dir,Wind Speed,Gust Speed,Precip,Events,Conditions

12:51 AM,52.0°F,37.9°F,59%,30.00in,10.0mi,West,6.9mph,  -,N/A,	,Clear

1:51 AM,52.0°F,37.9°F,59%,29.98in,10.0mi,Calm,Calm,  -,N/A,	,Clear

3:51 AM,52.0°F,37.9°F,59%,29.98in,10.0mi,Calm,Calm,  -,N/A,	,Clear

4:51 AM,52.0°F,37.9°F,59%,29.98in,10.0mi,West,4.6mph,  -,N/A,	,Clear

5:51 AM,53.1°F,37.9°F,57%,29.99in,10.0mi,West,4.6mph,  -,N/A,	,Clear

6:51 AM,53.1°F,37.0°F,55%,30.00in,10.0mi,Calm,Calm,  -,N/A,	,Clear

7:51 AM,54.0°F,36.0°F,51%,30.01in,10.0mi,WNW,3.5mph,  -,N/A,	,Clear

8:51 AM,55.9°F,33.1°F,42%,30.03in,10.0mi,Calm,Calm,  -,N/A,	,Clear

9:51 AM,57.9°F,30.9°F,36%,30.05in,10.0mi,Calm,Calm,  -,N/A,	,Clear

10:51 AM,60.1°F,30.0°F,32%,30.05in,10.0mi,NNE,9.2mph,  -,N/A,	,Clear

11:51 AM,60.1°F,28.9°F,31%,30.05in,10.0mi,NNE,8.1mph,  -,N/A,	,Clear

12:51 PM,61.0°F,28.9°F,30%,30.05in,10.0mi,ENE,5.8mph,  -,N/A,	,Clear

1:51 PM,61.0°F,28.0°F,29%,30.04in,10.0mi,NNE,8.1mph,  -,N/A,	,Clear

2:51 PM,61.0°F,26.1°F,26%,30.04in,10.0mi,ENE,4.6mph,  -,N/A,	,Clear

3:51 PM,62.1°F,26.1°F,25%,30.04in,10.0mi,ENE,4.6mph,  -,N/A,	,Clear

4:51 PM,61.0°F,25.0°F,25%,30.05in,10.0mi,Calm,Calm,  -,N/A,	,Partly Cloudy

5:51 PM,61.0°F,27.0°F,27%,30.05in,10.0mi,Variable,3.5mph,  -,N/A,	,Mostly Cloudy

6:51 PM,60.1°F,28.0°F,30%,30.06in,10.0mi,Calm,Calm,  -,N/A,	,Overcast

7:51 PM,57.0°F,30.0°F,36%,30.08in,10.0mi,South,8.1mph,  -,N/A,	,Overcast

8:51 PM,55.0°F,33.1°F,43%,30.09in,10.0mi,Calm,Calm,  -,N/A,	,Overcast

9:51 PM,53.1°F,34.0°F,48%,30.11in,10.0mi,Variable,3.5mph,  -,N/A,	,Overcast

10:51 PM,52.0°F,30.9°F,45%,30.11in,10.0mi,Calm,Calm,  -,N/A,	,Overcast

11:51 PM,52.0°F,32.0°F,47%,30.11in,10.0mi,Variable,3.5mph,  -,N/A,	,Overcast

12:51 AM,50.0°F,34.0°F,54%,30.13in,10.0mi,Variable,5.8mph,  -,0.00in,Rain,Light Rain

