20160913
Time (EDT),Temp.,Heat Index,Dew Point,Humidity,Pressure,Visibility,Wind Dir,Wind Speed,Gust Speed,Precip,Events,Conditions

12:51 AM,66.0°F,  -,55.9°F,70%,30.22in,10.0mi,Variable,3.5mph,  -,N/A,	,Clear

1:51 AM,66.0°F,  -,57.0°F,73%,30.21in,10.0mi,Variable,3.5mph,  -,N/A,	,Clear

2:51 AM,66.0°F,  -,55.0°F,68%,30.21in,10.0mi,Calm,Calm,  -,N/A,	,Clear

3:51 AM,64.0°F,  -,57.0°F,78%,30.22in,10.0mi,Calm,Calm,  -,N/A,	,Clear

4:51 AM,64.9°F,  -,57.0°F,75%,30.23in,10.0mi,WNW,3.5mph,  -,N/A,	,Clear

5:51 AM,64.0°F,  -,57.0°F,78%,30.23in,10.0mi,Calm,Calm,  -,N/A,	,Clear

6:51 AM,64.9°F,  -,57.0°F,75%,30.24in,10.0mi,Calm,Calm,  -,N/A,	,Clear

7:51 AM,66.9°F,  -,57.9°F,73%,30.24in,10.0mi,Variable,4.6mph,  -,N/A,	,Clear

8:51 AM,68.0°F,  -,59.0°F,73%,30.25in,9.0mi,WSW,4.6mph,  -,N/A,	,Clear

9:51 AM,71.1°F,  -,59.0°F,66%,30.24in,9.0mi,SW,4.6mph,  -,N/A,	,Clear

10:51 AM,73.0°F,  -,59.0°F,61%,30.23in,9.0mi,Calm,Calm,  -,N/A,	,Clear

11:51 AM,78.1°F,  -,59.0°F,52%,30.21in,9.0mi,Variable,4.6mph,  -,N/A,	,Clear

12:51 PM,79.0°F,  -,57.9°F,48%,30.19in,10.0mi,North,  -,  -,N/A,	,Clear

1:51 PM,82.0°F,82.1°F,59.0°F,45%,30.16in,10.0mi,Calm,Calm,  -,N/A,	,Partly Cloudy

2:51 PM,79.0°F,  -,60.1°F,52%,30.14in,10.0mi,Variable,6.9mph,  -,N/A,	,Scattered Clouds

3:51 PM,78.1°F,  -,61.0°F,56%,30.13in,10.0mi,Variable,5.8mph,  -,N/A,	,Clear

4:51 PM,77.0°F,  -,60.1°F,56%,30.11in,10.0mi,South,6.9mph,  -,N/A,	,Clear

5:51 PM,75.9°F,  -,60.1°F,58%,30.12in,10.0mi,North,  -,  -,N/A,	,Clear

6:51 PM,73.9°F,  -,60.1°F,62%,30.11in,10.0mi,South,5.8mph,  -,N/A,	,Clear

7:51 PM,73.0°F,  -,61.0°F,66%,30.12in,10.0mi,Variable,6.9mph,  -,N/A,	,Clear

8:51 PM,73.0°F,  -,62.1°F,68%,30.12in,10.0mi,Variable,4.6mph,  -,N/A,	,Clear

9:51 PM,72.0°F,  -,60.1°F,66%,30.13in,10.0mi,Variable,3.5mph,  -,N/A,	,Clear

10:51 PM,72.0°F,  -,57.9°F,61%,30.13in,10.0mi,Variable,4.6mph,  -,N/A,	,Clear

11:51 PM,71.1°F,  -,57.0°F,61%,30.12in,10.0mi,WSW,10.4mph,18.4mph,N/A,	,Clear

