20160711
Time (EDT),Temp.,Heat Index,Dew Point,Humidity,Pressure,Visibility,Wind Dir,Wind Speed,Gust Speed,Precip,Events,Conditions

12:51 AM,69.1°F,  -,57.9°F,68%,29.99in,10.0mi,Variable,3.5mph,  -,N/A,	,Clear

1:51 AM,69.1°F,  -,57.9°F,68%,30.01in,10.0mi,North,  -,  -,N/A,	,Clear

2:51 AM,68.0°F,  -,57.9°F,70%,30.01in,10.0mi,Calm,Calm,  -,N/A,	,Mostly Cloudy

3:51 AM,66.9°F,  -,57.9°F,73%,30.02in,10.0mi,Variable,3.5mph,  -,N/A,	,Clear

4:51 AM,66.0°F,  -,57.9°F,75%,30.04in,10.0mi,Variable,3.5mph,  -,N/A,	,Clear

5:51 AM,66.0°F,  -,57.9°F,75%,30.05in,10.0mi,Calm,Calm,  -,N/A,	,Clear

6:51 AM,66.0°F,  -,59.0°F,78%,30.07in,10.0mi,Calm,Calm,  -,N/A,	,Clear

7:51 AM,68.0°F,  -,60.1°F,76%,30.07in,10.0mi,Variable,4.6mph,  -,N/A,	,Scattered Clouds

8:46 AM,69.8°F,  -,60.8°F,73%,30.10in,10.0mi,Variable,4.6mph,  -,N/A,	,Mostly Cloudy

8:51 AM,70.0°F,  -,60.1°F,71%,30.08in,10.0mi,Variable,6.9mph,  -,N/A,	,Mostly Cloudy

9:01 AM,69.1°F,  -,60.1°F,73%,30.11in,10.0mi,Variable,5.8mph,  -,N/A,	,Scattered Clouds

9:51 AM,70.0°F,  -,59.0°F,68%,30.07in,10.0mi,Variable,6.9mph,  -,N/A,	,Partly Cloudy

10:51 AM,73.0°F,  -,57.9°F,59%,30.09in,10.0mi,Variable,5.8mph,  -,N/A,	,Mostly Cloudy

11:51 AM,75.0°F,  -,57.9°F,55%,30.09in,10.0mi,Variable,6.9mph,  -,N/A,	,Partly Cloudy

12:51 PM,78.1°F,  -,59.0°F,52%,30.08in,10.0mi,Calm,Calm,  -,N/A,	,Clear

1:51 PM,80.1°F,80.7°F,59.0°F,48%,30.06in,10.0mi,Variable,3.5mph,  -,N/A,	,Partly Cloudy

2:51 PM,79.0°F,  -,57.9°F,48%,30.08in,10.0mi,Variable,3.5mph,  -,N/A,	,Scattered Clouds

3:51 PM,79.0°F,  -,59.0°F,50%,30.09in,10.0mi,ENE,8.1mph,  -,N/A,	,Clear

4:51 PM,79.0°F,  -,57.9°F,48%,30.08in,10.0mi,Calm,Calm,  -,N/A,	,Clear

5:51 PM,79.0°F,  -,55.9°F,45%,30.06in,10.0mi,Variable,5.8mph,  -,N/A,	,Clear

6:51 PM,78.1°F,  -,55.9°F,46%,30.07in,10.0mi,Variable,3.5mph,  -,N/A,	,Clear

7:51 PM,77.0°F,  -,53.1°F,43%,30.09in,10.0mi,Variable,6.9mph,  -,N/A,	,Clear

8:51 PM,72.0°F,  -,61.0°F,68%,30.10in,10.0mi,Calm,Calm,  -,N/A,	,Clear

9:51 PM,71.1°F,  -,62.1°F,73%,30.10in,10.0mi,Variable,3.5mph,  -,N/A,	,Clear

10:51 PM,70.0°F,  -,61.0°F,73%,30.11in,10.0mi,Calm,Calm,  -,N/A,	,Clear

11:51 PM,70.0°F,  -,61.0°F,73%,30.11in,10.0mi,South,3.5mph,  -,N/A,	,Clear

