20160826
Time (EDT),Temp.,Heat Index,Dew Point,Humidity,Pressure,Visibility,Wind Dir,Wind Speed,Gust Speed,Precip,Events,Conditions

12:51 AM,78.8°F,  -,69.8°F,74%,		-,  -,North,  -,  -,N/A,	,Unknown

1:51 AM,77.0°F,  -,69.8°F,78%,		-,  -,North,  -,  -,N/A,	,Unknown

2:51 AM,77.0°F,  -,71.6°F,83%,		-,  -,North,  -,  -,N/A,	,Unknown

3:51 AM,77.0°F,  -,69.8°F,78%,		-,  -,North,  -,  -,N/A,	,Unknown

4:51 AM,75.2°F,  -,69.8°F,83%,		-,  -,North,  -,  -,N/A,	,Unknown

5:51 AM,75.2°F,  -,69.8°F,83%,		-,  -,North,  -,  -,N/A,	,Unknown

6:51 AM,77.0°F,  -,69.8°F,78%,		-,  -,North,  -,  -,N/A,	,Unknown

7:51 AM,77.0°F,  -,69.8°F,78%,		-,  -,North,  -,  -,N/A,	,Unknown

8:51 AM,78.8°F,  -,71.6°F,78%,		-,  -,North,  -,  -,N/A,	,Unknown

9:51 AM,82.4°F,87.2°F,71.6°F,70%,		-,  -,North,  -,  -,N/A,	,Unknown

10:51 AM,86.0°F,91.8°F,71.6°F,62%,		-,  -,North,  -,  -,N/A,	,Unknown

11:51 AM,87.8°F,93.8°F,71.6°F,58%,		-,  -,North,  -,  -,N/A,	,Unknown

12:51 PM,89.6°F,93.4°F,68.0°F,49%,		-,  -,North,  -,  -,N/A,	,Unknown

1:51 PM,87.8°F,90.4°F,66.2°F,49%,		-,  -,North,  -,  -,N/A,	,Unknown

2:51 PM,89.6°F,90.1°F,62.6°F,40%,		-,  -,North,  -,  -,N/A,	,Unknown

3:51 PM,89.6°F,91.1°F,64.4°F,43%,		-,  -,North,  -,  -,N/A,	,Unknown

4:51 PM,89.6°F,91.1°F,64.4°F,43%,		-,  -,North,  -,  -,N/A,	,Unknown

5:51 PM,87.8°F,88.5°F,62.6°F,43%,		-,  -,North,  -,  -,N/A,	,Unknown

6:51 PM,86.0°F,86.1°F,60.8°F,43%,		-,  -,North,  -,  -,N/A,	,Unknown

7:51 PM,84.2°F,84.4°F,60.8°F,45%,		-,  -,North,  -,  -,N/A,	,Unknown

8:51 PM,84.2°F,84.4°F,60.8°F,45%,		-,  -,North,  -,  -,N/A,	,Unknown

9:51 PM,82.4°F,82.9°F,60.8°F,48%,		-,  -,North,  -,  -,N/A,	,Unknown

10:51 PM,80.6°F,81.8°F,62.6°F,54%,		-,  -,North,  -,  -,N/A,	,Unknown

11:51 PM,80.6°F,81.8°F,62.6°F,54%,		-,  -,North,  -,  -,N/A,	,Unknown

