20160327
Time (EDT),Temp.,Windchill,Dew Point,Humidity,Pressure,Visibility,Wind Dir,Wind Speed,Gust Speed,Precip,Events,Conditions

12:51 AM,43.0°F,41.3°F,35.1°F,74%,30.39in,10.0mi,ESE,3.5mph,  -,N/A,	,Mostly Cloudy

1:51 AM,43.0°F,39.5°F,35.1°F,74%,30.39in,10.0mi,SE,5.8mph,  -,N/A,	,Overcast

2:51 AM,43.0°F,39.5°F,35.1°F,74%,30.40in,10.0mi,East,5.8mph,  -,N/A,	,Mostly Cloudy

3:51 AM,43.0°F,39.5°F,34.0°F,71%,30.39in,10.0mi,ESE,5.8mph,  -,N/A,	,Overcast

4:51 AM,43.0°F,38.8°F,34.0°F,71%,30.38in,10.0mi,East,6.9mph,  -,N/A,	,Overcast

5:51 AM,43.0°F,37.7°F,34.0°F,71%,30.37in,10.0mi,ENE,9.2mph,  -,N/A,	,Overcast

6:51 AM,43.0°F,40.3°F,35.1°F,74%,30.39in,10.0mi,Variable,4.6mph,  -,N/A,	,Overcast

7:51 AM,43.0°F,39.5°F,35.1°F,74%,30.40in,10.0mi,Variable,5.8mph,  -,N/A,	,Overcast

8:51 AM,43.0°F,40.3°F,34.0°F,71%,30.40in,10.0mi,Variable,4.6mph,  -,N/A,	,Overcast

9:51 AM,46.0°F,43.1°F,34.0°F,63%,30.40in,10.0mi,NE,5.8mph,  -,N/A,	,Overcast

10:51 AM,46.9°F,  -,34.0°F,61%,30.40in,10.0mi,North,  -,  -,N/A,	,Overcast

11:51 AM,51.1°F,  -,34.0°F,52%,30.38in,10.0mi,Calm,Calm,  -,N/A,	,Mostly Cloudy

12:38 PM,52.0°F,  -,35.1°F,53%,30.39in,10.0mi,Calm,Calm,  -,N/A,	,Mostly Cloudy

12:51 PM,51.1°F,  -,34.0°F,52%,30.37in,10.0mi,Variable,4.6mph,  -,N/A,	,Mostly Cloudy

1:51 PM,54.0°F,  -,35.1°F,49%,30.33in,10.0mi,Calm,Calm,  -,N/A,	,Partly Cloudy

2:51 PM,51.1°F,  -,35.1°F,54%,30.31in,10.0mi,SSE,6.9mph,  -,N/A,	,Clear

3:51 PM,50.0°F,  -,34.0°F,54%,30.29in,10.0mi,North,  -,  -,N/A,	,Clear

4:51 PM,48.0°F,  -,34.0°F,58%,30.28in,10.0mi,Variable,5.8mph,  -,N/A,	,Clear

5:51 PM,46.9°F,  -,34.0°F,61%,30.27in,10.0mi,North,  -,  -,N/A,	,Clear

6:51 PM,45.0°F,42.6°F,34.0°F,65%,30.25in,10.0mi,Variable,4.6mph,  -,N/A,	,Clear

7:51 PM,45.0°F,41.2°F,33.1°F,63%,30.25in,10.0mi,SSE,6.9mph,  -,N/A,	,Overcast

8:51 PM,45.0°F,  -,34.0°F,65%,30.23in,10.0mi,North,  -,  -,N/A,	,Overcast

9:51 PM,45.0°F,43.5°F,34.0°F,65%,30.21in,10.0mi,Variable,3.5mph,  -,N/A,	,Overcast

10:22 PM,45.0°F,41.2°F,34.0°F,65%,30.22in,10.0mi,East,6.9mph,  -,N/A,	,Overcast

10:51 PM,45.0°F,41.2°F,34.0°F,65%,30.19in,10.0mi,Variable,6.9mph,  -,N/A,	,Overcast

11:51 PM,45.0°F,41.2°F,35.1°F,68%,30.16in,9.0mi,ESE,6.9mph,  -,N/A,	,Overcast

