20161225
Time (EST),Temp.,Windchill,Dew Point,Humidity,Pressure,Visibility,Wind Dir,Wind Speed,Gust Speed,Precip,Events,Conditions

12:51 AM,41.0°F,34.7°F,30.9°F,67%,30.29in,10.0mi,WNW,10.4mph,19.6mph,N/A,	,Clear

1:39 AM,41.0°F,37.1°F,30.9°F,67%,30.32in,10.0mi,Variable,5.8mph,  -,N/A,	,Mostly Cloudy

1:47 AM,41.0°F,37.1°F,30.2°F,65%,30.32in,10.0mi,WNW,5.8mph,  -,N/A,	,Scattered Clouds

1:51 AM,41.0°F,36.4°F,30.9°F,67%,30.30in,10.0mi,WNW,6.9mph,  -,N/A,	,Partly Cloudy

2:51 AM,41.0°F,38.0°F,30.9°F,67%,30.32in,10.0mi,West,4.6mph,  -,N/A,	,Clear

3:51 AM,41.0°F,38.0°F,30.9°F,67%,30.32in,10.0mi,WNW,4.6mph,  -,N/A,	,Clear

4:51 AM,39.9°F,36.7°F,30.0°F,68%,30.33in,10.0mi,WNW,4.6mph,  -,N/A,	,Clear

5:51 AM,39.9°F,36.7°F,30.0°F,68%,30.35in,10.0mi,Variable,4.6mph,  -,N/A,	,Clear

6:51 AM,39.0°F,34.8°F,30.0°F,70%,30.38in,10.0mi,WNW,5.8mph,  -,N/A,	,Clear

7:51 AM,39.9°F,37.8°F,30.0°F,68%,30.40in,10.0mi,Variable,3.5mph,  -,N/A,	,Clear

8:51 AM,39.9°F,35.8°F,30.0°F,68%,30.43in,10.0mi,WNW,5.8mph,  -,N/A,	,Clear

9:51 AM,43.0°F,38.8°F,30.0°F,60%,30.45in,10.0mi,Variable,6.9mph,  -,N/A,	,Clear

10:51 AM,46.0°F,  -,30.0°F,54%,30.47in,10.0mi,North,  -,  -,N/A,	,Clear

11:51 AM,48.0°F,  -,30.0°F,50%,30.46in,10.0mi,Variable,4.6mph,  -,N/A,	,Clear

12:51 PM,48.0°F,  -,28.9°F,48%,30.46in,10.0mi,Variable,4.6mph,  -,N/A,	,Clear

1:51 PM,50.0°F,  -,30.0°F,46%,30.47in,10.0mi,Variable,3.5mph,  -,N/A,	,Clear

2:51 PM,50.0°F,  -,28.9°F,44%,30.49in,10.0mi,NE,6.9mph,  -,N/A,	,Clear

3:51 PM,48.0°F,  -,28.0°F,46%,30.51in,10.0mi,Variable,5.8mph,  -,N/A,	,Clear

4:51 PM,46.0°F,42.5°F,28.9°F,51%,30.53in,10.0mi,ENE,6.9mph,  -,N/A,	,Clear

5:51 PM,45.0°F,40.1°F,27.0°F,49%,30.56in,10.0mi,ENE,9.2mph,  -,N/A,	,Clear

6:51 PM,44.1°F,40.1°F,26.1°F,49%,30.59in,10.0mi,NE,6.9mph,17.3mph,N/A,	,Clear

7:51 PM,42.1°F,40.2°F,25.0°F,51%,30.63in,10.0mi,Variable,3.5mph,  -,N/A,	,Clear

8:51 PM,39.9°F,33.4°F,23.0°F,51%,30.65in,10.0mi,ENE,10.4mph,17.3mph,N/A,	,Clear

9:51 PM,39.0°F,33.4°F,19.9°F,46%,30.67in,10.0mi,ENE,8.1mph,  -,N/A,	,Clear

10:51 PM,37.9°F,32.1°F,19.0°F,47%,30.68in,10.0mi,ENE,8.1mph,18.4mph,N/A,	,Clear

11:51 PM,36.0°F,29.0°F,19.0°F,50%,30.70in,10.0mi,ENE,9.2mph,  -,N/A,	,Clear

