20161026
Time (EDT),Temp.,Windchill,Dew Point,Humidity,Pressure,Visibility,Wind Dir,Wind Speed,Gust Speed,Precip,Events,Conditions

12:51 AM,43.0°F,39.5°F,25.0°F,49%,30.36in,10.0mi,Variable,5.8mph,  -,N/A,	,Clear

1:51 AM,42.1°F,39.2°F,24.1°F,49%,30.37in,10.0mi,Variable,4.6mph,  -,N/A,	,Clear

2:51 AM,41.0°F,38.0°F,26.1°F,55%,30.37in,10.0mi,Variable,4.6mph,  -,N/A,	,Clear

3:51 AM,39.9°F,36.7°F,26.1°F,58%,30.37in,10.0mi,Variable,4.6mph,  -,N/A,	,Clear

4:51 AM,39.9°F,  -,27.0°F,60%,30.37in,10.0mi,Calm,Calm,  -,N/A,	,Clear

5:51 AM,39.0°F,35.7°F,27.0°F,62%,30.39in,10.0mi,WNW,4.6mph,  -,N/A,	,Clear

6:51 AM,39.0°F,  -,27.0°F,62%,30.41in,10.0mi,Calm,Calm,  -,N/A,	,Clear

7:51 AM,37.9°F,33.5°F,28.0°F,68%,30.41in,10.0mi,Variable,5.8mph,  -,N/A,	,Clear

8:51 AM,39.9°F,37.8°F,27.0°F,60%,30.43in,10.0mi,Variable,3.5mph,  -,N/A,	,Clear

9:51 AM,42.1°F,40.2°F,26.1°F,53%,30.43in,10.0mi,Variable,3.5mph,  -,N/A,	,Clear

10:51 AM,44.1°F,42.5°F,26.1°F,49%,30.42in,10.0mi,Variable,3.5mph,  -,N/A,	,Clear

11:51 AM,46.9°F,  -,24.1°F,41%,30.41in,10.0mi,Variable,5.8mph,  -,N/A,	,Clear

12:51 PM,48.9°F,  -,24.1°F,38%,30.39in,10.0mi,Variable,3.5mph,  -,N/A,	,Partly Cloudy

1:51 PM,48.9°F,  -,24.1°F,38%,30.38in,10.0mi,Variable,6.9mph,  -,N/A,	,Partly Cloudy

2:51 PM,48.9°F,  -,25.0°F,39%,30.38in,10.0mi,Variable,3.5mph,  -,N/A,	,Scattered Clouds

3:51 PM,50.0°F,  -,23.0°F,35%,30.38in,10.0mi,North,  -,  -,N/A,	,Clear

4:51 PM,48.0°F,  -,21.9°F,36%,30.38in,10.0mi,Variable,4.6mph,  -,N/A,	,Clear

5:51 PM,46.9°F,  -,23.0°F,39%,30.39in,10.0mi,North,6.9mph,  -,N/A,	,Clear

6:51 PM,46.9°F,  -,23.0°F,39%,30.40in,10.0mi,Variable,3.5mph,  -,N/A,	,Clear

7:51 PM,46.0°F,  -,24.1°F,42%,30.43in,10.0mi,Calm,Calm,  -,N/A,	,Clear

8:51 PM,45.0°F,  -,24.1°F,44%,30.43in,10.0mi,Calm,Calm,  -,N/A,	,Clear

9:51 PM,44.1°F,39.5°F,21.9°F,42%,30.45in,10.0mi,NE,8.1mph,  -,N/A,	,Clear

10:51 PM,44.1°F,42.5°F,21.9°F,42%,30.45in,10.0mi,Variable,3.5mph,  -,N/A,	,Clear

11:51 PM,44.1°F,41.5°F,21.9°F,42%,30.45in,10.0mi,Variable,4.6mph,  -,N/A,	,Clear

