20160510
Time (EDT),Temp.,Dew Point,Humidity,Pressure,Visibility,Wind Dir,Wind Speed,Gust Speed,Precip,Events,Conditions

12:51 AM,55.9°F,28.0°F,34%,30.15in,10.0mi,NE,11.5mph,17.3mph,N/A,	,Clear

1:51 AM,54.0°F,26.1°F,34%,30.16in,10.0mi,Variable,6.9mph,  -,N/A,	,Clear

2:51 AM,53.1°F,23.0°F,31%,30.17in,10.0mi,ENE,9.2mph,  -,N/A,	,Clear

3:51 AM,51.1°F,23.0°F,33%,30.19in,10.0mi,Variable,5.8mph,  -,N/A,	,Clear

4:51 AM,51.1°F,21.9°F,32%,30.20in,10.0mi,Variable,6.9mph,  -,N/A,	,Clear

5:51 AM,51.1°F,24.1°F,35%,30.22in,10.0mi,Variable,4.6mph,  -,N/A,	,Clear

6:51 AM,51.1°F,25.0°F,36%,30.24in,10.0mi,Variable,4.6mph,  -,N/A,	,Clear

7:51 AM,53.1°F,25.0°F,34%,30.27in,10.0mi,ENE,3.5mph,  -,N/A,	,Clear

8:51 AM,55.0°F,27.0°F,34%,30.26in,10.0mi,Calm,Calm,  -,N/A,	,Clear

9:51 AM,57.0°F,27.0°F,32%,30.26in,10.0mi,Variable,3.5mph,  -,N/A,	,Clear

10:51 AM,59.0°F,21.9°F,24%,30.26in,10.0mi,Variable,4.6mph,  -,N/A,	,Clear

11:51 AM,61.0°F,24.1°F,24%,30.25in,10.0mi,Calm,Calm,  -,N/A,	,Clear

12:51 PM,62.1°F,28.0°F,28%,30.23in,10.0mi,Variable,4.6mph,  -,N/A,	,Mostly Cloudy

1:51 PM,62.1°F,30.0°F,30%,30.22in,10.0mi,Variable,5.8mph,  -,N/A,	,Clear

2:51 PM,59.0°F,30.0°F,33%,30.22in,10.0mi,Variable,4.6mph,  -,N/A,	,Partly Cloudy

3:51 PM,59.0°F,30.9°F,35%,30.19in,10.0mi,Variable,4.6mph,  -,N/A,	,Partly Cloudy

4:51 PM,60.1°F,28.0°F,30%,30.18in,10.0mi,West,5.8mph,17.3mph,N/A,	,Mostly Cloudy

5:51 PM,60.1°F,30.9°F,33%,30.17in,10.0mi,Variable,4.6mph,17.3mph,N/A,	,Clear

6:51 PM,59.0°F,35.1°F,41%,30.16in,10.0mi,Variable,3.5mph,  -,N/A,	,Partly Cloudy

7:51 PM,57.9°F,37.9°F,47%,30.16in,10.0mi,North,  -,  -,N/A,	,Clear

8:51 PM,57.9°F,39.9°F,51%,30.16in,10.0mi,North,  -,  -,N/A,	,Clear

9:51 PM,57.0°F,43.0°F,59%,30.18in,10.0mi,Variable,4.6mph,  -,N/A,	,Clear

10:51 PM,57.0°F,43.0°F,59%,30.17in,10.0mi,Variable,6.9mph,  -,N/A,	,Clear

11:51 PM,55.9°F,43.0°F,62%,30.18in,10.0mi,West,4.6mph,  -,N/A,	,Clear

