20160823
Time (EDT),Temp.,Heat Index,Dew Point,Humidity,Pressure,Visibility,Wind Dir,Wind Speed,Gust Speed,Precip,Events,Conditions

12:51 AM,64.9°F,  -,48.9°F,56%,30.23in,10.0mi,Calm,Calm,  -,N/A,	,Clear

1:51 AM,64.9°F,  -,48.0°F,54%,30.24in,10.0mi,Variable,3.5mph,  -,N/A,	,Clear

2:51 AM,64.0°F,  -,48.0°F,56%,30.24in,10.0mi,WNW,3.5mph,  -,N/A,	,Clear

3:51 AM,64.0°F,  -,50.0°F,60%,30.25in,10.0mi,Calm,Calm,  -,N/A,	,Clear

4:51 AM,62.1°F,  -,52.0°F,70%,30.27in,10.0mi,WNW,3.5mph,  -,N/A,	,Clear

5:51 AM,63.0°F,  -,52.0°F,67%,30.29in,10.0mi,Calm,Calm,  -,N/A,	,Clear

6:51 AM,64.0°F,  -,48.9°F,58%,30.30in,10.0mi,WNW,5.8mph,  -,N/A,	,Clear

7:51 AM,64.9°F,  -,48.9°F,56%,30.31in,10.0mi,Variable,3.5mph,  -,N/A,	,Clear

8:51 AM,66.9°F,  -,50.0°F,54%,30.32in,9.0mi,Variable,3.5mph,  -,N/A,	,Clear

9:51 AM,70.0°F,  -,50.0°F,49%,30.33in,10.0mi,North,  -,  -,N/A,	,Clear

10:51 AM,73.9°F,  -,48.9°F,41%,30.33in,10.0mi,Variable,4.6mph,  -,N/A,	,Clear

11:51 AM,77.0°F,  -,48.9°F,37%,30.31in,10.0mi,Calm,Calm,  -,N/A,	,Clear

12:51 PM,79.0°F,  -,54.0°F,42%,30.30in,10.0mi,Calm,Calm,  -,N/A,	,Clear

1:51 PM,80.1°F,  -,52.0°F,38%,30.29in,10.0mi,Calm,Calm,  -,N/A,	,Clear

2:51 PM,80.1°F,  -,51.1°F,36%,30.27in,10.0mi,West,3.5mph,  -,N/A,	,Clear

3:51 PM,80.1°F,  -,52.0°F,38%,30.26in,9.0mi,Calm,Calm,  -,N/A,	,Clear

4:51 PM,80.1°F,80.1°F,55.0°F,42%,30.25in,9.0mi,Variable,3.5mph,  -,N/A,	,Clear

5:51 PM,79.0°F,  -,55.0°F,44%,30.25in,10.0mi,Calm,Calm,  -,N/A,	,Clear

6:51 PM,77.0°F,  -,55.9°F,48%,30.24in,10.0mi,Calm,Calm,  -,N/A,	,Clear

7:51 PM,75.9°F,  -,55.0°F,48%,30.25in,10.0mi,Calm,Calm,  -,N/A,	,Clear

8:51 PM,75.0°F,  -,55.9°F,51%,30.25in,10.0mi,Calm,Calm,  -,N/A,	,Clear

9:52 PM,75.0°F,  -,55.0°F,50%,30.26in,  -,Variable,3.5mph,  -,N/A,	,Unknown

10:51 PM,75.0°F,  -,55.9°F,51%,30.26in,10.0mi,WSW,3.5mph,  -,N/A,	,Clear

11:51 PM,72.0°F,  -,57.9°F,61%,30.27in,10.0mi,Calm,Calm,  -,N/A,	,Clear

