20160513
Time (EDT),Temp.,Dew Point,Humidity,Pressure,Visibility,Wind Dir,Wind Speed,Gust Speed,Precip,Events,Conditions

12:59 AM,57.9°F,48.9°F,72%,		-,  -,North,  -,  -,N/A,	,Unknown

2:00 AM,57.2°F,50.0°F,77%,		-,  -,North,  -,  -,N/A,	,Unknown

2:28 AM,57.9°F,50.0°F,75%,		-,  -,North,  -,  -,N/A,	,Unknown

2:30 AM,57.9°F,50.0°F,75%,		-,  -,North,  -,  -,N/A,	,Unknown

2:57 AM,57.9°F,48.9°F,72%,		-,  -,North,  -,  -,N/A,	,Unknown

3:59 AM,57.9°F,51.1°F,78%,		-,  -,North,  -,  -,N/A,	,Unknown

4:59 AM,57.9°F,52.0°F,81%,		-,  -,North,  -,  -,N/A,	,Unknown

5:50 AM,59.0°F,53.1°F,81%,		-,  -,North,  -,  -,N/A,	,Unknown

6:58 AM,60.1°F,53.1°F,78%,		-,  -,North,  -,  -,N/A,	,Unknown

7:53 AM,62.8°F,54.3°F,74%,		-,  -,North,  -,  -,N/A,	,Unknown

8:53 AM,63.5°F,56.7°F,78%,		-,  -,North,  -,  -,N/A,	,Unknown

9:52 AM,64.9°F,57.0°F,75%,		-,  -,North,  -,  -,N/A,	,Unknown

10:52 AM,63.1°F,56.5°F,79%,		-,  -,North,  -,  -,N/A,	,Unknown

11:57 AM,63.7°F,56.5°F,77%,		-,  -,North,  -,  -,N/A,	,Unknown

12:52 PM,63.3°F,56.7°F,79%,		-,  -,North,  -,  -,N/A,	,Unknown

1:54 PM,63.3°F,56.1°F,77%,		-,  -,North,  -,  -,N/A,	,Unknown

2:54 PM,61.9°F,57.4°F,85%,		-,  -,North,  -,  -,N/A,	,Unknown

3:54 PM,61.0°F,58.8°F,93%,		-,  -,North,  -,  -,N/A,	,Unknown

4:54 PM,61.0°F,59.2°F,94%,		-,  -,North,  -,  -,N/A,	,Unknown

5:54 PM,61.5°F,60.6°F,97%,		-,  -,North,  -,  -,N/A,	,Unknown

7:54 PM,63.5°F,62.6°F,97%,		-,  -,North,  -,  -,N/A,	,Unknown

8:54 PM,63.0°F,62.4°F,98%,		-,  -,North,  -,  -,N/A,	,Unknown

9:54 PM,62.6°F,61.9°F,97%,		-,  -,North,  -,  -,N/A,	,Unknown

