20160813
Time (EDT),Temp.,Heat Index,Dew Point,Humidity,Pressure,Visibility,Wind Dir,Wind Speed,Gust Speed,Precip,Events,Conditions

12:51 AM,82.9°F,88.8°F,73.0°F,72%,29.90in,10.0mi,Variable,4.6mph,  -,N/A,	,Clear

1:51 AM,82.0°F,87.4°F,73.0°F,74%,29.89in,10.0mi,WSW,8.1mph,  -,N/A,	,Clear

2:51 AM,82.0°F,87.9°F,73.9°F,76%,29.88in,9.0mi,Variable,4.6mph,  -,N/A,	,Clear

3:51 AM,82.0°F,88.6°F,75.0°F,79%,29.89in,8.0mi,WSW,8.1mph,  -,N/A,	,Clear

4:51 AM,82.0°F,88.6°F,75.0°F,79%,29.88in,9.0mi,West,4.6mph,  -,N/A,	,Clear

5:51 AM,81.0°F,87.3°F,75.9°F,85%,29.90in,8.0mi,WSW,8.1mph,  -,N/A,	,Clear

6:51 AM,82.0°F,89.4°F,75.9°F,82%,29.91in,7.0mi,West,9.2mph,17.3mph,N/A,	,Scattered Clouds

7:51 AM,82.0°F,89.4°F,75.9°F,82%,29.92in,7.0mi,North,  -,  -,N/A,	,Clear

8:51 AM,84.0°F,92.6°F,75.9°F,76%,29.92in,7.0mi,Variable,5.8mph,  -,N/A,	,Clear

9:51 AM,87.1°F,97.3°F,75.9°F,69%,29.92in,7.0mi,Calm,Calm,  -,N/A,	,Clear

10:51 AM,89.1°F,101.4°F,77.0°F,67%,29.91in,7.0mi,Calm,Calm,  -,N/A,	,Scattered Clouds

11:51 AM,91.9°F,103.9°F,75.9°F,59%,29.91in,7.0mi,WSW,4.6mph,  -,N/A,	,Clear

12:51 PM,93.9°F,105.4°F,75.0°F,54%,29.89in,8.0mi,Variable,4.6mph,  -,N/A,	,Partly Cloudy

1:51 PM,96.1°F,109.4°F,75.9°F,52%,29.88in,7.0mi,Variable,5.8mph,  -,N/A,	,Partly Cloudy

2:51 PM,93.9°F,109.9°F,78.1°F,60%,29.86in,7.0mi,Calm,Calm,  -,N/A,	,Partly Cloudy

3:51 PM,91.9°F,105.9°F,77.0°F,62%,29.85in,8.0mi,South,5.8mph,16.1mph,N/A,	,Clear

4:51 PM,91.9°F,105.9°F,77.0°F,62%,29.84in,8.0mi,Variable,6.9mph,  -,N/A,	,Clear

5:51 PM,91.9°F,103.9°F,75.9°F,59%,29.83in,8.0mi,Variable,4.6mph,  -,N/A,	,Clear

6:51 PM,91.9°F,103.2°F,75.0°F,58%,29.82in,8.0mi,Calm,Calm,  -,N/A,	,Partly Cloudy

7:51 PM,91.0°F,100.4°F,73.9°F,57%,29.85in,9.0mi,Calm,Calm,  -,N/A,	,Partly Cloudy

8:51 PM,90.0°F,99.0°F,73.9°F,59%,29.87in,10.0mi,Variable,6.9mph,  -,N/A,	,Clear

9:51 PM,90.0°F,99.0°F,73.9°F,59%,29.89in,10.0mi,Variable,3.5mph,  -,N/A,	,Clear

10:51 PM,88.0°F,92.9°F,70.0°F,55%,29.90in,10.0mi,Calm,Calm,  -,N/A,	,Clear

11:51 PM,86.0°F,90.1°F,69.1°F,57%,29.90in,10.0mi,Calm,Calm,  -,N/A,	,Clear

