20160613
Time (EDT),Temp.,Dew Point,Humidity,Pressure,Visibility,Wind Dir,Wind Speed,Gust Speed,Precip,Events,Conditions

12:51 AM,62.1°F,43.0°F,50%,29.80in,10.0mi,North,10.4mph,19.6mph,N/A,	,Unknown

1:51 AM,61.0°F,44.1°F,54%,29.80in,10.0mi,WNW,11.5mph,20.7mph,N/A,	,Unknown

2:51 AM,60.1°F,43.0°F,53%,29.81in,10.0mi,NW,9.2mph,  -,N/A,	,Unknown

3:51 AM,59.0°F,43.0°F,55%,29.82in,10.0mi,NW,8.1mph,23.0mph,N/A,	,Unknown

4:51 AM,57.9°F,43.0°F,58%,29.83in,10.0mi,WNW,10.4mph,23.0mph,N/A,	,Unknown

5:51 AM,57.0°F,43.0°F,59%,29.85in,10.0mi,NW,8.1mph,20.7mph,N/A,	,Unknown

6:51 AM,57.9°F,44.1°F,60%,29.85in,10.0mi,Variable,6.9mph,  -,N/A,	,Unknown

7:51 AM,59.0°F,45.0°F,60%,29.86in,10.0mi,NW,8.1mph,16.1mph,N/A,	,Unknown

8:51 AM,61.0°F,46.0°F,58%,29.88in,10.0mi,NW,9.2mph,  -,N/A,	,Unknown

9:51 AM,63.0°F,46.9°F,56%,29.89in,10.0mi,North,  -,  -,N/A,	,Unknown

10:51 AM,66.9°F,46.9°F,49%,29.87in,10.0mi,Calm,Calm,  -,N/A,	,Unknown

11:51 AM,68.0°F,48.0°F,49%,29.85in,10.0mi,WNW,5.8mph,  -,N/A,	,Unknown

12:51 PM,69.1°F,46.9°F,45%,29.83in,10.0mi,NW,11.5mph,21.9mph,N/A,	,Unknown

1:51 PM,73.9°F,50.0°F,43%,29.82in,10.0mi,North,9.2mph,  -,N/A,	,Clear

2:51 PM,71.1°F,46.9°F,42%,29.79in,10.0mi,Variable,4.6mph,17.3mph,N/A,	,Clear

3:51 PM,72.0°F,46.9°F,41%,29.79in,10.0mi,Variable,4.6mph,19.6mph,N/A,	,Clear

4:51 PM,71.1°F,48.0°F,44%,29.80in,10.0mi,WNW,10.4mph,19.6mph,N/A,	,Clear

5:51 PM,71.1°F,50.0°F,47%,29.79in,10.0mi,NW,9.2mph,  -,N/A,	,Partly Cloudy

6:51 PM,69.1°F,48.0°F,47%,29.80in,10.0mi,Variable,6.9mph,  -,N/A,	,Partly Cloudy

7:51 PM,68.0°F,48.0°F,49%,29.81in,10.0mi,Variable,6.9mph,  -,N/A,	,Clear

8:51 PM,66.0°F,48.0°F,52%,29.81in,10.0mi,Variable,5.8mph,  -,N/A,	,Partly Cloudy

9:51 PM,66.0°F,46.9°F,50%,29.82in,10.0mi,Variable,4.6mph,  -,N/A,	,Overcast

10:51 PM,64.9°F,46.9°F,52%,29.83in,10.0mi,Variable,6.9mph,  -,N/A,	,Overcast

11:51 PM,64.9°F,48.0°F,54%,29.84in,10.0mi,Variable,5.8mph,  -,N/A,	,Overcast

