20160708
Time (EDT),Temp.,Heat Index,Dew Point,Humidity,Pressure,Visibility,Wind Dir,Wind Speed,Gust Speed,Precip,Events,Conditions

12:51 AM,78.1°F,  -,71.1°F,79%,29.75in,8.0mi,Calm,Calm,  -,N/A,	,Clear

1:51 AM,78.1°F,  -,71.1°F,79%,29.75in,8.0mi,Variable,3.5mph,  -,N/A,	,Clear

2:51 AM,77.0°F,  -,71.1°F,82%,29.75in,8.0mi,WNW,3.5mph,  -,N/A,	,Clear

3:51 AM,78.1°F,  -,70.0°F,76%,29.75in,8.0mi,Calm,Calm,  -,N/A,	,Clear

4:51 AM,77.0°F,  -,70.0°F,79%,29.75in,8.0mi,NW,5.8mph,  -,N/A,	,Clear

5:51 AM,75.9°F,  -,69.1°F,79%,29.76in,7.0mi,Calm,Calm,  -,N/A,	,Clear

6:51 AM,78.1°F,  -,70.0°F,76%,29.78in,7.0mi,Variable,6.9mph,  -,N/A,	,Scattered Clouds

7:51 AM,79.0°F,  -,69.1°F,72%,29.78in,7.0mi,NNE,8.1mph,  -,N/A,	,Clear

8:51 AM,81.0°F,84.4°F,70.0°F,69%,29.78in,8.0mi,NNE,5.8mph,  -,N/A,	,Partly Cloudy

9:51 AM,82.9°F,87.0°F,70.0°F,65%,29.79in,7.0mi,Calm,Calm,  -,N/A,	,Clear

10:51 AM,82.9°F,87.0°F,70.0°F,65%,29.80in,8.0mi,ENE,8.1mph,  -,N/A,	,Clear

11:51 AM,84.0°F,89.0°F,71.1°F,65%,29.81in,7.0mi,Variable,5.8mph,  -,N/A,	,Partly Cloudy

12:51 PM,84.0°F,89.0°F,71.1°F,65%,29.80in,7.0mi,ENE,10.4mph,17.3mph,N/A,	,Clear

1:51 PM,84.9°F,89.4°F,70.0°F,61%,29.80in,7.0mi,ENE,8.1mph,  -,N/A,	,Clear

2:43 PM,82.0°F,86.3°F,71.1°F,69%,29.82in,6.0mi,Variable,3.5mph,  -,N/A,	,Haze

2:51 PM,82.9°F,87.5°F,71.1°F,67%,29.79in,6.0mi,Variable,4.6mph,  -,N/A,	,Haze

3:03 PM,82.9°F,88.0°F,72.0°F,69%,29.82in,6.0mi,Variable,5.8mph,  -,N/A,	,Haze

3:35 PM,82.0°F,86.3°F,71.1°F,69%,29.82in,6.0mi,Variable,5.8mph,  -,N/A,	,Haze

3:51 PM,82.9°F,87.0°F,70.0°F,65%,29.78in,6.0mi,Variable,6.9mph,  -,N/A,	,Haze

4:51 PM,80.1°F,83.2°F,70.0°F,71%,29.80in,6.0mi,East,5.8mph,  -,N/A,	,Haze

5:51 PM,77.0°F,  -,68.0°F,74%,29.81in,7.0mi,South,5.8mph,  -,N/A,	,Overcast

6:51 PM,72.0°F,  -,69.1°F,91%,29.82in,5.0mi,Variable,3.5mph,  -,0.02in,	,Overcast

7:09 PM,72.0°F,  -,68.0°F,87%,29.85in,4.0mi,SE,8.1mph,  -,0.00in,Rain,Light Rain

7:27 PM,72.0°F,  -,66.9°F,84%,29.85in,5.0mi,Variable,4.6mph,  -,0.00in,	,Haze

7:51 PM,72.0°F,  -,66.9°F,84%,29.83in,6.0mi,SE,8.1mph,  -,0.00in,	,Haze

8:51 PM,72.0°F,  -,64.0°F,76%,29.84in,9.0mi,SSE,8.1mph,16.1mph,N/A,	,Overcast

9:51 PM,71.1°F,  -,64.0°F,78%,29.86in,9.0mi,Variable,3.5mph,  -,N/A,	,Overcast

10:23 PM,69.1°F,  -,64.9°F,87%,29.89in,2.5mi,Variable,4.6mph,  -,0.01in,Rain,Rain

10:39 PM,68.0°F,  -,64.9°F,90%,29.89in,5.0mi,SE,9.2mph,  -,0.06in,Rain,Light Rain

10:51 PM,68.0°F,  -,64.9°F,90%,29.86in,8.0mi,Variable,5.8mph,  -,0.06in,	,Overcast

11:51 PM,68.0°F,  -,63.0°F,84%,29.86in,9.0mi,Variable,4.6mph,16.1mph,N/A,	,Overcast

