20160406
Time (EDT),Temp.,Windchill,Dew Point,Humidity,Pressure,Visibility,Wind Dir,Wind Speed,Gust Speed,Precip,Events,Conditions

12:51 AM,33.1°F,  -,7.0°F,34%,30.38in,10.0mi,Calm,Calm,  -,N/A,	,Clear

1:51 AM,32.0°F,  -,5.0°F,32%,30.38in,10.0mi,Calm,Calm,  -,N/A,	,Clear

2:51 AM,32.0°F,  -,5.0°F,32%,30.38in,10.0mi,Calm,Calm,  -,N/A,	,Clear

3:51 AM,30.9°F,27.5°F,5.0°F,33%,30.36in,10.0mi,NE,3.5mph,  -,N/A,	,Clear

4:51 AM,30.9°F,25.2°F,5.0°F,33%,30.35in,10.0mi,NE,5.8mph,  -,N/A,	,Clear

5:51 AM,30.0°F,25.2°F,3.9°F,33%,30.37in,10.0mi,NNE,4.6mph,  -,N/A,	,Clear

6:51 AM,30.0°F,  -,10.0°F,43%,30.37in,10.0mi,Calm,Calm,  -,N/A,	,Clear

7:51 AM,32.0°F,27.5°F,10.9°F,42%,30.40in,10.0mi,WNW,4.6mph,  -,N/A,	,Clear

8:51 AM,34.0°F,  -,10.9°F,38%,30.40in,10.0mi,Calm,Calm,  -,N/A,	,Clear

9:51 AM,37.0°F,34.5°F,10.0°F,33%,30.40in,10.0mi,Variable,3.5mph,  -,N/A,	,Clear

10:51 AM,43.0°F,38.2°F,12.0°F,28%,30.38in,10.0mi,South,8.1mph,  -,N/A,	,Clear

11:51 AM,44.1°F,40.1°F,10.0°F,25%,30.35in,10.0mi,Variable,6.9mph,  -,N/A,	,Clear

12:51 PM,45.0°F,42.6°F,15.1°F,30%,30.31in,10.0mi,Variable,4.6mph,  -,N/A,	,Clear

1:51 PM,45.0°F,41.2°F,17.1°F,33%,30.27in,10.0mi,Variable,6.9mph,  -,N/A,	,Clear

2:51 PM,45.0°F,41.8°F,18.0°F,34%,30.22in,10.0mi,Variable,5.8mph,  -,N/A,	,Partly Cloudy

3:51 PM,44.1°F,  -,21.0°F,40%,30.17in,10.0mi,North,  -,  -,N/A,	,Mostly Cloudy

4:51 PM,43.0°F,36.8°F,21.0°F,42%,30.13in,10.0mi,South,11.5mph,25.3mph,N/A,	,Mostly Cloudy

5:51 PM,45.0°F,37.9°F,21.0°F,39%,30.10in,10.0mi,South,16.1mph,21.9mph,N/A,	,Clear

6:51 PM,44.1°F,37.1°F,25.0°F,47%,30.08in,10.0mi,South,15.0mph,27.6mph,N/A,	,Clear

7:51 PM,44.1°F,38.6°F,28.9°F,55%,30.06in,10.0mi,South,10.4mph,23.0mph,N/A,	,Clear

8:51 PM,44.1°F,42.5°F,32.0°F,63%,30.05in,10.0mi,Variable,3.5mph,  -,N/A,	,Clear

9:51 PM,45.0°F,  -,34.0°F,65%,30.03in,10.0mi,North,  -,  -,N/A,	,Clear

10:51 PM,46.0°F,42.5°F,36.0°F,68%,30.00in,10.0mi,Variable,6.9mph,  -,N/A,	,Clear

11:51 PM,46.9°F,  -,37.9°F,71%,29.98in,10.0mi,Variable,4.6mph,  -,N/A,	,Clear

