20160820
Time (EDT),Temp.,Heat Index,Dew Point,Humidity,Pressure,Visibility,Wind Dir,Wind Speed,Gust Speed,Precip,Events,Conditions

12:51 AM,77.0°F,  -,70.0°F,79%,29.94in,9.0mi,Calm,Calm,  -,N/A,	,Scattered Clouds

1:51 AM,75.9°F,  -,69.1°F,79%,29.93in,8.0mi,Calm,Calm,  -,N/A,	,Clear

2:51 AM,75.0°F,  -,69.1°F,82%,29.93in,8.0mi,NE,3.5mph,  -,N/A,	,Clear

3:51 AM,73.0°F,  -,70.0°F,90%,29.93in,7.0mi,NNE,3.5mph,  -,N/A,	,Partly Cloudy

4:51 AM,73.9°F,  -,69.1°F,85%,29.93in,7.0mi,NNE,4.6mph,  -,N/A,	,Overcast

5:51 AM,75.0°F,  -,69.1°F,82%,29.94in,8.0mi,NE,3.5mph,  -,N/A,	,Clear

6:51 AM,73.9°F,  -,69.1°F,85%,29.94in,5.0mi,ENE,5.8mph,  -,N/A,	,Haze

7:51 AM,75.9°F,  -,70.0°F,82%,29.94in,6.0mi,ENE,4.6mph,  -,N/A,	,Haze

8:51 AM,78.1°F,  -,70.0°F,76%,29.94in,6.0mi,ESE,5.8mph,  -,N/A,	,Haze

9:51 AM,80.1°F,82.7°F,68.0°F,67%,29.94in,7.0mi,Variable,5.8mph,  -,N/A,	,Partly Cloudy

10:51 AM,82.9°F,85.4°F,66.9°F,58%,29.94in,8.0mi,Variable,6.9mph,  -,N/A,	,Scattered Clouds

11:51 AM,81.0°F,83.3°F,66.9°F,62%,29.93in,8.0mi,Calm,Calm,  -,N/A,	,Scattered Clouds

12:28 PM,75.9°F,  -,69.1°F,79%,29.96in,1.5mi,SSE,9.2mph,  -,0.00in,Rain,Light Rain

12:36 PM,72.0°F,  -,69.1°F,91%,29.98in,0.2mi,SE,11.5mph,23.0mph,0.18in,Fog,	,

Rain,Heavy Rain,12:51 PM,72.0°F,  -,69.1°F,91%,29.94in,0.8mi,SE,5.8mph,  -,0.47in

Rain,Light Rain,12:54 PM,72.0°F,  -,70.0°F,93%,29.97in,1.0mi,SE,5.8mph,  -,0.01in

Rain,Light Rain,1:32 PM,71.1°F,  -,69.1°F,93%,29.98in,0.2mi,Variable,4.6mph,  -,0.19in

Fog,	,,Rain,Heavy Rain,1:49 PM,70.0°F,  -,68.0°F,93%,29.94in,2.5mi,Calm,Calm

  -,0.35in,Rain,Light Rain,1:56 PM,73.0°F,  -,71.1°F,93%,29.96in,4.0mi,East,3.5mph

  -,0.00in,Rain,Light Rain,2:51 PM,75.0°F,  -,71.1°F,87%,29.93in,7.0mi,Variable,5.8mph

16.1mph,0.00in,	,Scattered Clouds,3:51 PM,79.0°F,  -,70.0°F,74%,29.92in,9.0mi,ENE,8.1mph

  -,N/A,	,Scattered Clouds,4:51 PM,80.1°F,82.9°F,69.1°F,69%,29.90in,9.0mi,ESE,9.2mph

  -,N/A,	,Partly Cloudy,5:51 PM,79.0°F,  -,69.1°F,72%,29.90in,9.0mi,South,8.1mph

  -,N/A,	,Partly Cloudy,6:51 PM,78.1°F,  -,68.0°F,71%,29.89in,9.0mi,Variable,5.8mph

  -,N/A,	,Clear,7:51 PM,77.0°F,  -,68.0°F,74%,29.91in,10.0mi,Variable,4.6mph

  -,N/A,	,Partly Cloudy,8:51 PM,77.0°F,  -,68.0°F,74%,29.92in,10.0mi,Calm,Calm

  -,N/A,	,Mostly Cloudy,9:02 PM,77.0°F,  -,68.0°F,74%,29.95in,10.0mi,Variable,4.6mph

  -,N/A,	,Scattered Clouds,9:51 PM,77.0°F,  -,69.1°F,76%,29.92in,10.0mi,SSE,3.5mph

  -,N/A,	,Mostly Cloudy,10:51 PM,75.9°F,  -,69.1°F,79%,29.92in,10.0mi,Variable,3.5mph

  -,N/A,	,Mostly Cloudy,11:51 PM,77.0°F,  -,69.1°F,76%,29.93in,10.0mi,Variable,5.8mph

