20160514
Time (EDT),Temp.,Dew Point,Humidity,Pressure,Visibility,Wind Dir,Wind Speed,Gust Speed,Precip,Events,Conditions

12:52 AM,59.9°F,59.9°F,100%,		-,  -,North,  -,  -,N/A,	,Unknown

1:52 AM,59.0°F,59.0°F,100%,		-,  -,North,  -,  -,N/A,	,Unknown

2:58 AM,57.2°F,57.2°F,100%,		-,  -,North,  -,  -,N/A,	,Unknown

3:55 AM,57.0°F,56.3°F,97%,		-,  -,North,  -,  -,N/A,	,Unknown

4:55 AM,56.3°F,55.2°F,96%,		-,  -,North,  -,  -,N/A,	,Unknown

5:55 AM,59.0°F,51.8°F,77%,		-,  -,North,  -,  -,N/A,	,Unknown

6:55 AM,60.8°F,55.4°F,82%,		-,  -,North,  -,  -,N/A,	,Unknown

7:55 AM,64.4°F,54.1°F,69%,		-,  -,North,  -,  -,N/A,	,Unknown

8:55 AM,65.5°F,53.6°F,65%,		-,  -,North,  -,  -,N/A,	,Unknown

9:55 AM,69.8°F,50.0°F,49%,		-,  -,North,  -,  -,N/A,	,Unknown

1:54 PM,71.6°F,50.0°F,46%,		-,  -,North,  -,  -,N/A,	,Unknown

2:54 PM,68.0°F,53.6°F,60%,		-,  -,North,  -,  -,N/A,	,Unknown

3:54 PM,66.2°F,55.4°F,68%,		-,  -,North,  -,  -,N/A,	,Unknown

4:54 PM,69.8°F,53.6°F,56%,		-,  -,North,  -,  -,N/A,	,Unknown

5:54 PM,69.8°F,42.8°F,38%,		-,  -,North,  -,  -,N/A,	,Unknown

6:54 PM,64.4°F,51.8°F,64%,		-,  -,North,  -,  -,N/A,	,Unknown

7:54 PM,62.6°F,46.4°F,55%,		-,  -,North,  -,  -,N/A,	,Unknown

8:54 PM,60.8°F,53.6°F,77%,		-,  -,North,  -,  -,N/A,	,Unknown

9:54 PM,60.8°F,53.6°F,77%,		-,  -,North,  -,  -,N/A,	,Unknown

