20160906
Time (EDT),Temp.,Dew Point,Humidity,Pressure,Visibility,Wind Dir,Wind Speed,Gust Speed,Precip,Events,Conditions

12:51 AM,77.0°F,55.9°F,48%,29.96in,10.0mi,North,11.5mph,  -,N/A,	,Partly Cloudy

1:51 AM,75.9°F,53.1°F,45%,29.95in,10.0mi,NNE,9.2mph,25.3mph,N/A,	,Clear

2:51 AM,75.9°F,53.1°F,45%,29.94in,10.0mi,NE,9.2mph,19.6mph,N/A,	,Mostly Cloudy

3:51 AM,75.0°F,54.0°F,48%,29.93in,10.0mi,North,9.2mph,21.9mph,N/A,	,Mostly Cloudy

4:51 AM,73.0°F,55.0°F,53%,29.94in,10.0mi,Variable,5.8mph,19.6mph,N/A,	,Mostly Cloudy

5:51 AM,73.0°F,57.0°F,57%,29.95in,10.0mi,North,8.1mph,19.6mph,N/A,	,Overcast

6:51 AM,73.0°F,57.0°F,57%,29.96in,10.0mi,Variable,5.8mph,16.1mph,N/A,	,Overcast

7:51 AM,73.0°F,57.0°F,57%,29.97in,10.0mi,Variable,6.9mph,20.7mph,N/A,	,Overcast

8:51 AM,72.0°F,60.1°F,66%,29.98in,10.0mi,NNE,12.7mph,24.2mph,N/A,	,Overcast

9:51 AM,75.0°F,60.1°F,60%,29.98in,10.0mi,North,10.4mph,18.4mph,N/A,	,Overcast

10:51 AM,75.9°F,61.0°F,60%,29.98in,10.0mi,NE,10.4mph,23.0mph,N/A,	,Overcast

11:51 AM,77.0°F,62.1°F,60%,29.98in,10.0mi,NNE,9.2mph,19.6mph,N/A,	,Overcast

12:51 PM,78.1°F,62.1°F,58%,29.96in,10.0mi,NNE,13.8mph,23.0mph,N/A,	,Overcast

1:51 PM,79.0°F,63.0°F,58%,29.96in,10.0mi,NNE,9.2mph,21.9mph,N/A,	,Overcast

2:51 PM,79.0°F,63.0°F,58%,29.96in,9.0mi,ENE,16.1mph,24.2mph,N/A,	,Overcast

3:51 PM,78.1°F,63.0°F,60%,29.96in,10.0mi,NE,12.7mph,24.2mph,N/A,	,Overcast

4:51 PM,79.0°F,64.0°F,60%,29.96in,10.0mi,NE,9.2mph,17.3mph,0.00in,	,Overcast

5:51 PM,79.0°F,64.0°F,60%,29.96in,10.0mi,ENE,12.7mph,23.0mph,N/A,	,Overcast

6:51 PM,79.0°F,64.0°F,60%,29.96in,10.0mi,ENE,8.1mph,25.3mph,N/A,	,Overcast

7:51 PM,78.1°F,63.0°F,60%,29.97in,10.0mi,NE,12.7mph,23.0mph,N/A,	,Overcast

8:51 PM,77.0°F,63.0°F,62%,29.98in,10.0mi,NNE,9.2mph,24.2mph,N/A,	,Overcast

9:51 PM,73.9°F,64.9°F,73%,29.99in,9.0mi,Variable,6.9mph,  -,N/A,	,Overcast

10:51 PM,72.0°F,66.0°F,81%,30.00in,5.0mi,Variable,6.9mph,17.3mph,N/A,	,Haze

11:51 PM,71.1°F,66.9°F,87%,29.99in,10.0mi,NE,9.2mph,20.7mph,0.00in,	,Overcast

