20160928
Time (EDT),Temp.,Dew Point,Humidity,Pressure,Visibility,Wind Dir,Wind Speed,Gust Speed,Precip,Events,Conditions

12:51 AM,64.9°F,59.0°F,81%,29.99in,8.0mi,Calm,Calm,  -,N/A,	,Clear

1:51 AM,63.0°F,59.0°F,87%,30.00in,7.0mi,Calm,Calm,  -,N/A,	,Clear

2:51 AM,63.0°F,60.1°F,90%,30.01in,5.0mi,NNE,3.5mph,  -,N/A,	,Clear

3:51 AM,62.1°F,60.1°F,93%,30.02in,4.0mi,NNE,3.5mph,  -,N/A,	,Clear

4:51 AM,62.1°F,59.0°F,90%,30.02in,6.0mi,NNE,3.5mph,  -,N/A,	,Partly Cloudy

5:51 AM,61.0°F,57.0°F,87%,30.03in,8.0mi,NE,3.5mph,  -,N/A,	,Partly Cloudy

6:51 AM,61.0°F,55.9°F,83%,30.05in,8.0mi,NE,3.5mph,  -,N/A,	,Clear

7:51 AM,63.0°F,57.9°F,84%,30.07in,5.0mi,ENE,6.9mph,  -,N/A,	,Haze

8:51 AM,64.9°F,59.0°F,81%,30.08in,6.0mi,East,10.4mph,18.4mph,N/A,	,Haze

9:51 AM,64.9°F,59.0°F,81%,30.10in,8.0mi,East,12.7mph,21.9mph,N/A,	,Overcast

10:34 AM,66.0°F,59.0°F,78%,30.13in,9.0mi,ENE,9.2mph,  -,N/A,	,Overcast

10:51 AM,66.9°F,57.9°F,73%,30.11in,10.0mi,ENE,12.7mph,21.9mph,N/A,	,Overcast

11:15 AM,68.0°F,57.9°F,70%,30.13in,10.0mi,ENE,13.8mph,24.2mph,N/A,	,Mostly Cloudy

11:51 AM,66.9°F,57.9°F,73%,30.12in,10.0mi,ENE,12.7mph,18.4mph,N/A,	,Overcast

11:59 AM,66.9°F,57.9°F,73%,30.15in,10.0mi,ENE,10.4mph,26.5mph,N/A,	,Overcast

12:51 PM,66.9°F,57.9°F,73%,30.13in,10.0mi,ENE,10.4mph,  -,N/A,	,Overcast

1:51 PM,68.0°F,57.9°F,70%,30.12in,10.0mi,East,11.5mph,18.4mph,N/A,	,Mostly Cloudy

2:33 PM,66.9°F,57.0°F,70%,30.16in,10.0mi,ENE,12.7mph,20.7mph,N/A,	,Mostly Cloudy

2:51 PM,68.0°F,57.0°F,68%,30.13in,10.0mi,East,8.1mph,16.1mph,N/A,	,Scattered Clouds

3:51 PM,66.0°F,55.0°F,68%,30.13in,9.0mi,ENE,15.0mph,26.5mph,N/A,	,Overcast

4:51 PM,64.9°F,54.0°F,68%,30.15in,10.0mi,ENE,10.4mph,25.3mph,N/A,	,Overcast

5:51 PM,64.0°F,53.1°F,67%,30.15in,10.0mi,ENE,6.9mph,  -,N/A,	,Overcast

6:51 PM,62.1°F,53.1°F,72%,30.18in,10.0mi,East,10.4mph,19.6mph,N/A,	,Overcast

7:38 PM,60.1°F,55.0°F,83%,30.23in,5.0mi,Variable,6.9mph,18.4mph,N/A,	,Haze

7:51 PM,60.1°F,55.0°F,83%,30.20in,5.0mi,Variable,6.9mph,  -,N/A,	,Haze

8:51 PM,61.0°F,55.0°F,81%,30.23in,7.0mi,Variable,6.9mph,20.7mph,N/A,	,Overcast

9:51 PM,57.9°F,55.0°F,90%,30.25in,3.0mi,Variable,6.9mph,16.1mph,N/A,	,Overcast

10:51 PM,57.0°F,54.0°F,89%,30.25in,4.0mi,Variable,5.8mph,  -,N/A,	,Overcast

11:51 PM,57.0°F,53.1°F,87%,30.25in,6.0mi,NE,9.2mph,  -,N/A,	,Overcast

