20160822
Time (EDT),Temp.,Dew Point,Humidity,Pressure,Visibility,Wind Dir,Wind Speed,Gust Speed,Precip,Events,Conditions

12:51 AM,73.9°F,66.9°F,79%,29.81in,10.0mi,Variable,4.6mph,  -,N/A,	,Clear

1:51 AM,73.0°F,64.9°F,76%,29.81in,10.0mi,NW,8.1mph,19.6mph,N/A,	,Clear

2:51 AM,72.0°F,63.0°F,73%,29.83in,10.0mi,Variable,6.9mph,16.1mph,N/A,	,Mostly Cloudy

3:51 AM,71.1°F,62.1°F,73%,29.85in,10.0mi,Variable,4.6mph,  -,N/A,	,Partly Cloudy

4:51 AM,70.0°F,62.1°F,76%,29.86in,10.0mi,Variable,4.6mph,  -,N/A,	,Clear

5:51 AM,69.1°F,61.0°F,75%,29.87in,10.0mi,Variable,4.6mph,  -,N/A,	,Clear

6:51 AM,69.1°F,61.0°F,75%,29.91in,9.0mi,WNW,5.8mph,  -,N/A,	,Clear

7:51 AM,69.1°F,59.0°F,70%,29.94in,10.0mi,Variable,3.5mph,  -,N/A,	,Clear

8:51 AM,71.1°F,57.0°F,61%,29.96in,10.0mi,Variable,5.8mph,  -,N/A,	,Clear

9:51 AM,72.0°F,55.0°F,55%,29.98in,10.0mi,Variable,6.9mph,  -,N/A,	,Partly Cloudy

10:51 AM,73.9°F,55.9°F,53%,29.99in,10.0mi,NW,9.2mph,  -,N/A,	,Clear

11:51 AM,75.9°F,54.0°F,46%,30.00in,10.0mi,NW,9.2mph,24.2mph,N/A,	,Clear

12:51 PM,77.0°F,55.0°F,47%,30.01in,10.0mi,Variable,5.8mph,17.3mph,N/A,	,Clear

1:51 PM,77.0°F,53.1°F,43%,30.01in,10.0mi,Variable,6.9mph,18.4mph,N/A,	,Clear

2:51 PM,77.0°F,53.1°F,43%,30.02in,10.0mi,WNW,9.2mph,19.6mph,N/A,	,Partly Cloudy

3:51 PM,75.9°F,52.0°F,43%,30.02in,10.0mi,Variable,4.6mph,20.7mph,N/A,	,Partly Cloudy

4:51 PM,75.9°F,51.1°F,42%,30.04in,10.0mi,NNW,5.8mph,  -,N/A,	,Clear

5:51 PM,75.9°F,48.9°F,38%,30.06in,10.0mi,North,  -,  -,N/A,	,Clear

6:51 PM,73.9°F,48.0°F,40%,30.09in,10.0mi,Variable,4.6mph,  -,N/A,	,Clear

7:51 PM,73.0°F,46.9°F,39%,30.12in,10.0mi,NW,9.2mph,19.6mph,N/A,	,Clear

8:51 PM,71.1°F,46.9°F,42%,30.15in,10.0mi,Variable,3.5mph,  -,N/A,	,Clear

9:51 PM,70.0°F,46.9°F,44%,30.18in,10.0mi,North,4.6mph,  -,N/A,	,Clear

10:51 PM,69.1°F,46.0°F,44%,30.20in,10.0mi,Variable,4.6mph,  -,N/A,	,Clear

11:51 PM,68.0°F,46.0°F,45%,30.22in,10.0mi,NNW,3.5mph,  -,N/A,	,Clear

