20160808
Time (EDT),Temp.,Heat Index,Dew Point,Humidity,Pressure,Visibility,Wind Dir,Wind Speed,Gust Speed,Precip,Events,Conditions

12:51 AM,79.0°F,  -,55.0°F,44%,29.96in,10.0mi,North,6.9mph,  -,N/A,	,Clear

1:51 AM,75.9°F,  -,55.9°F,50%,29.96in,10.0mi,Calm,Calm,  -,N/A,	,Clear

2:51 AM,75.0°F,  -,55.9°F,51%,29.97in,10.0mi,Variable,3.5mph,  -,N/A,	,Clear

3:51 AM,73.9°F,  -,55.9°F,53%,29.98in,10.0mi,Calm,Calm,  -,N/A,	,Clear

4:51 AM,73.0°F,  -,57.0°F,57%,30.00in,10.0mi,Calm,Calm,  -,N/A,	,Clear

5:51 AM,71.1°F,  -,57.9°F,63%,30.02in,10.0mi,NE,3.5mph,  -,N/A,	,Clear

6:51 AM,72.0°F,  -,57.9°F,61%,30.03in,10.0mi,Calm,Calm,  -,N/A,	,Clear

7:51 AM,73.9°F,  -,60.1°F,62%,30.04in,9.0mi,NE,3.5mph,  -,N/A,	,Clear

8:51 AM,77.0°F,  -,60.1°F,56%,30.05in,10.0mi,NNE,5.8mph,  -,N/A,	,Partly Cloudy

9:51 AM,78.1°F,  -,61.0°F,56%,30.06in,9.0mi,NNE,3.5mph,  -,N/A,	,Scattered Clouds

10:51 AM,80.1°F,80.7°F,59.0°F,48%,30.07in,9.0mi,Variable,3.5mph,  -,N/A,	,Scattered Clouds

11:51 AM,82.9°F,82.6°F,57.9°F,42%,30.06in,9.0mi,Calm,Calm,  -,N/A,	,Clear

12:51 PM,81.0°F,81.6°F,60.1°F,49%,30.06in,9.0mi,Calm,Calm,  -,N/A,	,Clear

1:51 PM,86.0°F,85.7°F,60.1°F,41%,30.05in,9.0mi,Variable,3.5mph,  -,N/A,	,Partly Cloudy

2:51 PM,82.0°F,83.0°F,62.1°F,51%,30.04in,9.0mi,Calm,Calm,  -,N/A,	,Clear

3:51 PM,82.0°F,82.4°F,60.1°F,47%,30.04in,9.0mi,Calm,Calm,  -,N/A,	,Scattered Clouds

4:51 PM,82.9°F,83.3°F,61.0°F,47%,30.04in,9.0mi,Variable,3.5mph,  -,N/A,	,Mostly Cloudy

5:51 PM,82.0°F,82.7°F,61.0°F,49%,30.04in,9.0mi,Calm,Calm,  -,N/A,	,Clear

6:51 PM,82.9°F,81.9°F,54.0°F,37%,30.03in,9.0mi,Calm,Calm,  -,N/A,	,Clear

7:51 PM,78.1°F,  -,63.0°F,60%,30.05in,9.0mi,Calm,Calm,  -,N/A,	,Partly Cloudy

8:51 PM,75.9°F,  -,64.0°F,67%,30.06in,10.0mi,South,4.6mph,  -,N/A,	,Clear

9:51 PM,75.0°F,  -,64.0°F,69%,30.09in,10.0mi,Calm,Calm,  -,N/A,	,Clear

10:51 PM,75.0°F,  -,66.9°F,76%,30.11in,10.0mi,Calm,Calm,  -,N/A,	,Clear

11:51 PM,75.9°F,  -,63.0°F,64%,30.12in,10.0mi,Calm,Calm,  -,N/A,	,Clear

