20161125
Time (EST),Temp.,Windchill,Dew Point,Humidity,Pressure,Visibility,Wind Dir,Wind Speed,Gust Speed,Precip,Events,Conditions

12:51 AM,46.0°F,43.9°F,42.1°F,86%,30.22in,8.0mi,Variable,4.6mph,  -,N/A,	,Overcast

1:51 AM,46.0°F,  -,42.1°F,86%,30.23in,8.0mi,Calm,Calm,  -,N/A,	,Overcast

2:51 AM,45.0°F,  -,42.1°F,90%,30.24in,8.0mi,Calm,Calm,  -,N/A,	,Overcast

3:51 AM,45.0°F,43.5°F,41.0°F,86%,30.25in,8.0mi,WNW,3.5mph,  -,N/A,	,Overcast

4:51 AM,45.0°F,  -,41.0°F,86%,30.25in,8.0mi,Calm,Calm,  -,N/A,	,Overcast

5:51 AM,45.0°F,42.6°F,41.0°F,86%,30.25in,8.0mi,East,4.6mph,  -,N/A,	,Overcast

6:51 AM,46.9°F,  -,41.0°F,80%,30.25in,8.0mi,Calm,Calm,  -,N/A,	,Overcast

7:51 AM,46.0°F,44.8°F,42.1°F,86%,30.26in,6.0mi,WNW,3.5mph,  -,N/A,	,Overcast

8:51 AM,46.9°F,  -,41.0°F,80%,30.25in,6.0mi,WSW,3.5mph,  -,N/A,	,Haze

9:51 AM,50.0°F,  -,42.1°F,74%,30.24in,6.0mi,SSE,6.9mph,  -,N/A,	,Haze

10:51 AM,52.0°F,  -,42.1°F,69%,30.22in,6.0mi,Variable,3.5mph,  -,N/A,	,Haze

11:51 AM,52.0°F,  -,42.1°F,69%,30.19in,5.0mi,WNW,4.6mph,  -,N/A,	,Haze

12:51 PM,53.1°F,  -,42.1°F,66%,30.20in,6.0mi,Variable,3.5mph,  -,N/A,	,Haze

1:51 PM,54.0°F,  -,42.1°F,64%,30.18in,6.0mi,Calm,Calm,  -,N/A,	,Haze

2:51 PM,53.1°F,  -,43.0°F,69%,30.18in,5.0mi,Calm,Calm,  -,0.00in,Rain,Light Rain

3:51 PM,53.1°F,  -,44.1°F,71%,30.18in,6.0mi,NW,3.5mph,  -,0.00in,	,Haze

4:25 PM,52.0°F,  -,44.1°F,74%,30.21in,8.0mi,WNW,3.5mph,  -,0.00in,	,Overcast

4:51 PM,51.1°F,  -,44.1°F,77%,30.19in,6.0mi,Calm,Calm,  -,0.01in,Rain,Light Rain

5:51 PM,50.0°F,  -,46.0°F,86%,30.18in,6.0mi,Calm,Calm,  -,0.01in,	,Overcast

6:51 PM,50.0°F,  -,45.0°F,83%,30.18in,7.0mi,Calm,Calm,  -,N/A,	,Overcast

7:51 PM,51.1°F,  -,45.0°F,80%,30.18in,6.0mi,WNW,3.5mph,  -,N/A,	,Haze

8:51 PM,50.0°F,  -,45.0°F,83%,30.18in,6.0mi,Calm,Calm,  -,N/A,	,Haze

9:51 PM,50.0°F,  -,45.0°F,83%,30.17in,6.0mi,Calm,Calm,  -,N/A,	,Haze

10:51 PM,50.0°F,  -,44.1°F,80%,30.15in,6.0mi,Variable,3.5mph,  -,N/A,	,Haze

11:51 PM,50.0°F,  -,43.0°F,77%,30.13in,6.0mi,Calm,Calm,  -,N/A,	,Haze

