20160710
Time (EDT),Temp.,Dew Point,Humidity,Pressure,Visibility,Wind Dir,Wind Speed,Gust Speed,Precip,Events,Conditions

12:07 AM,66.9°F,64.9°F,93%,29.85in,6.0mi,Variable,3.5mph,  -,N/A,	,Overcast

12:51 AM,66.9°F,64.9°F,93%,29.82in,10.0mi,WNW,3.5mph,  -,N/A,	,Mostly Cloudy

1:09 AM,66.9°F,64.9°F,93%,29.84in,8.0mi,Calm,Calm,  -,N/A,	,Overcast

1:51 AM,68.0°F,66.0°F,93%,29.81in,5.0mi,Calm,Calm,  -,N/A,	,Overcast

2:01 AM,68.0°F,66.0°F,93%,29.83in,6.0mi,Calm,Calm,  -,N/A,	,Overcast

2:17 AM,68.0°F,66.0°F,93%,29.83in,5.0mi,ENE,3.5mph,  -,N/A,	,Overcast

2:47 AM,68.0°F,66.2°F,94%,29.83in,6.0mi,Variable,3.5mph,  -,N/A,	,Overcast

2:51 AM,68.0°F,64.9°F,90%,29.81in,6.0mi,Calm,Calm,  -,N/A,	,Overcast

3:51 AM,66.9°F,64.9°F,93%,29.81in,5.0mi,Variable,3.5mph,  -,N/A,	,Overcast

4:51 AM,66.9°F,64.9°F,93%,29.82in,4.0mi,NE,3.5mph,  -,N/A,	,Overcast

5:23 AM,66.9°F,64.9°F,93%,29.85in,2.5mi,Calm,Calm,  -,N/A,	,Scattered Clouds

5:32 AM,66.0°F,64.0°F,93%,29.85in,3.0mi,Calm,Calm,  -,N/A,	,Partly Cloudy

5:41 AM,66.0°F,64.0°F,93%,29.85in,2.5mi,Calm,Calm,  -,N/A,	,Scattered Clouds

5:51 AM,66.0°F,64.0°F,93%,29.83in,2.5mi,Calm,Calm,  -,N/A,	,Mostly Cloudy

6:51 AM,66.9°F,66.0°F,97%,29.84in,2.5mi,Calm,Calm,  -,N/A,	,Mostly Cloudy

7:01 AM,68.0°F,64.9°F,90%,29.87in,4.0mi,Calm,Calm,  -,N/A,	,Mostly Cloudy

7:08 AM,68.0°F,64.9°F,90%,29.87in,4.0mi,Calm,Calm,  -,N/A,	,Partly Cloudy

7:51 AM,69.1°F,64.9°F,87%,29.84in,6.0mi,WNW,3.5mph,  -,N/A,	,Clear

8:51 AM,70.0°F,64.9°F,84%,29.85in,8.0mi,Calm,Calm,  -,N/A,	,Partly Cloudy

9:51 AM,71.1°F,64.0°F,78%,29.85in,9.0mi,Variable,5.8mph,  -,N/A,	,Mostly Cloudy

9:59 AM,71.1°F,63.0°F,75%,29.87in,9.0mi,North,  -,  -,N/A,	,Scattered Clouds

10:51 AM,73.9°F,66.0°F,76%,29.85in,9.0mi,Variable,3.5mph,  -,N/A,	,Partly Cloudy

11:51 AM,77.0°F,62.1°F,60%,29.86in,10.0mi,Variable,5.8mph,  -,N/A,	,Mostly Cloudy

12:51 PM,79.0°F,62.1°F,56%,29.86in,10.0mi,Variable,5.8mph,  -,N/A,	,Mostly Cloudy

1:51 PM,77.0°F,61.0°F,58%,29.85in,10.0mi,West,10.4mph,18.4mph,N/A,	,Mostly Cloudy

2:51 PM,77.0°F,62.1°F,60%,29.86in,10.0mi,WNW,9.2mph,  -,N/A,	,Overcast

3:51 PM,78.1°F,61.0°F,56%,29.87in,10.0mi,Variable,5.8mph,  -,0.00in,	,Overcast

4:51 PM,78.1°F,62.1°F,58%,29.87in,10.0mi,Variable,5.8mph,  -,N/A,	,Mostly Cloudy

5:51 PM,79.0°F,62.1°F,56%,29.88in,10.0mi,Variable,5.8mph,  -,N/A,	,Mostly Cloudy

6:51 PM,78.1°F,59.0°F,52%,29.90in,10.0mi,North,  -,  -,N/A,	,Overcast

7:51 PM,75.9°F,59.0°F,56%,29.92in,10.0mi,Variable,5.8mph,  -,N/A,	,Mostly Cloudy

8:51 PM,75.0°F,59.0°F,57%,29.93in,10.0mi,Calm,Calm,  -,N/A,	,Clear

9:51 PM,73.0°F,57.9°F,59%,29.95in,10.0mi,Variable,5.8mph,  -,N/A,	,Clear

10:51 PM,72.0°F,57.9°F,61%,29.96in,10.0mi,Variable,6.9mph,  -,N/A,	,Clear

11:51 PM,70.0°F,59.0°F,68%,29.97in,10.0mi,Variable,3.5mph,  -,N/A,	,Clear

