20160424
Time (EDT),Temp.,Dew Point,Humidity,Pressure,Visibility,Wind Dir,Wind Speed,Gust Speed,Precip,Events,Conditions

12:51 AM,55.0°F,27.0°F,34%,29.98in,10.0mi,NNE,10.4mph,18.4mph,N/A,	,Clear

1:51 AM,53.1°F,24.1°F,32%,29.99in,10.0mi,NNE,8.1mph,  -,N/A,	,Clear

2:51 AM,51.1°F,21.0°F,31%,29.99in,10.0mi,NNE,8.1mph,  -,N/A,	,Clear

3:51 AM,50.0°F,21.0°F,32%,30.01in,10.0mi,NE,10.4mph,25.3mph,N/A,	,Clear

4:51 AM,48.9°F,21.9°F,35%,30.03in,10.0mi,NE,6.9mph,  -,N/A,	,Clear

5:51 AM,46.9°F,19.9°F,34%,30.05in,10.0mi,NE,9.2mph,  -,N/A,	,Clear

6:51 AM,48.0°F,21.0°F,34%,30.09in,10.0mi,NE,11.5mph,17.3mph,N/A,	,Clear

7:51 AM,48.0°F,19.9°F,33%,30.11in,10.0mi,North,9.2mph,16.1mph,N/A,	,Clear

8:51 AM,50.0°F,19.0°F,29%,30.11in,10.0mi,Variable,5.8mph,  -,N/A,	,Clear

9:51 AM,52.0°F,19.0°F,27%,30.11in,10.0mi,North,6.9mph,  -,N/A,	,Clear

10:51 AM,55.0°F,18.0°F,23%,30.10in,10.0mi,NE,8.1mph,  -,N/A,	,Clear

11:51 AM,57.9°F,17.1°F,20%,30.08in,10.0mi,North,  -,  -,N/A,	,Clear

12:51 PM,61.0°F,19.0°F,20%,30.07in,10.0mi,Calm,Calm,  -,N/A,	,Clear

1:51 PM,62.1°F,17.1°F,18%,30.03in,10.0mi,Variable,3.5mph,  -,N/A,	,Clear

2:51 PM,66.0°F,19.0°F,17%,30.00in,10.0mi,NW,8.1mph,  -,N/A,	,Clear

3:51 PM,66.0°F,18.0°F,16%,29.98in,10.0mi,SW,4.6mph,  -,N/A,	,Clear

4:51 PM,68.0°F,23.0°F,18%,29.97in,10.0mi,Calm,Calm,  -,N/A,	,Clear

5:51 PM,63.0°F,27.0°F,26%,29.97in,10.0mi,North,  -,  -,N/A,	,Clear

6:51 PM,57.9°F,28.0°F,32%,30.00in,10.0mi,South,5.8mph,  -,N/A,	,Clear

7:51 PM,55.0°F,28.9°F,37%,30.01in,10.0mi,Variable,6.9mph,  -,N/A,	,Clear

8:51 PM,54.0°F,33.1°F,45%,30.03in,10.0mi,SSE,5.8mph,  -,N/A,	,Clear

9:51 PM,53.1°F,37.9°F,57%,30.04in,10.0mi,Variable,4.6mph,  -,N/A,	,Clear

10:51 PM,52.0°F,39.0°F,61%,30.04in,10.0mi,Calm,Calm,  -,N/A,	,Clear

11:51 PM,52.0°F,41.0°F,66%,30.04in,10.0mi,NE,3.5mph,  -,N/A,	,Clear

