20160610
Time (EDT),Temp.,Dew Point,Humidity,Pressure,Visibility,Wind Dir,Wind Speed,Gust Speed,Precip,Events,Conditions

12:51 AM,62.1°F,35.1°F,37%,29.93in,10.0mi,Variable,4.6mph,  -,N/A,	,Mostly Cloudy

1:51 AM,61.0°F,34.0°F,36%,29.93in,10.0mi,Variable,4.6mph,  -,N/A,	,Scattered Clouds

2:51 AM,61.0°F,35.1°F,38%,29.93in,10.0mi,West,8.1mph,  -,N/A,	,Clear

3:40 AM,59.0°F,36.0°F,42%,29.96in,10.0mi,WNW,8.1mph,  -,N/A,	,Partly Cloudy

3:51 AM,59.0°F,35.1°F,41%,29.94in,10.0mi,Variable,3.5mph,  -,N/A,	,Scattered Clouds

4:51 AM,57.9°F,36.0°F,44%,29.96in,10.0mi,WNW,6.9mph,  -,N/A,	,Partly Cloudy

5:51 AM,57.0°F,37.0°F,47%,29.97in,10.0mi,West,8.1mph,  -,N/A,	,Partly Cloudy

6:51 AM,57.0°F,37.9°F,49%,29.98in,10.0mi,West,5.8mph,  -,N/A,	,Clear

7:13 AM,57.9°F,37.9°F,47%,30.00in,10.0mi,WNW,8.1mph,  -,N/A,	,Partly Cloudy

7:51 AM,59.0°F,37.9°F,46%,29.99in,10.0mi,Variable,4.6mph,  -,N/A,	,Scattered Clouds

8:51 AM,62.1°F,37.0°F,39%,29.99in,10.0mi,NW,8.1mph,17.3mph,N/A,	,Partly Cloudy

9:51 AM,64.0°F,36.0°F,35%,30.00in,10.0mi,Variable,6.9mph,  -,N/A,	,Scattered Clouds

10:51 AM,66.0°F,37.0°F,34%,30.01in,10.0mi,Variable,6.9mph,23.0mph,N/A,	,Partly Cloudy

11:51 AM,69.1°F,37.0°F,31%,30.01in,10.0mi,NW,9.2mph,21.9mph,N/A,	,Scattered Clouds

12:51 PM,72.0°F,37.9°F,29%,30.00in,10.0mi,NW,8.1mph,17.3mph,N/A,	,Partly Cloudy

1:51 PM,73.0°F,36.0°F,26%,29.99in,10.0mi,WNW,11.5mph,17.3mph,N/A,	,Scattered Clouds

2:51 PM,73.9°F,37.9°F,27%,29.98in,10.0mi,Variable,4.6mph,  -,N/A,	,Partly Cloudy

3:51 PM,75.9°F,37.9°F,25%,29.97in,10.0mi,North,  -,  -,N/A,	,Partly Cloudy

4:43 PM,75.9°F,37.0°F,24%,29.99in,10.0mi,NW,9.2mph,  -,N/A,	,Mostly Cloudy

4:51 PM,75.9°F,36.0°F,23%,29.97in,10.0mi,North,  -,  -,N/A,	,Mostly Cloudy

5:39 PM,75.9°F,37.0°F,24%,30.00in,10.0mi,Variable,3.5mph,  -,N/A,	,Scattered Clouds

5:51 PM,75.9°F,35.1°F,23%,29.97in,10.0mi,Variable,5.8mph,  -,N/A,	,Mostly Cloudy

6:51 PM,75.0°F,35.1°F,23%,29.99in,10.0mi,Variable,3.5mph,  -,N/A,	,Mostly Cloudy

7:51 PM,73.0°F,37.0°F,27%,30.00in,10.0mi,Variable,3.5mph,  -,N/A,	,Mostly Cloudy

8:51 PM,72.0°F,37.9°F,29%,30.01in,10.0mi,Variable,4.6mph,  -,N/A,	,Mostly Cloudy

9:51 PM,70.0°F,37.9°F,31%,30.03in,10.0mi,Variable,4.6mph,  -,N/A,	,Mostly Cloudy

10:51 PM,68.0°F,37.9°F,33%,30.04in,10.0mi,Calm,Calm,  -,N/A,	,Overcast

11:51 PM,66.0°F,37.9°F,36%,30.04in,10.0mi,Calm,Calm,  -,N/A,	,Overcast

