20160703
Time (EDT),Temp.,Dew Point,Humidity,Pressure,Visibility,Wind Dir,Wind Speed,Gust Speed,Precip,Events,Conditions

12:51 AM,70.0°F,50.0°F,49%,30.06in,10.0mi,Variable,4.6mph,  -,N/A,	,Clear

1:51 AM,69.1°F,50.0°F,51%,30.06in,10.0mi,NW,3.5mph,  -,N/A,	,Clear

2:51 AM,68.0°F,50.0°F,52%,30.06in,10.0mi,NW,3.5mph,  -,N/A,	,Clear

3:51 AM,66.9°F,52.0°F,59%,30.07in,10.0mi,Variable,3.5mph,  -,N/A,	,Clear

4:51 AM,66.0°F,51.1°F,59%,30.08in,10.0mi,Calm,Calm,  -,N/A,	,Clear

5:51 AM,64.9°F,53.1°F,65%,30.09in,10.0mi,West,4.6mph,  -,N/A,	,Clear

6:51 AM,66.9°F,53.1°F,61%,30.10in,10.0mi,Variable,3.5mph,  -,N/A,	,Clear

7:51 AM,69.1°F,52.0°F,54%,30.12in,10.0mi,Variable,3.5mph,  -,N/A,	,Clear

8:51 AM,70.0°F,53.1°F,55%,30.12in,10.0mi,WNW,3.5mph,  -,N/A,	,Clear

9:51 AM,72.0°F,54.0°F,53%,30.12in,10.0mi,Calm,Calm,  -,N/A,	,Clear

10:51 AM,75.0°F,53.1°F,46%,30.11in,10.0mi,Calm,Calm,  -,N/A,	,Clear

11:51 AM,75.9°F,50.0°F,40%,30.10in,10.0mi,Calm,Calm,  -,N/A,	,Clear

12:51 PM,75.9°F,51.1°F,42%,30.10in,10.0mi,Calm,Calm,  -,N/A,	,Clear

1:51 PM,75.9°F,54.0°F,46%,30.08in,10.0mi,Variable,4.6mph,  -,N/A,	,Clear

2:51 PM,77.0°F,54.0°F,45%,30.08in,10.0mi,North,  -,  -,N/A,	,Clear

3:51 PM,77.0°F,54.0°F,45%,30.06in,10.0mi,Calm,Calm,  -,N/A,	,Clear

4:51 PM,75.9°F,55.9°F,50%,30.06in,10.0mi,Variable,4.6mph,  -,N/A,	,Clear

5:51 PM,75.9°F,55.0°F,48%,30.05in,10.0mi,Variable,3.5mph,  -,N/A,	,Clear

6:51 PM,75.9°F,55.9°F,50%,30.05in,10.0mi,WSW,4.6mph,  -,N/A,	,Clear

7:51 PM,75.0°F,57.0°F,53%,30.06in,10.0mi,North,  -,  -,N/A,	,Clear

8:51 PM,73.9°F,55.9°F,53%,30.06in,10.0mi,Variable,3.5mph,  -,N/A,	,Clear

9:51 PM,73.0°F,55.9°F,55%,30.06in,10.0mi,WSW,8.1mph,  -,N/A,	,Clear

10:51 PM,73.0°F,55.9°F,55%,30.07in,10.0mi,SW,4.6mph,  -,N/A,	,Clear

11:51 PM,72.0°F,57.0°F,59%,30.08in,10.0mi,West,5.8mph,  -,N/A,	,Clear

