20161001
Time (EDT),Temp.,Dew Point,Humidity,Pressure,Visibility,Wind Dir,Wind Speed,Gust Speed,Precip,Events,Conditions

12:51 AM,55.9°F,53.1°F,90%,30.24in,10.0mi,Variable,6.9mph,  -,N/A,	,Overcast

1:39 AM,55.9°F,53.1°F,90%,30.26in,10.0mi,Variable,5.8mph,  -,N/A,	,Overcast

1:51 AM,55.9°F,53.1°F,90%,30.23in,9.0mi,ENE,9.2mph,16.1mph,N/A,	,Overcast

2:51 AM,55.9°F,53.1°F,90%,30.23in,10.0mi,Variable,6.9mph,  -,N/A,	,Overcast

3:51 AM,55.9°F,53.1°F,90%,30.21in,10.0mi,ENE,8.1mph,  -,N/A,	,Overcast

4:13 AM,55.9°F,53.1°F,90%,30.23in,8.0mi,Variable,4.6mph,  -,N/A,	,Overcast

4:51 AM,55.9°F,53.1°F,90%,30.21in,10.0mi,NE,8.1mph,18.4mph,N/A,	,Overcast

5:34 AM,57.0°F,53.1°F,87%,30.24in,10.0mi,ENE,11.5mph,16.1mph,N/A,	,Overcast

5:51 AM,57.0°F,53.1°F,87%,30.22in,9.0mi,Variable,6.9mph,18.4mph,N/A,	,Overcast

6:35 AM,57.0°F,53.1°F,87%,30.24in,10.0mi,Variable,5.8mph,16.1mph,N/A,	,Overcast

6:51 AM,57.0°F,53.1°F,87%,30.22in,10.0mi,ENE,9.2mph,  -,N/A,	,Overcast

7:51 AM,57.0°F,54.0°F,89%,30.22in,7.0mi,NE,9.2mph,  -,N/A,	,Overcast

8:51 AM,57.9°F,54.0°F,87%,30.23in,9.0mi,ENE,8.1mph,  -,N/A,	,Overcast

9:51 AM,59.0°F,54.0°F,83%,30.22in,10.0mi,NE,10.4mph,18.4mph,N/A,	,Overcast

10:19 AM,59.0°F,55.0°F,87%,30.24in,10.0mi,NE,10.4mph,  -,N/A,	,Overcast

10:51 AM,60.1°F,54.0°F,80%,30.21in,10.0mi,Variable,4.6mph,  -,N/A,	,Overcast

11:51 AM,60.1°F,55.0°F,83%,30.21in,9.0mi,ENE,10.4mph,  -,N/A,	,Overcast

12:51 PM,61.0°F,55.9°F,83%,30.20in,8.0mi,ENE,11.5mph,16.1mph,N/A,	,Overcast

1:51 PM,61.0°F,55.9°F,83%,30.19in,10.0mi,North,  -,  -,N/A,	,Overcast

2:51 PM,61.0°F,55.9°F,83%,30.17in,10.0mi,East,4.6mph,  -,N/A,	,Overcast

3:51 PM,62.1°F,55.9°F,80%,30.17in,10.0mi,Variable,6.9mph,  -,N/A,	,Overcast

4:51 PM,61.0°F,55.9°F,83%,30.14in,10.0mi,ENE,6.9mph,16.1mph,N/A,	,Overcast

5:51 PM,61.0°F,55.9°F,83%,30.14in,10.0mi,NE,8.1mph,  -,N/A,	,Overcast

6:51 PM,61.0°F,55.0°F,81%,30.15in,10.0mi,NE,6.9mph,  -,N/A,	,Overcast

7:51 PM,60.1°F,55.0°F,83%,30.14in,10.0mi,ENE,8.1mph,17.3mph,N/A,	,Overcast

8:51 PM,60.1°F,55.0°F,83%,30.14in,10.0mi,ENE,8.1mph,  -,N/A,	,Overcast

9:51 PM,60.1°F,55.0°F,83%,30.14in,10.0mi,ENE,8.1mph,  -,N/A,	,Overcast

10:51 PM,59.0°F,55.0°F,87%,30.14in,5.0mi,ENE,10.4mph,  -,N/A,	,Overcast

11:02 PM,59.0°F,55.0°F,87%,30.17in,5.0mi,Variable,4.6mph,  -,N/A,	,Overcast

11:51 PM,57.9°F,55.0°F,90%,30.14in,6.0mi,Variable,5.8mph,  -,N/A,	,Overcast

