20160620
Time (EDT),Temp.,Heat Index,Dew Point,Humidity,Pressure,Visibility,Wind Dir,Wind Speed,Gust Speed,Precip,Events,Conditions

12:51 AM,66.0°F,  -,57.9°F,75%,30.24in,10.0mi,Calm,Calm,  -,N/A,	,Clear

1:51 AM,66.0°F,  -,57.9°F,75%,30.23in,10.0mi,Calm,Calm,  -,N/A,	,Clear

2:51 AM,66.0°F,  -,57.9°F,75%,30.20in,10.0mi,Variable,3.5mph,  -,N/A,	,Clear

3:51 AM,66.0°F,  -,59.0°F,78%,30.21in,10.0mi,Variable,3.5mph,  -,N/A,	,Clear

4:51 AM,64.0°F,  -,60.1°F,87%,30.21in,10.0mi,Calm,Calm,  -,N/A,	,Clear

5:51 AM,64.9°F,  -,60.1°F,84%,30.21in,9.0mi,Calm,Calm,  -,N/A,	,Clear

6:51 AM,66.9°F,  -,61.0°F,81%,30.20in,9.0mi,Calm,Calm,  -,N/A,	,Partly Cloudy

7:51 AM,69.1°F,  -,61.0°F,75%,30.21in,9.0mi,Calm,Calm,  -,N/A,	,Clear

8:51 AM,72.0°F,  -,62.1°F,71%,30.20in,8.0mi,ENE,3.5mph,  -,N/A,	,Clear

9:51 AM,75.9°F,  -,62.1°F,62%,30.18in,8.0mi,Variable,3.5mph,  -,N/A,	,Clear

10:51 AM,79.0°F,  -,63.0°F,58%,30.16in,8.0mi,Variable,4.6mph,  -,N/A,	,Clear

11:51 AM,80.1°F,81.7°F,64.0°F,58%,30.14in,8.0mi,Calm,Calm,  -,N/A,	,Clear

12:51 PM,81.0°F,82.5°F,64.0°F,56%,30.12in,8.0mi,Variable,4.6mph,  -,N/A,	,Clear

1:51 PM,82.0°F,83.1°F,63.0°F,52%,30.08in,8.0mi,South,8.1mph,  -,N/A,	,Clear

2:51 PM,82.0°F,83.1°F,63.0°F,52%,30.05in,8.0mi,SSE,9.2mph,  -,N/A,	,Clear

3:51 PM,80.1°F,81.5°F,63.0°F,56%,30.03in,8.0mi,South,5.8mph,  -,N/A,	,Partly Cloudy

4:51 PM,79.0°F,  -,61.0°F,54%,30.01in,8.0mi,Variable,5.8mph,  -,N/A,	,Clear

5:51 PM,78.1°F,  -,62.1°F,58%,29.98in,8.0mi,Calm,Calm,  -,N/A,	,Clear

6:51 PM,78.1°F,  -,61.0°F,56%,29.96in,8.0mi,North,  -,  -,N/A,	,Clear

7:51 PM,78.1°F,  -,62.1°F,58%,29.93in,8.0mi,Calm,Calm,  -,N/A,	,Clear

8:51 PM,77.0°F,  -,63.0°F,62%,29.92in,9.0mi,Variable,5.8mph,  -,N/A,	,Clear

9:51 PM,78.1°F,  -,63.0°F,60%,29.91in,9.0mi,Calm,Calm,  -,N/A,	,Clear

10:51 PM,80.1°F,80.9°F,60.1°F,50%,29.90in,9.0mi,Variable,3.5mph,  -,N/A,	,Clear

11:51 PM,78.1°F,  -,57.9°F,50%,29.87in,10.0mi,Variable,4.6mph,  -,N/A,	,Partly Cloudy

