20160817
Time (EDT),Temp.,Heat Index,Dew Point,Humidity,Pressure,Visibility,Wind Dir,Wind Speed,Gust Speed,Precip,Events,Conditions

12:51 AM,82.9°F,90.2°F,75.0°F,77%,29.98in,9.0mi,WSW,8.1mph,20.7mph,N/A,	,Clear

1:51 AM,77.0°F,  -,72.0°F,84%,29.98in,10.0mi,Variable,3.5mph,  -,0.01in,	,Mostly Cloudy

2:51 AM,78.1°F,  -,71.1°F,79%,29.97in,10.0mi,WSW,6.9mph,16.1mph,N/A,	,Clear

3:51 AM,79.0°F,  -,71.1°F,77%,29.96in,10.0mi,North,  -,  -,N/A,	,Clear

4:51 AM,77.0°F,  -,71.1°F,82%,29.97in,10.0mi,Variable,5.8mph,17.3mph,N/A,	,Clear

5:51 AM,77.0°F,  -,70.0°F,79%,29.97in,10.0mi,Variable,3.5mph,17.3mph,N/A,	,Clear

6:51 AM,77.0°F,  -,70.0°F,79%,29.98in,9.0mi,WSW,8.1mph,  -,N/A,	,Clear

7:51 AM,77.0°F,  -,71.1°F,82%,29.99in,9.0mi,Variable,5.8mph,  -,N/A,	,Partly Cloudy

8:40 AM,78.1°F,  -,69.1°F,74%,30.03in,9.0mi,West,9.2mph,17.3mph,N/A,	,Mostly Cloudy

8:51 AM,78.1°F,  -,68.0°F,71%,30.00in,9.0mi,Calm,Calm,  -,N/A,	,Mostly Cloudy

9:02 AM,78.1°F,  -,66.9°F,68%,30.03in,9.0mi,West,9.2mph,17.3mph,N/A,	,Mostly Cloudy

9:51 AM,79.0°F,  -,64.0°F,60%,30.02in,10.0mi,West,8.1mph,  -,N/A,	,Clear

10:51 AM,80.1°F,81.2°F,62.1°F,54%,30.03in,10.0mi,Variable,4.6mph,  -,N/A,	,Scattered Clouds

11:51 AM,82.0°F,83.0°F,62.1°F,51%,30.03in,9.0mi,Variable,6.9mph,16.1mph,N/A,	,Clear

12:51 PM,82.0°F,82.7°F,61.0°F,49%,30.02in,9.0mi,WNW,11.5mph,23.0mph,N/A,	,Clear

1:51 PM,84.9°F,85.4°F,62.1°F,46%,30.02in,10.0mi,WNW,6.9mph,  -,N/A,	,Clear

2:51 PM,84.9°F,85.9°F,63.0°F,48%,30.01in,10.0mi,Variable,6.9mph,  -,N/A,	,Clear

3:51 PM,84.9°F,85.4°F,62.1°F,46%,30.00in,9.0mi,North,10.4mph,16.1mph,N/A,	,Clear

4:51 PM,82.0°F,83.4°F,64.0°F,54%,30.00in,9.0mi,Variable,4.6mph,  -,N/A,	,Clear

5:51 PM,82.0°F,83.1°F,63.0°F,52%,30.00in,9.0mi,Variable,5.8mph,  -,N/A,	,Clear

6:51 PM,82.9°F,83.3°F,61.0°F,47%,30.00in,9.0mi,Variable,3.5mph,  -,N/A,	,Clear

7:51 PM,81.0°F,82.2°F,63.0°F,54%,30.01in,10.0mi,West,6.9mph,  -,N/A,	,Partly Cloudy

8:51 PM,81.0°F,82.2°F,63.0°F,54%,30.02in,10.0mi,Calm,Calm,  -,N/A,	,Mostly Cloudy

9:51 PM,81.0°F,82.2°F,63.0°F,54%,30.04in,10.0mi,Calm,Calm,  -,N/A,	,Overcast

10:51 PM,80.1°F,81.5°F,63.0°F,56%,30.04in,10.0mi,Variable,4.6mph,  -,N/A,	,Mostly Cloudy

11:51 PM,80.1°F,81.5°F,63.0°F,56%,30.02in,10.0mi,Variable,3.5mph,  -,N/A,	,Scattered Clouds

