20161228
Time (EST),Temp.,Windchill,Dew Point,Humidity,Pressure,Visibility,Wind Dir,Wind Speed,Gust Speed,Precip,Events,Conditions

12:51 AM,39.0°F,36.8°F,27.0°F,62%,29.95in,10.0mi,Variable,3.5mph,  -,N/A,	,Clear

1:51 AM,39.0°F,34.0°F,26.1°F,60%,29.96in,10.0mi,West,6.9mph,  -,N/A,	,Clear

2:51 AM,39.0°F,35.7°F,26.1°F,60%,29.98in,10.0mi,West,4.6mph,  -,N/A,	,Mostly Cloudy

3:51 AM,39.0°F,35.7°F,26.1°F,60%,29.98in,10.0mi,Variable,4.6mph,  -,N/A,	,Overcast

4:51 AM,37.9°F,32.7°F,26.1°F,62%,29.99in,10.0mi,West,6.9mph,  -,N/A,	,Clear

5:51 AM,37.9°F,32.1°F,26.1°F,62%,30.01in,10.0mi,WNW,8.1mph,  -,N/A,	,Mostly Cloudy

6:51 AM,39.0°F,34.8°F,26.1°F,60%,30.05in,10.0mi,Variable,5.8mph,  -,N/A,	,Overcast

7:51 AM,39.9°F,35.1°F,24.1°F,53%,30.07in,10.0mi,WNW,6.9mph,  -,N/A,	,Overcast

8:51 AM,39.9°F,36.7°F,24.1°F,53%,30.09in,10.0mi,West,4.6mph,16.1mph,N/A,	,Overcast

9:51 AM,39.9°F,35.1°F,24.1°F,53%,30.12in,10.0mi,Variable,6.9mph,  -,N/A,	,Overcast

10:51 AM,39.9°F,36.7°F,24.1°F,53%,30.12in,10.0mi,Variable,4.6mph,19.6mph,N/A,	,Overcast

11:51 AM,39.0°F,  -,24.1°F,55%,30.12in,10.0mi,Calm,Calm,  -,N/A,	,Overcast

12:51 PM,39.0°F,33.4°F,21.9°F,50%,30.11in,10.0mi,NW,8.1mph,  -,N/A,	,Overcast

1:51 PM,39.0°F,34.8°F,19.9°F,46%,30.11in,10.0mi,Variable,5.8mph,  -,N/A,	,Overcast

2:51 PM,37.9°F,32.1°F,19.0°F,47%,30.12in,10.0mi,NW,8.1mph,  -,N/A,	,Overcast

3:51 PM,37.9°F,32.7°F,19.0°F,47%,30.13in,10.0mi,Variable,6.9mph,  -,N/A,	,Overcast

4:51 PM,37.9°F,32.1°F,19.9°F,48%,30.14in,10.0mi,WNW,8.1mph,17.3mph,N/A,	,Mostly Cloudy

5:51 PM,37.0°F,31.0°F,19.9°F,50%,30.15in,10.0mi,NW,8.1mph,  -,N/A,	,Overcast

6:51 PM,36.0°F,32.1°F,19.0°F,50%,30.16in,10.0mi,Variable,4.6mph,  -,N/A,	,Clear

7:51 PM,36.0°F,33.3°F,19.0°F,50%,30.16in,10.0mi,Variable,3.5mph,  -,N/A,	,Clear

8:51 PM,35.1°F,32.2°F,19.0°F,52%,30.17in,10.0mi,Variable,3.5mph,  -,N/A,	,Scattered Clouds

9:51 PM,35.1°F,  -,19.9°F,54%,30.15in,10.0mi,Calm,Calm,  -,N/A,	,Clear

10:51 PM,35.1°F,32.2°F,19.0°F,52%,30.15in,10.0mi,Variable,3.5mph,  -,N/A,	,Clear

11:51 PM,34.0°F,  -,19.9°F,56%,30.13in,10.0mi,Calm,Calm,  -,N/A,	,Clear

