20160803
Time (EDT),Temp.,Dew Point,Humidity,Pressure,Visibility,Wind Dir,Wind Speed,Gust Speed,Precip,Events,Conditions

12:51 AM,68.0°F,57.0°F,68%,30.14in,10.0mi,ENE,3.5mph,  -,N/A,	,Clear

1:51 AM,66.9°F,57.9°F,73%,30.14in,10.0mi,Calm,Calm,  -,N/A,	,Clear

2:51 AM,66.9°F,60.1°F,79%,30.14in,10.0mi,NE,3.5mph,  -,N/A,	,Clear

3:51 AM,66.9°F,61.0°F,81%,30.14in,10.0mi,Calm,Calm,  -,N/A,	,Clear

4:51 AM,66.0°F,61.0°F,84%,30.13in,10.0mi,NE,3.5mph,  -,N/A,	,Clear

5:51 AM,66.0°F,61.0°F,84%,30.14in,9.0mi,Calm,Calm,  -,N/A,	,Clear

6:51 AM,66.9°F,60.1°F,79%,30.16in,8.0mi,Variable,4.6mph,  -,N/A,	,Clear

7:51 AM,69.1°F,61.0°F,75%,30.17in,8.0mi,ENE,4.6mph,  -,N/A,	,Clear

8:51 AM,70.0°F,60.1°F,71%,30.18in,9.0mi,ENE,9.2mph,  -,N/A,	,Clear

9:51 AM,72.0°F,57.9°F,61%,30.18in,9.0mi,ENE,4.6mph,  -,N/A,	,Clear

10:51 AM,75.0°F,57.9°F,55%,30.19in,9.0mi,ENE,4.6mph,  -,N/A,	,Clear

11:51 AM,78.1°F,60.1°F,54%,30.19in,9.0mi,Calm,Calm,  -,N/A,	,Clear

12:51 PM,73.9°F,60.1°F,62%,30.18in,9.0mi,Calm,Calm,  -,N/A,	,Mostly Cloudy

1:51 PM,75.9°F,60.1°F,58%,30.17in,9.0mi,Calm,Calm,  -,N/A,	,Overcast

2:51 PM,78.1°F,61.0°F,56%,30.16in,9.0mi,Variable,4.6mph,  -,N/A,	,Overcast

3:51 PM,77.0°F,59.0°F,54%,30.16in,9.0mi,Variable,4.6mph,  -,N/A,	,Scattered Clouds

4:51 PM,78.1°F,55.9°F,46%,30.15in,10.0mi,North,  -,  -,N/A,	,Clear

5:51 PM,77.0°F,57.0°F,50%,30.14in,10.0mi,Calm,Calm,  -,N/A,	,Clear

6:51 PM,75.0°F,57.9°F,55%,30.14in,9.0mi,Variable,5.8mph,  -,N/A,	,Clear

7:51 PM,72.0°F,59.0°F,64%,30.15in,9.0mi,Calm,Calm,  -,N/A,	,Clear

8:51 PM,71.1°F,57.0°F,61%,30.16in,10.0mi,Variable,3.5mph,  -,N/A,	,Clear

9:51 PM,72.0°F,55.9°F,57%,30.16in,10.0mi,SSE,8.1mph,  -,N/A,	,Clear

10:51 PM,70.0°F,61.0°F,73%,30.17in,10.0mi,Calm,Calm,  -,N/A,	,Clear

11:51 PM,70.0°F,59.0°F,68%,30.17in,10.0mi,Variable,3.5mph,  -,N/A,	,Clear

