20160718
Time (EDT),Temp.,Heat Index,Dew Point,Humidity,Pressure,Visibility,Wind Dir,Wind Speed,Gust Speed,Precip,Events,Conditions

12:51 AM,81.0°F,81.6°F,60.1°F,49%,30.10in,10.0mi,Variable,3.5mph,  -,N/A,	,Clear

1:51 AM,81.0°F,81.9°F,62.1°F,52%,30.10in,10.0mi,West,5.8mph,  -,N/A,	,Clear

2:51 AM,80.1°F,81.7°F,64.0°F,58%,30.10in,10.0mi,WSW,8.1mph,  -,N/A,	,Clear

3:51 AM,79.0°F,  -,64.9°F,62%,30.09in,9.0mi,Variable,3.5mph,  -,N/A,	,Clear

4:51 AM,77.0°F,  -,66.0°F,69%,30.09in,9.0mi,WSW,8.1mph,17.3mph,N/A,	,Clear

5:51 AM,77.0°F,  -,66.9°F,71%,30.10in,8.0mi,Variable,3.5mph,  -,N/A,	,Clear

6:51 AM,77.0°F,  -,68.0°F,74%,30.09in,7.0mi,Variable,4.6mph,  -,N/A,	,Clear

7:51 AM,78.1°F,  -,68.0°F,71%,30.09in,7.0mi,Variable,5.8mph,  -,N/A,	,Clear

8:51 AM,80.1°F,82.9°F,69.1°F,69%,30.09in,7.0mi,Calm,Calm,  -,N/A,	,Clear

9:51 AM,82.9°F,85.8°F,68.0°F,60%,30.07in,7.0mi,North,  -,  -,N/A,	,Clear

10:51 AM,86.0°F,89.4°F,68.0°F,55%,30.08in,8.0mi,WSW,6.9mph,  -,N/A,	,Clear

11:51 AM,90.0°F,94.5°F,69.1°F,50%,30.07in,8.0mi,Variable,5.8mph,  -,N/A,	,Clear

12:51 PM,90.0°F,93.6°F,68.0°F,48%,30.05in,8.0mi,West,9.2mph,18.4mph,N/A,	,Scattered Clouds

1:51 PM,91.9°F,94.1°F,64.9°F,41%,30.02in,8.0mi,West,9.2mph,20.7mph,N/A,	,Clear

2:51 PM,91.0°F,93.8°F,66.0°F,44%,30.00in,8.0mi,WSW,11.5mph,18.4mph,N/A,	,Partly Cloudy

3:51 PM,90.0°F,91.3°F,64.0°F,42%,29.99in,8.0mi,WSW,8.1mph,  -,N/A,	,Mostly Cloudy

4:51 PM,82.0°F,85.5°F,69.1°F,65%,30.05in,0.5mi,WNW,8.1mph,20.7mph,0.00in,Rain,Rain

5:08 PM,73.9°F,  -,71.1°F,91%,30.06in,2.0mi,WSW,8.1mph,17.3mph,0.29in,Rain,Light Rain

5:46 PM,71.6°F,  -,69.8°F,94%,30.03in,4.0mi,Calm,Calm,  -,0.35in,Rain,Light Rain

5:51 PM,73.0°F,  -,70.0°F,90%,30.01in,8.0mi,West,3.5mph,  -,0.35in,	,Mostly Cloudy

6:51 PM,73.9°F,  -,71.1°F,91%,30.01in,8.0mi,WSW,4.6mph,  -,N/A,	,Clear

7:51 PM,75.0°F,  -,69.1°F,82%,30.00in,9.0mi,West,4.6mph,  -,N/A,	,Mostly Cloudy

8:51 PM,75.0°F,  -,69.1°F,82%,29.99in,9.0mi,Variable,4.6mph,  -,N/A,	,Partly Cloudy

9:51 PM,78.1°F,  -,71.1°F,79%,30.01in,10.0mi,Variable,4.6mph,  -,N/A,	,Clear

10:51 PM,75.9°F,  -,71.1°F,85%,30.02in,9.0mi,Variable,4.6mph,  -,N/A,	,Clear

11:51 PM,75.9°F,  -,70.0°F,82%,30.01in,9.0mi,Variable,3.5mph,  -,N/A,	,Clear

