20161213
Time (EST),Temp.,Windchill,Dew Point,Humidity,Pressure,Visibility,Wind Dir,Wind Speed,Gust Speed,Precip,Events,Conditions

12:51 AM,39.0°F,33.4°F,26.1°F,60%,30.04in,10.0mi,WNW,8.1mph,18.4mph,N/A,	,Clear

1:51 AM,37.9°F,33.5°F,26.1°F,62%,30.06in,10.0mi,West,5.8mph,  -,N/A,	,Clear

2:51 AM,37.0°F,31.6°F,25.0°F,62%,30.07in,10.0mi,West,6.9mph,  -,N/A,	,Clear

3:51 AM,36.0°F,33.3°F,25.0°F,64%,30.09in,10.0mi,Variable,3.5mph,  -,N/A,	,Clear

4:51 AM,36.0°F,33.3°F,23.0°F,59%,30.12in,10.0mi,Variable,3.5mph,  -,N/A,	,Clear

5:51 AM,36.0°F,33.3°F,21.9°F,57%,30.15in,10.0mi,WNW,3.5mph,  -,N/A,	,Clear

6:51 AM,37.0°F,34.5°F,21.9°F,54%,30.16in,10.0mi,Variable,3.5mph,  -,N/A,	,Clear

7:51 AM,37.0°F,33.3°F,21.9°F,54%,30.17in,10.0mi,West,4.6mph,  -,N/A,	,Clear

8:51 AM,37.0°F,33.3°F,21.9°F,54%,30.17in,10.0mi,West,4.6mph,  -,N/A,	,Clear

9:51 AM,39.0°F,34.8°F,21.9°F,50%,30.19in,10.0mi,West,5.8mph,  -,N/A,	,Clear

10:51 AM,39.9°F,37.8°F,21.0°F,47%,30.17in,10.0mi,Variable,3.5mph,  -,N/A,	,Clear

11:51 AM,41.0°F,  -,21.0°F,45%,30.14in,10.0mi,Calm,Calm,  -,N/A,	,Clear

12:51 PM,42.1°F,  -,21.9°F,45%,30.12in,10.0mi,Calm,Calm,  -,N/A,	,Clear

1:51 PM,43.0°F,40.3°F,23.0°F,45%,30.12in,10.0mi,WSW,4.6mph,  -,N/A,	,Clear

2:51 PM,42.1°F,40.2°F,24.1°F,49%,30.13in,10.0mi,Variable,3.5mph,  -,N/A,	,Mostly Cloudy

3:51 PM,42.1°F,39.2°F,23.0°F,47%,30.12in,10.0mi,Variable,4.6mph,  -,N/A,	,Mostly Cloudy

4:51 PM,42.1°F,39.2°F,24.1°F,49%,30.10in,10.0mi,Variable,4.6mph,  -,N/A,	,Mostly Cloudy

5:51 PM,41.0°F,38.0°F,23.0°F,49%,30.08in,10.0mi,Variable,4.6mph,  -,N/A,	,Clear

6:51 PM,41.0°F,  -,24.1°F,51%,30.08in,10.0mi,North,  -,  -,N/A,	,Clear

7:51 PM,42.1°F,  -,26.1°F,53%,30.04in,10.0mi,Calm,Calm,  -,N/A,	,Mostly Cloudy

8:51 PM,41.0°F,38.0°F,27.0°F,57%,30.02in,10.0mi,Variable,4.6mph,  -,N/A,	,Partly Cloudy

9:51 PM,42.1°F,39.2°F,26.1°F,53%,30.01in,10.0mi,West,4.6mph,  -,N/A,	,Overcast

10:51 PM,42.1°F,40.2°F,28.0°F,58%,30.03in,10.0mi,Variable,3.5mph,  -,N/A,	,Overcast

11:51 PM,41.0°F,38.0°F,28.0°F,60%,30.03in,10.0mi,WNW,4.6mph,  -,N/A,	,Overcast

