20160530
Time (EDT),Temp.,Dew Point,Humidity,Pressure,Visibility,Wind Dir,Wind Speed,Gust Speed,Precip,Events,Conditions

12:51 AM,71.1°F,66.0°F,84%,30.04in,9.0mi,Calm,Calm,  -,0.00in,	,Overcast

1:30 AM,70.0°F,66.9°F,90%,30.06in,1.8mi,Calm,Calm,  -,0.04in,Rain,Heavy Rain

1:34 AM,70.0°F,66.9°F,90%,30.08in,0.8mi,Calm,Calm,  -,0.10in,Rain,Heavy Rain

1:51 AM,69.1°F,66.9°F,93%,30.03in,0.8mi,Calm,Calm,  -,0.73in,Rain,Heavy Rain

1:55 AM,69.1°F,68.0°F,96%,30.06in,0.8mi,Calm,Calm,  -,0.03in,Rain,Heavy Rain

2:08 AM,70.0°F,68.0°F,93%,30.05in,1.0mi,Calm,Calm,  -,0.35in,Rain,Light Rain

2:18 AM,70.0°F,68.0°F,93%,30.05in,2.5mi,Calm,Calm,  -,0.36in,Rain,Light Rain

2:30 AM,70.0°F,69.1°F,97%,30.04in,3.0mi,Calm,Calm,  -,0.37in,Rain,Light Rain

2:38 AM,70.0°F,69.1°F,97%,30.04in,2.5mi,Calm,Calm,  -,0.37in,Rain,Light Rain

2:51 AM,70.0°F,69.1°F,97%,30.01in,2.0mi,Calm,Calm,  -,0.40in,Rain,Rain

3:24 AM,70.0°F,68.0°F,93%,30.03in,4.0mi,Calm,Calm,  -,0.07in,Rain,Light Rain

3:43 AM,71.1°F,68.0°F,90%,30.02in,4.0mi,Calm,Calm,  -,0.08in,Rain,Light Rain

3:51 AM,70.0°F,69.1°F,97%,29.99in,3.0mi,Calm,Calm,  -,0.09in,Rain,Rain

3:56 AM,70.0°F,69.1°F,97%,30.02in,2.5mi,West,3.5mph,  -,0.02in,Rain,Rain

4:16 AM,70.0°F,69.1°F,97%,30.02in,3.0mi,Calm,Calm,  -,0.07in,Rain,Rain

4:24 AM,70.0°F,68.0°F,93%,30.02in,2.0mi,Calm,Calm,  -,0.09in,Rain,Rain

4:41 AM,70.0°F,68.0°F,93%,30.02in,1.5mi,Calm,Calm,  -,0.14in,Rain,Heavy Rain

4:51 AM,70.0°F,68.0°F,93%,29.99in,1.8mi,Calm,Calm,  -,0.21in,Rain,Heavy Rain

5:07 AM,70.0°F,68.0°F,93%,30.02in,2.5mi,Calm,Calm,  -,0.06in,Rain,Rain

5:16 AM,70.0°F,68.0°F,93%,30.02in,4.0mi,Calm,Calm,  -,0.08in,Rain,Light Rain

5:39 AM,70.0°F,68.0°F,93%,30.01in,6.0mi,Calm,Calm,  -,0.10in,	,Mostly Cloudy

5:51 AM,70.0°F,68.0°F,93%,29.99in,4.0mi,Calm,Calm,  -,0.11in,Rain,Rain

6:16 AM,70.0°F,68.0°F,93%,30.02in,3.0mi,Calm,Calm,  -,0.07in,Rain,Rain

6:30 AM,70.0°F,68.0°F,93%,30.01in,3.0mi,WNW,4.6mph,  -,0.09in,Rain,Rain

6:51 AM,70.0°F,68.0°F,93%,29.98in,4.0mi,Calm,Calm,  -,0.11in,Rain,Light Rain

7:18 AM,70.0°F,68.0°F,93%,30.01in,3.0mi,Variable,3.5mph,  -,0.00in,	,Overcast

7:24 AM,70.0°F,68.0°F,93%,30.01in,1.8mi,WNW,4.6mph,  -,0.00in,	,Overcast

7:27 AM,70.0°F,68.0°F,93%,30.02in,1.8mi,WNW,3.5mph,  -,0.00in,	,Overcast

7:32 AM,70.0°F,68.0°F,93%,30.02in,2.5mi,WNW,3.5mph,  -,0.00in,	,Overcast

7:35 AM,70.0°F,68.0°F,93%,30.02in,3.0mi,Calm,Calm,  -,0.00in,	,Overcast

7:51 AM,68.0°F,66.0°F,93%,30.00in,5.0mi,Variable,3.5mph,  -,0.00in,	,Overcast

8:51 AM,69.1°F,66.9°F,93%,30.01in,4.0mi,Variable,3.5mph,  -,N/A,	,Overcast

9:51 AM,69.1°F,66.0°F,90%,30.01in,7.0mi,Variable,3.5mph,  -,N/A,	,Overcast

10:25 AM,71.1°F,66.9°F,87%,30.03in,6.0mi,Calm,Calm,  -,N/A,	,Mostly Cloudy

10:51 AM,72.0°F,66.9°F,84%,30.00in,7.0mi,WNW,5.8mph,  -,N/A,	,Mostly Cloudy

11:03 AM,73.0°F,68.0°F,84%,30.02in,8.0mi,Variable,3.5mph,  -,N/A,	,Mostly Cloudy

11:51 AM,75.9°F,66.9°F,74%,29.97in,10.0mi,Variable,3.5mph,  -,N/A,	,Clear

12:51 PM,78.1°F,68.0°F,71%,29.96in,10.0mi,Calm,Calm,  -,N/A,	,Scattered Clouds

1:51 PM,79.0°F,66.0°F,64%,29.95in,9.0mi,Variable,3.5mph,  -,N/A,	,Mostly Cloudy

2:51 PM,79.0°F,66.9°F,66%,29.94in,10.0mi,West,5.8mph,  -,N/A,	,Clear

3:34 PM,77.0°F,66.9°F,71%,29.96in,9.0mi,Variable,6.9mph,  -,N/A,	,Mostly Cloudy

3:41 PM,77.0°F,66.9°F,71%,29.96in,9.0mi,South,6.9mph,  -,N/A,	,Scattered Clouds

3:51 PM,77.0°F,68.0°F,74%,29.93in,9.0mi,Calm,Calm,  -,N/A,	,Partly Cloudy

4:51 PM,77.0°F,66.9°F,71%,29.92in,9.0mi,SSE,5.8mph,  -,N/A,	,Mostly Cloudy

5:51 PM,75.9°F,66.0°F,71%,29.93in,9.0mi,Variable,6.9mph,  -,N/A,	,Scattered Clouds

6:51 PM,75.9°F,66.9°F,74%,29.93in,9.0mi,North,  -,  -,N/A,	,Clear

7:46 PM,75.2°F,68.0°F,78%,29.96in,8.0mi,SSW,4.6mph,  -,N/A,	,Mostly Cloudy

7:51 PM,75.9°F,68.0°F,76%,29.94in,8.0mi,North,  -,  -,N/A,	,Mostly Cloudy

8:23 PM,75.0°F,68.0°F,79%,29.97in,10.0mi,North,  -,  -,N/A,	,Scattered Clouds

8:51 PM,75.0°F,68.0°F,79%,29.94in,10.0mi,Variable,6.9mph,  -,N/A,	,Partly Cloudy

9:51 PM,73.9°F,66.9°F,79%,29.95in,10.0mi,Variable,5.8mph,  -,N/A,	,Partly Cloudy

10:42 PM,73.0°F,66.9°F,81%,29.99in,10.0mi,Variable,6.9mph,  -,N/A,	,Mostly Cloudy

10:51 PM,73.0°F,66.9°F,81%,29.96in,10.0mi,Variable,4.6mph,  -,N/A,	,Mostly Cloudy

11:07 PM,73.0°F,66.0°F,79%,29.98in,10.0mi,Variable,5.8mph,  -,N/A,	,Partly Cloudy

11:29 PM,73.0°F,66.0°F,79%,29.99in,10.0mi,Variable,5.8mph,  -,N/A,	,Mostly Cloudy

11:51 PM,73.0°F,66.0°F,79%,29.95in,10.0mi,Variable,5.8mph,  -,N/A,	,Mostly Cloudy

