20160317
Time (EDT),Temp.,Windchill,Dew Point,Humidity,Pressure,Visibility,Wind Dir,Wind Speed,Gust Speed,Precip,Events,Conditions

12:51 AM,48.9°F,  -,39.9°F,71%,29.87in,10.0mi,Variable,5.8mph,  -,N/A,	,Mostly Cloudy

1:51 AM,48.0°F,  -,41.0°F,77%,29.89in,10.0mi,NNE,6.9mph,  -,N/A,	,Mostly Cloudy

2:08 AM,48.0°F,  -,41.0°F,77%,29.93in,10.0mi,Variable,4.6mph,  -,N/A,	,Overcast

2:44 AM,46.9°F,  -,41.0°F,80%,29.91in,10.0mi,East,4.6mph,  -,N/A,	,Partly Cloudy

2:51 AM,46.9°F,  -,41.0°F,80%,29.88in,10.0mi,East,5.8mph,  -,N/A,	,Partly Cloudy

3:51 AM,46.0°F,  -,39.9°F,79%,29.87in,10.0mi,Calm,Calm,  -,N/A,	,Clear

4:51 AM,46.0°F,44.8°F,39.9°F,79%,29.87in,10.0mi,East,3.5mph,  -,N/A,	,Partly Cloudy

5:51 AM,46.9°F,  -,41.0°F,80%,29.89in,10.0mi,West,5.8mph,  -,N/A,	,Partly Cloudy

6:05 AM,46.9°F,  -,41.0°F,80%,29.91in,10.0mi,WNW,3.5mph,  -,N/A,	,Mostly Cloudy

6:48 AM,48.2°F,  -,41.0°F,76%,29.91in,10.0mi,Calm,Calm,  -,N/A,	,Overcast

6:51 AM,48.0°F,  -,41.0°F,77%,29.88in,10.0mi,West,3.5mph,  -,N/A,	,Overcast

7:51 AM,48.0°F,  -,41.0°F,77%,29.88in,8.0mi,West,4.6mph,  -,N/A,	,Overcast

8:51 AM,50.0°F,  -,42.1°F,74%,29.87in,9.0mi,West,5.8mph,  -,N/A,	,Partly Cloudy

9:51 AM,51.1°F,  -,42.1°F,71%,29.86in,8.0mi,Variable,5.8mph,  -,N/A,	,Clear

10:51 AM,55.0°F,  -,41.0°F,59%,29.84in,9.0mi,SW,3.5mph,  -,N/A,	,Clear

11:51 AM,57.9°F,  -,37.9°F,47%,29.83in,10.0mi,WSW,10.4mph,18.4mph,N/A,	,Clear

12:51 PM,61.0°F,  -,34.0°F,36%,29.79in,10.0mi,SW,6.9mph,  -,N/A,	,Clear

1:51 PM,60.1°F,  -,28.0°F,30%,29.79in,10.0mi,Variable,6.9mph,20.7mph,N/A,	,Overcast

2:51 PM,55.0°F,  -,32.0°F,42%,29.81in,10.0mi,West,8.1mph,25.3mph,N/A,	,Overcast

3:51 PM,60.1°F,  -,32.0°F,35%,29.75in,10.0mi,West,8.1mph,19.6mph,N/A,	,Clear

4:51 PM,59.0°F,  -,32.0°F,36%,29.75in,10.0mi,Variable,3.5mph,  -,N/A,	,Scattered Clouds

5:51 PM,51.1°F,  -,37.0°F,59%,29.78in,10.0mi,Variable,3.5mph,  -,0.00in,	,Overcast

6:51 PM,53.1°F,  -,35.1°F,50%,29.77in,10.0mi,West,8.1mph,  -,N/A,	,Clear

7:51 PM,54.0°F,  -,33.1°F,45%,29.77in,10.0mi,North,  -,  -,N/A,	,Clear

8:51 PM,54.0°F,  -,33.1°F,45%,29.80in,10.0mi,Variable,5.8mph,  -,N/A,	,Clear

9:51 PM,53.1°F,  -,34.0°F,48%,29.81in,10.0mi,NW,3.5mph,  -,N/A,	,Clear

10:51 PM,53.1°F,  -,33.1°F,47%,29.80in,10.0mi,Variable,4.6mph,  -,N/A,	,Clear

11:51 PM,53.1°F,  -,32.0°F,45%,29.79in,10.0mi,West,3.5mph,  -,N/A,	,Clear

