20160604
Time (EDT),Temp.,Heat Index,Dew Point,Humidity,Pressure,Visibility,Wind Dir,Wind Speed,Gust Speed,Precip,Events,Conditions

12:51 AM,66.9°F,  -,60.1°F,79%,30.04in,8.0mi,Calm,Calm,  -,N/A,	,Overcast

1:51 AM,66.9°F,  -,61.0°F,81%,30.03in,8.0mi,Calm,Calm,  -,N/A,	,Overcast

2:51 AM,68.0°F,  -,62.1°F,81%,30.01in,7.0mi,Calm,Calm,  -,N/A,	,Overcast

3:51 AM,68.0°F,  -,62.1°F,81%,30.01in,7.0mi,Calm,Calm,  -,N/A,	,Overcast

4:51 AM,66.9°F,  -,62.1°F,84%,30.01in,7.0mi,Calm,Calm,  -,N/A,	,Overcast

5:51 AM,68.0°F,  -,63.0°F,84%,30.01in,6.0mi,Calm,Calm,  -,N/A,	,Haze

6:40 AM,68.0°F,  -,64.0°F,87%,30.04in,5.0mi,Variable,4.6mph,  -,N/A,	,Scattered Clouds

6:51 AM,69.1°F,  -,64.0°F,84%,30.02in,4.0mi,West,3.5mph,  -,N/A,	,Haze

7:51 AM,70.0°F,  -,64.0°F,81%,30.03in,5.0mi,West,4.6mph,  -,N/A,	,Haze

8:17 AM,71.1°F,  -,64.0°F,78%,30.05in,5.0mi,Calm,Calm,  -,N/A,	,Haze

8:24 AM,72.0°F,  -,64.0°F,76%,30.05in,5.0mi,Calm,Calm,  -,N/A,	,Haze

8:51 AM,72.0°F,  -,64.0°F,76%,30.02in,5.0mi,West,3.5mph,  -,N/A,	,Haze

9:51 AM,73.9°F,  -,64.0°F,71%,30.01in,5.0mi,WSW,5.8mph,  -,N/A,	,Haze

10:51 AM,75.0°F,  -,64.9°F,71%,30.01in,6.0mi,Variable,3.5mph,  -,N/A,	,Haze

11:51 AM,78.1°F,  -,66.0°F,66%,29.99in,6.0mi,Calm,Calm,  -,N/A,	,Haze

12:51 PM,80.1°F,81.7°F,64.0°F,58%,29.97in,7.0mi,Variable,3.5mph,  -,N/A,	,Partly Cloudy

1:51 PM,82.0°F,83.8°F,64.9°F,56%,29.96in,7.0mi,Calm,Calm,  -,N/A,	,Scattered Clouds

2:51 PM,80.1°F,81.7°F,64.0°F,58%,29.95in,6.0mi,Calm,Calm,  -,N/A,	,Haze

3:51 PM,82.9°F,84.6°F,64.9°F,54%,29.92in,6.0mi,Variable,4.6mph,  -,N/A,	,Haze

4:51 PM,79.0°F,  -,64.0°F,60%,29.91in,7.0mi,Variable,5.8mph,  -,N/A,	,Scattered Clouds

5:51 PM,75.9°F,  -,63.0°F,64%,29.91in,6.0mi,SSE,8.1mph,  -,N/A,	,Haze

6:51 PM,75.0°F,  -,64.0°F,69%,29.92in,7.0mi,Calm,Calm,  -,N/A,	,Overcast

7:04 PM,72.0°F,  -,64.9°F,78%,29.96in,1.8mi,Variable,3.5mph,  -,0.00in,Rain,Rain

7:15 PM,70.0°F,  -,66.9°F,90%,29.96in,0.8mi,Calm,Calm,  -,0.10in,Rain,Heavy Rain

7:25 PM,70.0°F,  -,66.9°F,90%,29.96in,1.2mi,SSE,3.5mph,  -,0.14in,Rain,Rain

7:48 PM,69.8°F,  -,66.2°F,88%,29.96in,2.0mi,Variable,3.5mph,  -,0.16in,	,Overcast

7:51 PM,69.1°F,  -,66.9°F,93%,29.94in,2.5mi,Variable,3.5mph,  -,0.16in,	,Overcast

8:00 PM,69.1°F,  -,66.9°F,93%,29.97in,1.5mi,Variable,3.5mph,  -,0.01in,Rain,Rain

8:47 PM,68.0°F,  -,66.2°F,94%,29.97in,2.5mi,SSE,6.9mph,  -,0.24in,Rain,Light Rain

8:51 PM,66.9°F,  -,64.9°F,93%,29.94in,3.0mi,Variable,5.8mph,  -,0.24in,Rain,Light Rain

9:51 PM,68.0°F,  -,64.9°F,90%,29.96in,4.0mi,East,4.6mph,  -,0.00in,	,Overcast

10:51 PM,66.0°F,  -,63.0°F,90%,29.94in,6.0mi,Calm,Calm,  -,N/A,	,Overcast

11:51 PM,66.9°F,  -,64.0°F,90%,29.93in,6.0mi,SE,3.5mph,  -,N/A,	,Overcast

