20160607
Time (EDT),Temp.,Heat Index,Dew Point,Humidity,Pressure,Visibility,Wind Dir,Wind Speed,Gust Speed,Precip,Events,Conditions

12:51 AM,75.9°F,  -,59.0°F,56%,29.62in,10.0mi,Variable,3.5mph,  -,N/A,	,Scattered Clouds

1:51 AM,73.9°F,  -,60.1°F,62%,29.61in,9.0mi,Variable,3.5mph,  -,N/A,	,Clear

2:51 AM,73.9°F,  -,61.0°F,64%,29.59in,9.0mi,WSW,5.8mph,  -,N/A,	,Clear

3:51 AM,73.0°F,  -,61.0°F,66%,29.57in,9.0mi,Calm,Calm,  -,N/A,	,Clear

4:51 AM,72.0°F,  -,62.1°F,71%,29.57in,9.0mi,West,5.8mph,  -,N/A,	,Clear

5:51 AM,72.0°F,  -,62.1°F,71%,29.57in,7.0mi,West,3.5mph,  -,N/A,	,Clear

6:51 AM,71.1°F,  -,61.0°F,70%,29.57in,7.0mi,Calm,Calm,  -,N/A,	,Clear

7:51 AM,73.0°F,  -,59.0°F,61%,29.56in,8.0mi,Variable,3.5mph,  -,N/A,	,Clear

8:51 AM,75.0°F,  -,57.9°F,55%,29.56in,8.0mi,Variable,3.5mph,  -,N/A,	,Clear

9:51 AM,75.9°F,  -,57.0°F,52%,29.54in,8.0mi,West,9.2mph,18.4mph,N/A,	,Partly Cloudy

10:51 AM,79.0°F,  -,57.9°F,48%,29.52in,8.0mi,Variable,5.8mph,  -,N/A,	,Clear

11:51 AM,81.0°F,81.0°F,57.0°F,44%,29.53in,8.0mi,Variable,3.5mph,  -,N/A,	,Clear

12:51 PM,82.9°F,  -,51.1°F,33%,29.51in,8.0mi,Variable,5.8mph,  -,N/A,	,Clear

1:51 PM,82.9°F,  -,51.1°F,33%,29.47in,8.0mi,North,  -,  -,N/A,	,Clear

2:51 PM,84.0°F,  -,48.9°F,29%,29.47in,8.0mi,Variable,5.8mph,  -,N/A,	,Partly Cloudy

3:51 PM,78.1°F,  -,46.9°F,33%,29.47in,9.0mi,WNW,10.4mph,17.3mph,N/A,	,Mostly Cloudy

4:51 PM,73.9°F,  -,53.1°F,48%,29.45in,9.0mi,WNW,6.9mph,  -,0.00in,	,Partly Cloudy

5:51 PM,75.9°F,  -,51.1°F,42%,29.46in,9.0mi,North,  -,  -,N/A,	,Clear

6:51 PM,75.0°F,  -,48.9°F,40%,29.48in,9.0mi,Variable,6.9mph,  -,N/A,	,Clear

7:51 PM,73.0°F,  -,50.0°F,44%,29.50in,10.0mi,Variable,3.5mph,  -,N/A,	,Clear

8:51 PM,72.0°F,  -,51.1°F,48%,29.51in,10.0mi,Variable,4.6mph,  -,N/A,	,Clear

9:51 PM,70.0°F,  -,51.1°F,51%,29.54in,10.0mi,WNW,4.6mph,  -,N/A,	,Clear

10:51 PM,68.0°F,  -,46.9°F,47%,29.57in,10.0mi,NW,8.1mph,20.7mph,N/A,	,Overcast

11:51 PM,64.9°F,  -,46.9°F,52%,29.58in,10.0mi,WNW,9.2mph,17.3mph,N/A,	,Clear

