20160619
Time (EDT),Temp.,Heat Index,Dew Point,Humidity,Pressure,Visibility,Wind Dir,Wind Speed,Gust Speed,Precip,Events,Conditions

12:51 AM,71.1°F,  -,55.9°F,59%,30.30in,10.0mi,East,3.5mph,  -,N/A,	,Mostly Cloudy

1:51 AM,71.1°F,  -,48.9°F,45%,30.29in,10.0mi,Calm,Calm,  -,N/A,	,Clear

2:51 AM,69.1°F,  -,51.1°F,53%,30.29in,10.0mi,Calm,Calm,  -,N/A,	,Partly Cloudy

3:51 AM,69.1°F,  -,52.0°F,54%,30.29in,10.0mi,Calm,Calm,  -,N/A,	,Mostly Cloudy

4:51 AM,68.0°F,  -,51.1°F,55%,30.29in,10.0mi,Calm,Calm,  -,N/A,	,Partly Cloudy

5:51 AM,68.0°F,  -,51.1°F,55%,30.29in,10.0mi,West,3.5mph,  -,N/A,	,Partly Cloudy

6:51 AM,68.0°F,  -,53.1°F,59%,30.30in,10.0mi,Calm,Calm,  -,N/A,	,Clear

7:51 AM,69.1°F,  -,53.1°F,57%,30.31in,9.0mi,Calm,Calm,  -,N/A,	,Clear

8:51 AM,72.0°F,  -,54.0°F,53%,30.31in,9.0mi,Calm,Calm,  -,N/A,	,Clear

9:51 AM,75.0°F,  -,55.0°F,50%,30.30in,9.0mi,Calm,Calm,  -,N/A,	,Clear

10:51 AM,79.0°F,  -,55.9°F,45%,30.30in,9.0mi,Calm,Calm,  -,N/A,	,Clear

11:51 AM,82.9°F,82.0°F,55.0°F,38%,30.29in,9.0mi,Calm,Calm,  -,N/A,	,Clear

12:51 PM,87.1°F,86.1°F,57.9°F,37%,30.27in,9.0mi,Variable,3.5mph,  -,N/A,	,Clear

1:51 PM,84.0°F,84.0°F,60.1°F,44%,30.26in,8.0mi,Variable,6.9mph,  -,N/A,	,Clear

2:51 PM,82.0°F,82.1°F,59.0°F,45%,30.25in,9.0mi,South,4.6mph,  -,N/A,	,Clear

3:51 PM,80.1°F,80.9°F,60.1°F,50%,30.25in,9.0mi,Variable,6.9mph,  -,N/A,	,Clear

4:51 PM,77.0°F,  -,59.0°F,54%,30.25in,9.0mi,South,8.1mph,  -,N/A,	,Clear

5:51 PM,73.0°F,  -,57.9°F,59%,30.25in,8.0mi,Variable,4.6mph,19.6mph,N/A,	,Clear

6:51 PM,73.0°F,  -,55.9°F,55%,30.26in,9.0mi,SSE,8.1mph,  -,N/A,	,Clear

7:51 PM,70.0°F,  -,57.0°F,63%,30.27in,9.0mi,Calm,Calm,  -,N/A,	,Clear

8:51 PM,69.1°F,  -,57.0°F,65%,30.27in,10.0mi,Variable,4.6mph,  -,N/A,	,Clear

9:51 PM,68.0°F,  -,55.9°F,65%,30.28in,10.0mi,South,9.2mph,  -,N/A,	,Clear

10:51 PM,68.0°F,  -,55.9°F,65%,30.27in,10.0mi,SE,6.9mph,  -,N/A,	,Clear

11:51 PM,66.9°F,  -,57.0°F,70%,30.26in,10.0mi,SSE,4.6mph,  -,N/A,	,Clear

