20161122
Time (EST),Temp.,Windchill,Dew Point,Humidity,Pressure,Visibility,Wind Dir,Wind Speed,Gust Speed,Precip,Events,Conditions

12:51 AM,37.9°F,31.5°F,17.1°F,43%,29.86in,10.0mi,WNW,9.2mph,26.5mph,N/A,	,Mostly Cloudy

1:51 AM,37.9°F,  -,17.1°F,43%,29.87in,10.0mi,North,  -,  -,N/A,	,Clear

2:51 AM,37.9°F,30.0°F,18.0°F,45%,29.88in,10.0mi,WNW,12.7mph,25.3mph,N/A,	,Mostly Cloudy

3:51 AM,37.9°F,32.1°F,19.0°F,47%,29.90in,10.0mi,West,8.1mph,19.6mph,N/A,	,Overcast

4:51 AM,37.9°F,32.7°F,19.0°F,47%,29.92in,10.0mi,WNW,6.9mph,18.4mph,N/A,	,Overcast

5:51 AM,37.9°F,32.7°F,21.0°F,51%,29.94in,10.0mi,Variable,6.9mph,  -,N/A,	,Overcast

6:51 AM,37.0°F,30.4°F,23.0°F,57%,29.97in,10.0mi,WNW,9.2mph,21.9mph,N/A,	,Overcast

7:51 AM,37.0°F,30.4°F,19.0°F,48%,30.00in,10.0mi,NW,9.2mph,  -,N/A,	,Overcast

8:51 AM,37.9°F,32.1°F,18.0°F,45%,30.02in,10.0mi,WNW,8.1mph,26.5mph,N/A,	,Scattered Clouds

9:18 AM,37.9°F,29.2°F,18.0°F,45%,30.05in,10.0mi,WNW,15.0mph,28.8mph,N/A,	,Scattered Clouds

9:51 AM,39.0°F,32.3°F,18.0°F,43%,30.02in,10.0mi,WNW,10.4mph,23.0mph,N/A,	,Partly Cloudy

10:51 AM,39.0°F,32.3°F,19.0°F,45%,30.04in,10.0mi,NW,10.4mph,29.9mph,N/A,	,Mostly Cloudy

11:28 AM,39.9°F,32.5°F,19.9°F,45%,30.06in,10.0mi,NW,12.7mph,29.9mph,N/A,	,Mostly Cloudy

11:51 AM,39.9°F,32.1°F,19.0°F,43%,30.03in,10.0mi,WNW,13.8mph,26.5mph,N/A,	,Mostly Cloudy

12:51 PM,39.9°F,35.1°F,19.0°F,43%,30.04in,10.0mi,Variable,6.9mph,31.1mph,N/A,	,Partly Cloudy

1:51 PM,39.9°F,33.9°F,19.9°F,45%,30.06in,10.0mi,WNW,9.2mph,29.9mph,N/A,	,Scattered Clouds

2:51 PM,39.9°F,32.9°F,19.9°F,45%,30.08in,10.0mi,NW,11.5mph,31.1mph,N/A,	,Scattered Clouds

3:51 PM,39.0°F,  -,21.0°F,49%,30.11in,10.0mi,North,  -,  -,N/A,	,Scattered Clouds

4:51 PM,37.9°F,30.9°F,21.0°F,51%,30.12in,10.0mi,WNW,10.4mph,20.7mph,N/A,	,Mostly Cloudy

5:51 PM,37.0°F,30.4°F,19.9°F,50%,30.16in,10.0mi,NW,9.2mph,27.6mph,N/A,	,Scattered Clouds

6:51 PM,37.0°F,28.5°F,21.0°F,52%,30.18in,10.0mi,NW,13.8mph,26.5mph,N/A,	,Overcast

7:51 PM,37.0°F,31.0°F,21.9°F,54%,30.19in,10.0mi,WNW,8.1mph,19.6mph,N/A,	,Overcast

8:51 PM,37.9°F,32.1°F,23.0°F,55%,30.20in,10.0mi,NW,8.1mph,  -,N/A,	,Overcast

9:51 PM,37.9°F,31.5°F,24.1°F,57%,30.20in,10.0mi,WNW,9.2mph,19.6mph,N/A,	,Overcast

10:51 PM,37.9°F,32.1°F,24.1°F,57%,30.21in,10.0mi,NW,8.1mph,23.0mph,N/A,	,Overcast

11:51 PM,37.9°F,30.5°F,24.1°F,57%,30.21in,10.0mi,NW,11.5mph,19.6mph,N/A,	,Scattered Clouds

