20161107
Time (EST),Temp.,Windchill,Dew Point,Humidity,Pressure,Visibility,Wind Dir,Wind Speed,Gust Speed,Precip,Events,Conditions

12:51 AM,44.1°F,42.5°F,28.9°F,55%,30.40in,10.0mi,Variable,3.5mph,  -,N/A,	,Clear

1:51 AM,43.0°F,38.8°F,28.9°F,58%,30.41in,10.0mi,NNW,6.9mph,  -,N/A,	,Clear

2:51 AM,42.1°F,39.2°F,30.0°F,62%,30.42in,10.0mi,Variable,4.6mph,  -,N/A,	,Clear

3:51 AM,43.0°F,38.8°F,28.9°F,58%,30.43in,10.0mi,Variable,6.9mph,  -,N/A,	,Clear

4:51 AM,41.0°F,  -,30.0°F,65%,30.44in,10.0mi,Calm,Calm,  -,N/A,	,Clear

5:51 AM,42.1°F,37.1°F,30.0°F,62%,30.45in,10.0mi,NNE,8.1mph,  -,N/A,	,Clear

6:51 AM,42.1°F,37.7°F,30.9°F,65%,30.46in,10.0mi,Variable,6.9mph,  -,N/A,	,Clear

7:51 AM,43.0°F,36.8°F,28.0°F,56%,30.48in,10.0mi,NE,11.5mph,19.6mph,N/A,	,Clear

8:51 AM,45.0°F,39.7°F,26.1°F,48%,30.48in,10.0mi,NE,10.4mph,  -,N/A,	,Clear

9:51 AM,46.0°F,41.4°F,25.0°F,44%,30.49in,10.0mi,ENE,9.2mph,  -,N/A,	,Clear

10:51 AM,48.0°F,  -,26.1°F,42%,30.48in,10.0mi,ENE,10.4mph,  -,N/A,	,Clear

11:51 AM,48.9°F,  -,26.1°F,41%,30.45in,10.0mi,ENE,8.1mph,  -,N/A,	,Clear

12:51 PM,50.0°F,  -,28.9°F,44%,30.43in,10.0mi,North,8.1mph,  -,N/A,	,Clear

1:51 PM,52.0°F,  -,28.0°F,40%,30.40in,10.0mi,Variable,4.6mph,  -,N/A,	,Clear

2:51 PM,52.0°F,  -,25.0°F,35%,30.39in,10.0mi,Variable,6.9mph,  -,N/A,	,Clear

3:51 PM,52.0°F,  -,26.1°F,37%,30.38in,10.0mi,Variable,4.6mph,  -,N/A,	,Clear

4:51 PM,51.1°F,  -,25.0°F,36%,30.37in,10.0mi,NE,4.6mph,  -,N/A,	,Clear

5:51 PM,51.1°F,  -,23.0°F,33%,30.36in,10.0mi,NNE,5.8mph,  -,N/A,	,Clear

6:00 PM,  -,  -,  -,N/A%,		-,  -,North,  -,  -,N/A,	,Unknown

6:51 PM,51.1°F,  -,25.0°F,36%,30.36in,10.0mi,Calm,Calm,  -,N/A,	,Clear

7:51 PM,50.0°F,  -,28.0°F,43%,30.35in,10.0mi,NE,3.5mph,  -,N/A,	,Clear

8:51 PM,48.9°F,  -,28.0°F,44%,30.35in,10.0mi,Calm,Calm,  -,N/A,	,Clear

9:51 PM,48.9°F,  -,28.0°F,44%,30.33in,10.0mi,Calm,Calm,  -,N/A,	,Clear

10:51 PM,46.9°F,  -,27.0°F,46%,30.32in,10.0mi,Calm,Calm,  -,N/A,	,Clear

11:51 PM,46.9°F,  -,28.0°F,48%,30.30in,10.0mi,WNW,3.5mph,  -,N/A,	,Clear

