20160725
Time (EDT),Temp.,Heat Index,Dew Point,Humidity,Pressure,Visibility,Wind Dir,Wind Speed,Gust Speed,Precip,Events,Conditions

12:51 AM,81.0°F,83.0°F,66.0°F,60%,29.96in,9.0mi,WSW,4.6mph,  -,N/A,	,Clear

1:51 AM,81.0°F,83.0°F,66.0°F,60%,29.95in,9.0mi,Variable,5.8mph,  -,N/A,	,Clear

2:51 AM,81.0°F,82.7°F,64.9°F,58%,29.94in,10.0mi,Variable,3.5mph,  -,N/A,	,Clear

3:51 AM,81.0°F,82.5°F,64.0°F,56%,29.94in,10.0mi,SW,3.5mph,  -,N/A,	,Mostly Cloudy

4:51 AM,80.1°F,81.9°F,64.9°F,60%,29.93in,9.0mi,Variable,3.5mph,  -,N/A,	,Overcast

5:51 AM,80.1°F,81.7°F,64.0°F,58%,29.94in,9.0mi,Variable,4.6mph,  -,0.00in,Rain,Light Rain

6:51 AM,79.0°F,  -,66.9°F,66%,29.95in,8.0mi,WSW,8.1mph,21.9mph,0.00in,	,Overcast

7:51 AM,80.1°F,82.9°F,69.1°F,69%,29.94in,7.0mi,West,5.8mph,  -,N/A,	,Overcast

8:51 AM,81.0°F,84.4°F,70.0°F,69%,29.93in,7.0mi,Calm,Calm,  -,N/A,	,Partly Cloudy

9:51 AM,82.0°F,85.9°F,70.0°F,67%,29.92in,7.0mi,Calm,Calm,  -,N/A,	,Clear

10:51 AM,84.0°F,89.6°F,72.0°F,67%,29.92in,7.0mi,Calm,Calm,  -,N/A,	,Partly Cloudy

11:51 AM,88.0°F,94.7°F,72.0°F,59%,29.91in,7.0mi,Variable,3.5mph,  -,N/A,	,Clear

12:51 PM,88.0°F,94.7°F,72.0°F,59%,29.89in,7.0mi,North,  -,  -,N/A,	,Clear

1:51 PM,93.0°F,100.1°F,71.1°F,49%,29.87in,7.0mi,SSE,3.5mph,  -,N/A,	,Clear

2:51 PM,91.9°F,100.7°F,73.0°F,54%,29.85in,7.0mi,Variable,5.8mph,  -,N/A,	,Clear

3:51 PM,91.0°F,100.4°F,73.9°F,57%,29.81in,7.0mi,Variable,5.8mph,  -,N/A,	,Clear

4:16 PM,84.9°F,90.7°F,72.0°F,65%,29.89in,1.2mi,North,12.7mph,23.0mph,0.00in,Rain,Rain

4:22 PM,77.0°F,  -,73.0°F,88%,29.86in,0.2mi,ENE,16.1mph,31.1mph,0.10in,Fog,	,

Rain,Heavy Rain,4:31 PM,77.0°F,  -,75.0°F,94%,29.88in,2.5mi,Variable,5.8mph,21.9mph,0.32in

	,Mostly Cloudy,4:38 PM,78.1°F,  -,75.9°F,93%,29.88in,4.0mi,Calm,Calm,  -,0.32in

	,Scattered Clouds,4:51 PM,79.0°F,  -,77.0°F,94%,29.84in,4.0mi,Variable,4.6mph,  -,0.32in

	,Clear,5:32 PM,78.1°F,  -,75.0°F,90%,29.92in,1.5mi,Variable,3.5mph,  -,0.00in

Rain,Rain,5:40 PM,75.9°F,  -,75.0°F,97%,29.91in,0.5mi,South,4.6mph,  -,0.12in

Fog,	,,Rain,Heavy Rain,5:51 PM,75.9°F,  -,73.9°F,94%,29.88in,1.2mi,West,3.5mph

  -,0.35in,Rain,Rain,6:16 PM,75.0°F,  -,73.9°F,96%,29.94in,0.5mi,Variable,3.5mph

18.4mph,0.20in,Fog,	,,Rain,Heavy Rain,6:28 PM,75.0°F,  -,73.0°F,94%,29.90in,1.5mi

Calm,Calm,  -,0.31in,Rain,Rain,6:37 PM,75.0°F,  -,73.0°F,94%,29.89in,3.0mi

Calm,Calm,  -,0.32in,Rain,Light Rain,6:46 PM,75.2°F,  -,73.4°F,94%,29.92in,2.0mi

Calm,Calm,  -,0.33in,Rain,Light Rain,6:51 PM,75.9°F,  -,73.9°F,94%,29.89in,3.0mi

Calm,Calm,  -,0.33in,	,Overcast,7:51 PM,75.0°F,  -,73.0°F,94%,29.88in,5.0mi

Calm,Calm,  -,0.00in,Rain,Light Rain,8:11 PM,73.9°F,  -,73.0°F,97%,29.89in,2.5mi

Calm,Calm,  -,0.00in,Rain,Light Rain,8:21 PM,73.9°F,  -,72.0°F,93%,29.88in,4.0mi

Calm,Calm,  -,0.00in,	,Clear,8:51 PM,73.9°F,  -,72.0°F,93%,29.87in,6.0mi

Calm,Calm,  -,0.00in,	,Partly Cloudy,9:51 PM,75.0°F,  -,72.0°F,90%,29.87in,7.0mi

Calm,Calm,  -,N/A,	,Clear,10:51 PM,75.0°F,  -,73.0°F,94%,29.88in,3.0mi

Variable,3.5mph,  -,N/A,	,Clear,11:25 PM,75.0°F,  -,73.0°F,94%,29.91in,4.0mi

North,  -,  -,N/A,	,Mostly Cloudy,11:40 PM,75.0°F,  -,73.0°F,94%,29.91in,2.5mi

Variable,5.8mph,  -,N/A,	,Mostly Cloudy,11:49 PM,73.4°F,  -,71.6°F,94%,29.91in,4.0mi

West,4.6mph,  -,N/A,	,Mostly Cloudy,11:51 PM,73.9°F,  -,72.0°F,93%,29.88in,4.0mi

