20160911
Time (EDT),Temp.,Heat Index,Dew Point,Humidity,Pressure,Visibility,Wind Dir,Wind Speed,Gust Speed,Precip,Events,Conditions

12:51 AM,80.1°F,83.8°F,72.0°F,76%,29.91in,8.0mi,Variable,4.6mph,  -,N/A,	,Clear

1:51 AM,79.0°F,  -,73.0°F,82%,29.90in,8.0mi,Variable,4.6mph,  -,N/A,	,Clear

2:51 AM,78.1°F,  -,72.0°F,81%,29.87in,8.0mi,North,  -,  -,N/A,	,Partly Cloudy

3:51 AM,78.1°F,  -,71.1°F,79%,29.86in,8.0mi,North,  -,  -,N/A,	,Partly Cloudy

4:51 AM,77.0°F,  -,71.1°F,82%,29.86in,8.0mi,Variable,3.5mph,  -,N/A,	,Mostly Cloudy

5:33 AM,78.1°F,  -,71.1°F,79%,29.89in,9.0mi,Variable,3.5mph,  -,N/A,	,Mostly Cloudy

5:51 AM,78.1°F,  -,71.1°F,79%,29.87in,9.0mi,Variable,4.6mph,  -,N/A,	,Overcast

6:15 AM,77.0°F,  -,71.1°F,82%,29.89in,8.0mi,Variable,4.6mph,  -,N/A,	,Scattered Clouds

6:51 AM,77.0°F,  -,71.1°F,82%,29.87in,7.0mi,Variable,6.9mph,17.3mph,N/A,	,Mostly Cloudy

7:34 AM,77.0°F,  -,71.1°F,82%,29.91in,7.0mi,North,  -,  -,N/A,	,Mostly Cloudy

7:51 AM,78.1°F,  -,71.1°F,79%,29.89in,7.0mi,West,6.9mph,  -,N/A,	,Overcast

8:18 AM,78.1°F,  -,71.1°F,79%,29.92in,7.0mi,Variable,6.9mph,16.1mph,N/A,	,Mostly Cloudy

8:51 AM,79.0°F,  -,72.0°F,79%,29.90in,7.0mi,Variable,4.6mph,  -,N/A,	,Scattered Clouds

9:51 AM,79.0°F,  -,61.0°F,54%,29.94in,10.0mi,WNW,9.2mph,27.6mph,N/A,	,Partly Cloudy

10:51 AM,79.0°F,  -,55.0°F,44%,29.96in,10.0mi,Variable,5.8mph,25.3mph,N/A,	,Clear

11:51 AM,78.1°F,  -,53.1°F,42%,29.99in,10.0mi,NW,11.5mph,20.7mph,N/A,	,Mostly Cloudy

12:51 PM,79.0°F,  -,55.0°F,44%,30.00in,10.0mi,WNW,10.4mph,21.9mph,N/A,	,Mostly Cloudy

1:51 PM,80.1°F,80.0°F,54.0°F,40%,30.01in,10.0mi,NW,5.8mph,  -,N/A,	,Scattered Clouds

2:51 PM,82.0°F,81.2°F,53.1°F,37%,30.00in,10.0mi,Variable,4.6mph,  -,N/A,	,Clear

3:51 PM,81.0°F,  -,52.0°F,36%,30.00in,10.0mi,North,  -,  -,N/A,	,Clear

4:51 PM,82.0°F,  -,50.0°F,33%,30.01in,10.0mi,North,  -,  -,N/A,	,Clear

5:51 PM,80.1°F,  -,48.0°F,32%,30.03in,10.0mi,Variable,5.8mph,  -,N/A,	,Clear

6:51 PM,78.1°F,  -,50.0°F,37%,30.05in,10.0mi,Variable,3.5mph,  -,N/A,	,Clear

7:51 PM,75.9°F,  -,48.0°F,37%,30.08in,10.0mi,Variable,3.5mph,  -,N/A,	,Clear

8:51 PM,75.0°F,  -,48.0°F,38%,30.11in,10.0mi,Variable,4.6mph,  -,N/A,	,Clear

9:51 PM,72.0°F,  -,46.9°F,41%,30.13in,10.0mi,Variable,3.5mph,  -,N/A,	,Clear

10:51 PM,70.0°F,  -,46.0°F,42%,30.15in,10.0mi,Variable,4.6mph,  -,N/A,	,Clear

11:51 PM,69.1°F,  -,46.0°F,44%,30.16in,10.0mi,NNW,5.8mph,  -,N/A,	,Clear

