20160603
Time (EDT),Temp.,Dew Point,Humidity,Pressure,Visibility,Wind Dir,Wind Speed,Gust Speed,Precip,Events,Conditions

12:51 AM,64.9°F,57.9°F,78%,30.10in,7.0mi,Variable,4.6mph,  -,N/A,	,Overcast

1:51 AM,64.0°F,57.0°F,78%,30.09in,8.0mi,Calm,Calm,  -,N/A,	,Overcast

2:51 AM,64.0°F,57.0°F,78%,30.07in,9.0mi,Calm,Calm,  -,N/A,	,Overcast

3:51 AM,64.0°F,57.9°F,80%,30.06in,8.0mi,SSW,3.5mph,  -,N/A,	,Overcast

4:51 AM,64.9°F,57.9°F,78%,30.06in,8.0mi,Calm,Calm,  -,N/A,	,Overcast

5:51 AM,64.0°F,57.9°F,80%,30.07in,7.0mi,ENE,4.6mph,  -,N/A,	,Overcast

6:40 AM,64.0°F,57.9°F,80%,30.10in,5.0mi,ENE,3.5mph,  -,N/A,	,Haze

6:51 AM,64.0°F,57.9°F,80%,30.07in,5.0mi,East,4.6mph,  -,N/A,	,Haze

7:51 AM,64.0°F,59.0°F,84%,30.07in,4.0mi,Calm,Calm,  -,0.01in,	,Haze

8:06 AM,64.0°F,59.0°F,84%,30.10in,4.0mi,ESE,6.9mph,  -,N/A,	,Haze

8:23 AM,63.0°F,57.9°F,84%,30.10in,3.0mi,East,8.1mph,  -,0.00in,Rain,Light Rain

8:51 AM,63.0°F,59.0°F,87%,30.08in,3.0mi,Calm,Calm,  -,0.02in,Rain,Light Rain

8:59 AM,63.0°F,60.1°F,90%,30.10in,3.0mi,East,3.5mph,  -,0.00in,Rain,Light Rain

9:19 AM,64.0°F,60.1°F,87%,30.10in,3.0mi,Calm,Calm,  -,0.01in,	,Overcast

9:27 AM,64.0°F,61.0°F,90%,30.10in,3.0mi,Calm,Calm,  -,0.01in,	,Overcast

9:42 AM,64.0°F,61.0°F,90%,30.10in,4.0mi,ENE,3.5mph,  -,0.01in,	,Overcast

9:51 AM,64.0°F,61.0°F,90%,30.07in,3.0mi,Calm,Calm,  -,0.01in,	,Overcast

10:51 AM,64.9°F,62.1°F,90%,30.07in,3.0mi,Calm,Calm,  -,N/A,	,Overcast

11:51 AM,66.0°F,62.1°F,87%,30.07in,3.0mi,Variable,3.5mph,  -,N/A,	,Overcast

12:51 PM,66.0°F,62.1°F,87%,30.06in,4.0mi,Variable,3.5mph,  -,N/A,	,Overcast

1:48 PM,66.2°F,62.6°F,88%,30.08in,5.0mi,Calm,Calm,  -,N/A,	,Haze

1:51 PM,66.9°F,62.1°F,84%,30.06in,5.0mi,Calm,Calm,  -,N/A,	,Haze

2:51 PM,68.0°F,61.0°F,78%,30.04in,6.0mi,Variable,3.5mph,  -,N/A,	,Haze

3:51 PM,66.9°F,62.1°F,84%,30.04in,5.0mi,Calm,Calm,  -,0.00in,	,Haze

4:51 PM,69.1°F,62.1°F,78%,30.03in,6.0mi,Calm,Calm,  -,N/A,	,Haze

5:51 PM,70.0°F,61.0°F,73%,30.02in,5.0mi,Calm,Calm,  -,N/A,	,Haze

6:26 PM,69.1°F,62.1°F,78%,30.05in,6.0mi,Calm,Calm,  -,N/A,	,Haze

6:34 PM,69.1°F,62.1°F,78%,30.06in,6.0mi,Calm,Calm,  -,N/A,	,Haze

6:51 PM,70.0°F,62.1°F,76%,30.03in,6.0mi,Calm,Calm,  -,N/A,	,Haze

7:51 PM,69.1°F,61.0°F,75%,30.03in,6.0mi,Calm,Calm,  -,N/A,	,Haze

8:51 PM,68.0°F,61.0°F,78%,30.02in,8.0mi,Variable,3.5mph,  -,N/A,	,Overcast

9:35 PM,69.1°F,61.0°F,75%,30.05in,7.0mi,Variable,3.5mph,  -,N/A,	,Overcast

9:51 PM,68.0°F,62.1°F,81%,30.03in,7.0mi,WSW,4.6mph,  -,N/A,	,Overcast

10:01 PM,69.1°F,62.1°F,78%,30.06in,7.0mi,Calm,Calm,  -,N/A,	,Overcast

10:51 PM,68.0°F,62.1°F,81%,30.04in,8.0mi,Variable,3.5mph,  -,N/A,	,Overcast

11:51 PM,66.9°F,60.1°F,79%,30.05in,8.0mi,Calm,Calm,  -,N/A,	,Overcast

