20160515
Time (EDT),Temp.,Dew Point,Humidity,Pressure,Visibility,Wind Dir,Wind Speed,Gust Speed,Precip,Events,Conditions

12:54 AM,59.0°F,46.4°F,63%,		-,  -,North,  -,  -,N/A,	,Unknown

1:54 AM,55.4°F,41.0°F,58%,		-,  -,North,  -,  -,N/A,	,Unknown

2:58 AM,53.6°F,37.4°F,54%,		-,  -,North,  -,  -,N/A,	,Unknown

3:54 AM,51.8°F,35.6°F,54%,		-,  -,North,  -,  -,N/A,	,Unknown

4:54 AM,50.0°F,33.8°F,54%,		-,  -,North,  -,  -,N/A,	,Unknown

6:54 AM,50.4°F,34.3°F,54%,		-,  -,North,  -,  -,N/A,	,Unknown

7:54 AM,52.0°F,35.6°F,54%,		-,  -,North,  -,  -,N/A,	,Unknown

8:55 AM,54.0°F,35.1°F,49%,		-,  -,North,  -,  -,N/A,	,Unknown

9:55 AM,54.9°F,34.7°F,47%,		-,  -,North,  -,  -,N/A,	,Unknown

10:55 AM,57.2°F,34.3°F,42%,		-,  -,North,  -,  -,N/A,	,Unknown

11:55 AM,54.0°F,36.7°F,52%,		-,  -,North,  -,  -,N/A,	,Unknown

12:55 PM,53.2°F,35.4°F,51%,		-,  -,North,  -,  -,N/A,	,Unknown

1:55 PM,55.4°F,33.8°F,44%,		-,  -,North,  -,  -,N/A,	,Unknown

2:54 PM,55.4°F,28.4°F,36%,		-,  -,North,  -,  -,N/A,	,Unknown

3:54 PM,55.4°F,30.2°F,38%,		-,  -,North,  -,  -,N/A,	,Unknown

4:54 PM,55.4°F,32.0°F,41%,		-,  -,North,  -,  -,N/A,	,Unknown

5:54 PM,53.6°F,32.0°F,44%,		-,  -,North,  -,  -,N/A,	,Unknown

6:54 PM,53.6°F,32.0°F,44%,		-,  -,North,  -,  -,N/A,	,Unknown

7:54 PM,50.0°F,33.8°F,54%,		-,  -,North,  -,  -,N/A,	,Unknown

8:54 PM,50.0°F,32.0°F,50%,		-,  -,North,  -,  -,N/A,	,Unknown

9:54 PM,48.2°F,32.0°F,54%,		-,  -,North,  -,  -,N/A,	,Unknown

10:54 PM,46.4°F,32.0°F,57%,		-,  -,North,  -,  -,N/A,	,Unknown

11:54 PM,46.4°F,32.0°F,57%,		-,  -,North,  -,  -,N/A,	,Unknown

