20160212
Time (EST),Temp.,Windchill,Dew Point,Humidity,Pressure,Visibility,Wind Dir,Wind Speed,Gust Speed,Precip,Events,Conditions

12:51 AM,18.0°F,5.4°F,-2.9°F,40%,30.21in,10.0mi,WNW,11.5mph,20.7mph,N/A,	,Clear

1:51 AM,18.0°F,8.7°F,-2.9°F,40%,30.21in,10.0mi,Variable,6.9mph,18.4mph,N/A,	,Clear

2:51 AM,17.1°F,6.6°F,-2.9°F,41%,30.22in,10.0mi,WNW,8.1mph,21.9mph,N/A,	,Clear

3:51 AM,17.1°F,6.6°F,-2.0°F,43%,30.23in,10.0mi,WNW,8.1mph,16.1mph,N/A,	,Clear

4:51 AM,16.0°F,5.3°F,-2.9°F,43%,30.25in,10.0mi,WNW,8.1mph,16.1mph,N/A,	,Clear

5:51 AM,16.0°F,4.4°F,-2.0°F,45%,30.27in,10.0mi,WNW,9.2mph,  -,N/A,	,Clear

6:51 AM,16.0°F,4.4°F,-2.0°F,45%,30.26in,10.0mi,WNW,9.2mph,  -,N/A,	,Clear

7:51 AM,16.0°F,6.3°F,-0.9°F,47%,30.26in,10.0mi,West,6.9mph,  -,N/A,	,Clear

8:51 AM,17.1°F,10.0°F,-0.9°F,45%,30.27in,10.0mi,West,4.6mph,  -,N/A,	,Clear

9:51 AM,19.0°F,12.3°F,-0.9°F,42%,30.24in,10.0mi,Variable,4.6mph,  -,N/A,	,Clear

10:51 AM,21.9°F,13.4°F,-2.9°F,34%,30.22in,10.0mi,Variable,6.9mph,  -,N/A,	,Clear

11:51 AM,25.0°F,17.1°F,-0.9°F,33%,30.18in,10.0mi,WNW,6.9mph,  -,N/A,	,Clear

12:51 PM,25.0°F,18.1°F,-0.9°F,33%,30.12in,10.0mi,WSW,5.8mph,  -,N/A,	,Clear

1:51 PM,25.0°F,18.1°F,-0.9°F,33%,30.09in,10.0mi,Variable,5.8mph,  -,N/A,	,Clear

2:51 PM,26.1°F,20.5°F,-0.9°F,31%,30.06in,10.0mi,Variable,4.6mph,  -,N/A,	,Overcast

3:51 PM,26.1°F,19.4°F,-0.9°F,31%,30.04in,10.0mi,Variable,5.8mph,  -,N/A,	,Overcast

4:51 PM,25.0°F,16.3°F,-0.0°F,34%,30.02in,10.0mi,SSW,8.1mph,  -,N/A,	,Overcast

5:51 PM,24.1°F,16.0°F,1.9°F,38%,30.01in,10.0mi,Variable,6.9mph,  -,N/A,	,Overcast

6:51 PM,24.1°F,18.2°F,3.9°F,42%,30.00in,10.0mi,Variable,4.6mph,  -,N/A,	,Overcast

7:51 PM,23.0°F,14.7°F,5.0°F,46%,29.98in,10.0mi,Variable,6.9mph,  -,N/A,	,Overcast

8:51 PM,23.0°F,18.4°F,3.9°F,44%,29.96in,10.0mi,Variable,3.5mph,  -,N/A,	,Overcast

9:51 PM,23.0°F,13.9°F,3.9°F,44%,29.94in,10.0mi,WSW,8.1mph,  -,N/A,	,Overcast

10:51 PM,21.9°F,13.4°F,5.0°F,48%,29.94in,10.0mi,Variable,6.9mph,  -,N/A,	,Overcast

11:51 PM,23.0°F,  -,7.0°F,50%,29.92in,10.0mi,Calm,Calm,  -,N/A,	,Overcast

