20161229
Time (EST),Temp.,Windchill,Dew Point,Humidity,Pressure,Visibility,Wind Dir,Wind Speed,Gust Speed,Precip,Events,Conditions

12:51 AM,34.0°F,  -,19.9°F,56%,30.09in,10.0mi,Calm,Calm,  -,N/A,	,Clear

1:51 AM,34.0°F,31.0°F,19.0°F,54%,30.09in,10.0mi,SSE,3.5mph,  -,N/A,	,Clear

2:51 AM,35.1°F,  -,19.9°F,54%,30.07in,10.0mi,Calm,Calm,  -,N/A,	,Clear

3:51 AM,35.1°F,32.2°F,19.9°F,54%,30.05in,10.0mi,Variable,3.5mph,  -,N/A,	,Clear

4:51 AM,36.0°F,  -,21.9°F,57%,30.01in,10.0mi,Calm,Calm,  -,N/A,	,Clear

5:51 AM,37.0°F,33.3°F,24.1°F,59%,29.96in,10.0mi,Variable,4.6mph,  -,N/A,	,Partly Cloudy

6:51 AM,37.0°F,  -,27.0°F,67%,29.96in,10.0mi,Calm,Calm,  -,N/A,	,Scattered Clouds

7:41 AM,37.9°F,35.5°F,28.0°F,68%,29.94in,10.0mi,Variable,3.5mph,  -,N/A,	,Overcast

7:51 AM,37.9°F,34.4°F,28.9°F,70%,29.91in,10.0mi,Variable,4.6mph,  -,N/A,	,Overcast

8:51 AM,41.0°F,36.4°F,33.1°F,73%,29.86in,7.0mi,South,6.9mph,  -,0.00in,Rain,Light Rain

9:51 AM,42.1°F,38.4°F,37.9°F,85%,29.83in,4.0mi,Variable,5.8mph,  -,0.05in,Rain,Light Rain

10:51 AM,43.0°F,38.2°F,39.9°F,89%,29.76in,4.0mi,SSW,8.1mph,  -,0.05in,Rain,Light Rain

11:20 AM,43.0°F,38.2°F,41.0°F,93%,29.76in,5.0mi,South,8.1mph,  -,0.01in,Rain,Light Rain

11:33 AM,43.0°F,38.8°F,41.0°F,93%,29.74in,2.0mi,Variable,6.9mph,  -,0.03in,Rain,Light Rain

11:51 AM,43.0°F,39.5°F,41.0°F,93%,29.70in,2.5mi,Variable,5.8mph,  -,0.06in,Rain,Rain

12:04 PM,44.1°F,39.0°F,41.0°F,89%,29.71in,2.5mi,South,9.2mph,18.4mph,0.02in,Rain,Light Rain

12:26 PM,44.1°F,41.5°F,42.1°F,93%,29.68in,2.5mi,South,4.6mph,  -,0.05in,Rain,Light Rain

12:51 PM,44.1°F,42.5°F,43.0°F,96%,29.62in,2.5mi,SSW,3.5mph,  -,0.08in,Rain,Rain

1:11 PM,45.0°F,41.2°F,43.0°F,93%,29.62in,3.0mi,SSE,6.9mph,  -,0.02in,Rain,Light Rain

1:51 PM,45.0°F,41.2°F,43.0°F,93%,29.57in,4.0mi,Variable,6.9mph,  -,0.05in,Rain,Light Rain

1:58 PM,45.0°F,41.8°F,44.1°F,97%,29.58in,2.5mi,SW,5.8mph,  -,0.00in,Rain,Light Rain

2:02 PM,45.0°F,43.5°F,43.0°F,93%,29.58in,3.0mi,Variable,3.5mph,  -,0.01in,Rain,Light Rain

2:14 PM,45.0°F,42.6°F,43.0°F,93%,29.57in,5.0mi,Variable,4.6mph,16.1mph,0.01in,Rain,Light Rain

2:21 PM,46.0°F,43.1°F,44.1°F,93%,29.56in,3.0mi,South,5.8mph,  -,0.01in,Rain,Light Rain

2:43 PM,46.0°F,44.8°F,44.1°F,93%,29.56in,1.8mi,SSW,3.5mph,  -,0.03in,Rain,Rain

2:51 PM,46.0°F,41.4°F,44.1°F,93%,29.54in,1.5mi,WSW,9.2mph,  -,0.05in,Rain,Rain

2:54 PM,46.0°F,42.5°F,44.1°F,93%,29.57in,1.8mi,West,6.9mph,  -,0.01in,Rain,Rain

2:59 PM,46.0°F,44.8°F,44.1°F,93%,29.57in,2.0mi,Variable,3.5mph,  -,0.02in,Rain,Light Rain

3:08 PM,46.0°F,42.5°F,44.1°F,93%,29.57in,3.0mi,WNW,6.9mph,  -,0.03in,Rain,Light Rain

3:20 PM,45.0°F,38.9°F,43.0°F,93%,29.58in,5.0mi,West,12.7mph,20.7mph,0.04in,Rain,Light Rain

3:29 PM,45.0°F,39.3°F,42.1°F,90%,29.57in,9.0mi,West,11.5mph,20.7mph,0.04in,Rain,Light Rain

3:46 PM,44.6°F,  -,41.0°F,87%,29.58in,7.0mi,North,  -,  -,0.04in,Rain,Light Rain

3:51 PM,43.0°F,  -,41.0°F,93%,29.55in,8.0mi,North,  -,  -,0.04in,Rain,Light Rain

4:51 PM,42.1°F,38.4°F,37.9°F,85%,29.54in,10.0mi,Variable,5.8mph,19.6mph,0.01in,	,Overcast

5:51 PM,41.0°F,35.2°F,35.1°F,79%,29.55in,10.0mi,WNW,9.2mph,  -,N/A,	,Partly Cloudy

6:51 PM,39.9°F,34.5°F,33.1°F,77%,29.55in,10.0mi,West,8.1mph,16.1mph,N/A,	,Clear

7:51 PM,39.9°F,35.1°F,30.9°F,70%,29.55in,10.0mi,Variable,6.9mph,  -,N/A,	,Clear

8:51 PM,39.9°F,32.9°F,28.0°F,63%,29.55in,10.0mi,WNW,11.5mph,21.9mph,N/A,	,Clear

9:51 PM,37.9°F,  -,28.0°F,68%,29.55in,10.0mi,Calm,Calm,  -,N/A,	,Clear

10:51 PM,37.9°F,34.4°F,27.0°F,65%,29.55in,10.0mi,Variable,4.6mph,19.6mph,N/A,	,Mostly Cloudy

11:51 PM,37.9°F,31.5°F,27.0°F,65%,29.54in,10.0mi,WSW,9.2mph,  -,N/A,	,Partly Cloudy

