20160316
Time (EDT),Temp.,Dew Point,Humidity,Pressure,Visibility,Wind Dir,Wind Speed,Gust Speed,Precip,Events,Conditions

12:51 AM,53.1°F,44.1°F,71%,29.82in,10.0mi,Calm,Calm,  -,N/A,	,Overcast

1:51 AM,52.0°F,43.0°F,71%,29.82in,10.0mi,Calm,Calm,  -,N/A,	,Clear

2:51 AM,51.1°F,43.0°F,74%,29.81in,10.0mi,Calm,Calm,  -,N/A,	,Clear

3:51 AM,50.0°F,43.0°F,77%,29.81in,10.0mi,NE,4.6mph,  -,N/A,	,Clear

4:51 AM,48.9°F,42.1°F,77%,29.81in,10.0mi,Calm,Calm,  -,N/A,	,Clear

5:51 AM,48.9°F,42.1°F,77%,29.84in,10.0mi,Calm,Calm,  -,N/A,	,Clear

6:51 AM,48.9°F,43.0°F,80%,29.86in,10.0mi,NNW,3.5mph,  -,N/A,	,Clear

7:51 AM,50.0°F,43.0°F,77%,29.86in,10.0mi,Calm,Calm,  -,N/A,	,Clear

8:51 AM,53.1°F,43.0°F,69%,29.86in,10.0mi,Calm,Calm,  -,N/A,	,Clear

9:51 AM,55.9°F,42.1°F,60%,29.87in,10.0mi,NE,3.5mph,  -,N/A,	,Unknown

10:51 AM,57.9°F,43.0°F,58%,29.86in,10.0mi,NE,4.6mph,  -,N/A,	,Clear

11:51 AM,59.0°F,43.0°F,55%,29.86in,10.0mi,West,4.6mph,  -,N/A,	,Clear

12:51 PM,60.1°F,43.0°F,53%,29.83in,9.0mi,WNW,4.6mph,  -,N/A,	,Clear

1:51 PM,64.0°F,44.1°F,48%,29.80in,8.0mi,Calm,Calm,  -,N/A,	,Clear

2:51 PM,62.6°F,42.8°F,48%,29.78in,10.0mi,South,8.1mph,  -,N/A,	,Clear

3:51 PM,62.1°F,42.1°F,48%,29.76in,10.0mi,South,6.9mph,  -,N/A,	,Clear

4:51 PM,59.0°F,42.1°F,53%,29.75in,10.0mi,Variable,4.6mph,  -,N/A,	,Clear

5:51 PM,55.9°F,42.1°F,60%,29.79in,10.0mi,Variable,5.8mph,  -,N/A,	,Overcast

6:51 PM,53.1°F,45.0°F,74%,29.80in,3.0mi,South,8.1mph,  -,0.02in,Rain,Light Rain

7:51 PM,53.1°F,45.0°F,74%,29.83in,10.0mi,SSE,6.9mph,  -,0.00in,	,Overcast

8:51 PM,52.0°F,43.0°F,71%,29.82in,10.0mi,Variable,4.6mph,17.3mph,N/A,	,Overcast

9:51 PM,50.0°F,42.1°F,74%,29.84in,10.0mi,Variable,5.8mph,  -,N/A,	,Overcast

10:51 PM,50.0°F,42.1°F,74%,29.85in,10.0mi,Variable,4.6mph,  -,N/A,	,Overcast

11:51 PM,50.0°F,41.0°F,71%,29.86in,10.0mi,Calm,Calm,  -,N/A,	,Scattered Clouds

