20160925
Time (EDT),Temp.,Dew Point,Humidity,Pressure,Visibility,Wind Dir,Wind Speed,Gust Speed,Precip,Events,Conditions

12:51 AM,60.1°F,43.0°F,53%,30.15in,10.0mi,Variable,5.8mph,  -,N/A,	,Clear

1:51 AM,57.9°F,43.0°F,58%,30.16in,10.0mi,Variable,4.6mph,  -,N/A,	,Clear

2:51 AM,57.0°F,42.1°F,57%,30.16in,10.0mi,Variable,3.5mph,  -,N/A,	,Clear

3:51 AM,55.9°F,42.1°F,60%,30.16in,10.0mi,Calm,Calm,  -,N/A,	,Clear

4:51 AM,55.0°F,42.1°F,62%,30.17in,10.0mi,NNW,5.8mph,  -,N/A,	,Clear

5:51 AM,55.9°F,39.0°F,53%,30.18in,10.0mi,Calm,Calm,  -,N/A,	,Clear

6:51 AM,54.0°F,39.9°F,59%,30.19in,10.0mi,Calm,Calm,  -,N/A,	,Clear

7:51 AM,54.0°F,41.0°F,62%,30.20in,10.0mi,Calm,Calm,  -,N/A,	,Clear

8:51 AM,57.0°F,42.1°F,57%,30.20in,10.0mi,Calm,Calm,  -,N/A,	,Clear

9:51 AM,59.0°F,42.1°F,53%,30.20in,10.0mi,Variable,5.8mph,  -,N/A,	,Clear

10:51 AM,61.0°F,42.1°F,50%,30.21in,10.0mi,Variable,3.5mph,  -,N/A,	,Clear

11:51 AM,64.0°F,37.9°F,38%,30.20in,10.0mi,ENE,10.4mph,  -,N/A,	,Clear

12:51 PM,66.0°F,35.1°F,32%,30.19in,10.0mi,Variable,4.6mph,  -,N/A,	,Clear

1:51 PM,68.0°F,36.0°F,31%,30.17in,10.0mi,Variable,5.8mph,  -,N/A,	,Clear

2:51 PM,69.1°F,35.1°F,29%,30.14in,10.0mi,Calm,Calm,  -,N/A,	,Clear

3:51 PM,68.0°F,35.1°F,30%,30.13in,10.0mi,Variable,4.6mph,  -,N/A,	,Clear

4:51 PM,66.9°F,35.1°F,31%,30.12in,10.0mi,Variable,4.6mph,  -,N/A,	,Clear

5:51 PM,66.0°F,34.0°F,30%,30.13in,10.0mi,North,4.6mph,  -,N/A,	,Clear

6:51 PM,64.0°F,37.0°F,37%,30.14in,10.0mi,Variable,3.5mph,  -,N/A,	,Clear

7:51 PM,63.0°F,36.0°F,37%,30.15in,10.0mi,Calm,Calm,  -,N/A,	,Clear

8:51 PM,63.0°F,37.9°F,40%,30.17in,10.0mi,Calm,Calm,  -,N/A,	,Clear

9:51 PM,62.1°F,39.9°F,44%,30.18in,10.0mi,Calm,Calm,  -,N/A,	,Clear

10:51 PM,61.0°F,37.9°F,42%,30.19in,10.0mi,ENE,5.8mph,  -,N/A,	,Clear

11:51 PM,60.1°F,41.0°F,49%,30.19in,10.0mi,Calm,Calm,  -,N/A,	,Clear

