20161226
Time (EST),Temp.,Windchill,Dew Point,Humidity,Pressure,Visibility,Wind Dir,Wind Speed,Gust Speed,Precip,Events,Conditions

12:51 AM,35.1°F,27.9°F,18.0°F,50%,30.69in,10.0mi,ENE,9.2mph,  -,N/A,	,Clear

1:51 AM,34.0°F,28.8°F,16.0°F,48%,30.71in,10.0mi,ENE,5.8mph,  -,N/A,	,Clear

2:51 AM,34.0°F,26.6°F,17.1°F,50%,30.73in,10.0mi,NE,9.2mph,  -,N/A,	,Clear

3:51 AM,34.0°F,27.2°F,19.0°F,54%,30.72in,10.0mi,ENE,8.1mph,  -,N/A,	,Clear

4:51 AM,34.0°F,26.6°F,19.9°F,56%,30.72in,10.0mi,East,9.2mph,  -,N/A,	,Overcast

5:51 AM,34.0°F,28.8°F,21.0°F,59%,30.72in,10.0mi,ENE,5.8mph,  -,N/A,	,Overcast

6:51 AM,33.1°F,26.9°F,21.0°F,61%,30.72in,10.0mi,East,6.9mph,  -,N/A,	,Mostly Cloudy

7:51 AM,33.1°F,24.4°F,21.9°F,64%,30.71in,10.0mi,ENE,11.5mph,  -,N/A,	,Overcast

8:51 AM,34.0°F,28.0°F,23.0°F,64%,30.71in,10.0mi,ENE,6.9mph,  -,N/A,	,Overcast

9:51 AM,35.1°F,28.6°F,25.0°F,67%,30.72in,10.0mi,ENE,8.1mph,  -,N/A,	,Overcast

10:51 AM,37.0°F,31.0°F,28.0°F,70%,30.67in,10.0mi,ENE,8.1mph,  -,N/A,	,Overcast

11:51 AM,37.9°F,34.4°F,28.9°F,70%,30.63in,10.0mi,Variable,4.6mph,  -,N/A,	,Overcast

12:39 PM,39.0°F,35.7°F,30.0°F,70%,30.61in,10.0mi,ENE,4.6mph,  -,N/A,	,Overcast

12:51 PM,39.0°F,  -,30.0°F,70%,30.59in,10.0mi,Calm,Calm,  -,N/A,	,Overcast

1:51 PM,39.9°F,37.8°F,32.0°F,73%,30.55in,7.0mi,Variable,3.5mph,  -,N/A,	,Overcast

2:34 PM,39.0°F,  -,36.0°F,89%,30.55in,2.5mi,Calm,Calm,  -,0.01in,Rain,Light Rain

2:49 PM,39.2°F,37.0°F,37.4°F,93%,30.55in,4.0mi,Variable,3.5mph,  -,0.01in,Rain,Light Rain

2:51 PM,39.0°F,36.8°F,37.0°F,93%,30.53in,4.0mi,Variable,3.5mph,  -,0.02in,Rain,Light Rain

3:51 PM,39.9°F,35.8°F,37.9°F,93%,30.46in,5.0mi,ESE,5.8mph,  -,0.00in,	,Overcast

4:17 PM,41.0°F,  -,39.0°F,93%,30.46in,7.0mi,Calm,Calm,  -,N/A,	,Overcast

4:51 PM,39.9°F,36.7°F,37.9°F,93%,30.43in,8.0mi,ENE,4.6mph,  -,N/A,	,Overcast

5:04 PM,41.0°F,39.0°F,39.0°F,93%,30.43in,9.0mi,NE,3.5mph,  -,N/A,	,Overcast

5:16 PM,41.0°F,  -,39.0°F,93%,30.43in,8.0mi,Calm,Calm,  -,N/A,	,Overcast

5:51 PM,46.9°F,  -,43.0°F,86%,30.38in,10.0mi,South,10.4mph,18.4mph,N/A,	,Overcast

6:32 PM,45.0°F,43.5°F,43.0°F,93%,30.39in,9.0mi,Variable,3.5mph,  -,N/A,	,Overcast

6:51 PM,46.9°F,  -,45.0°F,93%,30.35in,10.0mi,Variable,3.5mph,  -,N/A,	,Overcast

7:51 PM,48.0°F,  -,46.0°F,93%,30.30in,8.0mi,Variable,3.5mph,  -,N/A,	,Overcast

8:51 PM,48.9°F,  -,46.9°F,93%,30.25in,8.0mi,South,8.1mph,  -,N/A,	,Overcast

9:51 PM,50.0°F,  -,48.0°F,93%,30.19in,9.0mi,Variable,3.5mph,  -,N/A,	,Overcast

10:51 PM,50.0°F,  -,48.0°F,93%,30.14in,9.0mi,Variable,6.9mph,  -,N/A,	,Overcast

11:51 PM,50.0°F,  -,46.9°F,89%,30.10in,9.0mi,West,9.2mph,24.2mph,N/A,	,Overcast

