20161223
Time (EST),Temp.,Windchill,Dew Point,Humidity,Pressure,Visibility,Wind Dir,Wind Speed,Gust Speed,Precip,Events,Conditions

12:51 AM,41.0°F,37.1°F,26.1°F,55%,30.22in,10.0mi,WNW,5.8mph,  -,N/A,	,Mostly Cloudy

1:51 AM,41.0°F,38.0°F,24.1°F,51%,30.25in,10.0mi,Variable,4.6mph,  -,N/A,	,Clear

2:51 AM,41.0°F,35.8°F,24.1°F,51%,30.27in,10.0mi,NW,8.1mph,  -,N/A,	,Clear

3:51 AM,39.9°F,35.8°F,24.1°F,53%,30.29in,10.0mi,Variable,5.8mph,16.1mph,N/A,	,Clear

4:51 AM,39.0°F,35.7°F,23.0°F,53%,30.31in,10.0mi,Variable,4.6mph,  -,N/A,	,Clear

5:51 AM,39.0°F,32.8°F,23.0°F,53%,30.34in,10.0mi,West,9.2mph,  -,N/A,	,Clear

6:51 AM,39.0°F,33.4°F,23.0°F,53%,30.38in,10.0mi,West,8.1mph,  -,N/A,	,Clear

7:51 AM,39.0°F,35.7°F,24.1°F,55%,30.40in,10.0mi,West,4.6mph,  -,N/A,	,Clear

8:51 AM,39.9°F,34.5°F,24.1°F,53%,30.41in,10.0mi,WNW,8.1mph,  -,N/A,	,Clear

9:51 AM,41.0°F,36.4°F,24.1°F,51%,30.44in,10.0mi,WNW,6.9mph,  -,N/A,	,Clear

10:51 AM,42.1°F,37.1°F,23.0°F,47%,30.43in,10.0mi,WNW,8.1mph,  -,N/A,	,Clear

11:51 AM,44.1°F,40.8°F,24.1°F,45%,30.40in,10.0mi,Variable,5.8mph,  -,N/A,	,Clear

12:51 PM,45.0°F,41.8°F,23.0°F,42%,30.38in,10.0mi,West,5.8mph,  -,N/A,	,Clear

1:51 PM,46.0°F,43.9°F,23.0°F,40%,30.38in,10.0mi,West,4.6mph,  -,N/A,	,Clear

2:51 PM,46.0°F,43.1°F,24.1°F,42%,30.39in,10.0mi,Variable,5.8mph,  -,N/A,	,Clear

3:51 PM,45.0°F,41.8°F,24.1°F,44%,30.40in,10.0mi,Variable,5.8mph,  -,N/A,	,Clear

4:51 PM,45.0°F,42.6°F,23.0°F,42%,30.40in,10.0mi,Variable,4.6mph,  -,N/A,	,Clear

5:51 PM,44.1°F,38.6°F,23.0°F,43%,30.41in,10.0mi,West,10.4mph,19.6mph,N/A,	,Clear

6:51 PM,44.1°F,40.8°F,24.1°F,45%,30.41in,10.0mi,WSW,5.8mph,  -,N/A,	,Clear

7:51 PM,43.0°F,  -,24.1°F,47%,30.41in,10.0mi,North,  -,  -,N/A,	,Clear

8:51 PM,43.0°F,39.5°F,24.1°F,47%,30.40in,10.0mi,Variable,5.8mph,  -,N/A,	,Clear

9:51 PM,43.0°F,38.2°F,24.1°F,47%,30.39in,10.0mi,WSW,8.1mph,19.6mph,N/A,	,Clear

10:51 PM,43.0°F,40.3°F,24.1°F,47%,30.38in,10.0mi,WSW,4.6mph,  -,N/A,	,Clear

11:51 PM,42.1°F,37.7°F,25.0°F,51%,30.37in,10.0mi,West,6.9mph,21.9mph,N/A,	,Clear

