20160114
Time (EST),Temp.,Windchill,Dew Point,Humidity,Pressure,Visibility,Wind Dir,Wind Speed,Gust Speed,Precip,Events,Conditions

12:51 AM,23.0°F,15.8°F,1.9°F,40%,29.98in,10.0mi,Variable,5.8mph,  -,N/A,	,Scattered Clouds

1:51 AM,21.9°F,17.2°F,1.0°F,40%,29.96in,10.0mi,Variable,3.5mph,17.3mph,N/A,	,Overcast

2:51 AM,23.0°F,18.4°F,1.9°F,40%,29.96in,10.0mi,Variable,3.5mph,  -,N/A,	,Overcast

3:51 AM,23.0°F,  -,3.9°F,44%,29.95in,10.0mi,Calm,Calm,  -,N/A,	,Overcast

4:51 AM,23.0°F,18.4°F,3.9°F,44%,29.94in,10.0mi,Variable,3.5mph,  -,N/A,	,Overcast

5:51 AM,24.1°F,15.2°F,8.1°F,51%,29.95in,10.0mi,West,8.1mph,  -,N/A,	,Overcast

6:51 AM,24.1°F,17.0°F,10.9°F,57%,29.94in,10.0mi,Variable,5.8mph,  -,N/A,	,Overcast

7:51 AM,24.1°F,18.2°F,9.0°F,53%,29.94in,10.0mi,Variable,4.6mph,  -,N/A,	,Overcast

8:51 AM,26.1°F,20.5°F,7.0°F,44%,29.94in,10.0mi,Variable,4.6mph,  -,N/A,	,Overcast

9:51 AM,27.0°F,20.5°F,6.1°F,41%,29.95in,10.0mi,Variable,5.8mph,  -,N/A,	,Overcast

10:51 AM,28.9°F,20.4°F,7.0°F,40%,29.94in,10.0mi,WSW,9.2mph,  -,N/A,	,Overcast

11:51 AM,30.9°F,23.5°F,9.0°F,40%,29.92in,10.0mi,West,8.1mph,  -,N/A,	,Overcast

12:51 PM,33.1°F,27.7°F,12.0°F,42%,29.90in,10.0mi,Variable,5.8mph,17.3mph,N/A,	,Overcast

1:51 PM,35.1°F,27.9°F,15.1°F,44%,29.89in,10.0mi,West,9.2mph,19.6mph,N/A,	,Overcast

2:51 PM,36.0°F,29.6°F,17.1°F,46%,29.91in,10.0mi,West,8.1mph,19.6mph,N/A,	,Overcast

3:51 PM,37.0°F,  -,18.0°F,46%,29.91in,10.0mi,North,  -,  -,N/A,	,Overcast

4:51 PM,37.0°F,31.0°F,19.0°F,48%,29.96in,10.0mi,West,8.1mph,  -,N/A,	,Overcast

5:51 PM,37.0°F,34.5°F,19.0°F,48%,29.96in,10.0mi,West,3.5mph,  -,N/A,	,Overcast

6:51 PM,37.0°F,34.5°F,19.0°F,48%,29.97in,10.0mi,WSW,3.5mph,  -,N/A,	,Overcast

7:51 PM,37.9°F,  -,19.0°F,47%,29.96in,10.0mi,Calm,Calm,  -,N/A,	,Overcast

8:51 PM,37.0°F,34.5°F,19.0°F,48%,29.97in,10.0mi,NW,3.5mph,  -,N/A,	,Clear

9:51 PM,37.0°F,34.5°F,19.9°F,50%,29.98in,10.0mi,Variable,3.5mph,  -,N/A,	,Mostly Cloudy

10:51 PM,37.0°F,34.5°F,21.9°F,54%,29.97in,10.0mi,SE,3.5mph,  -,N/A,	,Overcast

11:51 PM,37.0°F,  -,21.0°F,52%,29.95in,10.0mi,Calm,Calm,  -,N/A,	,Mostly Cloudy

