20160509
Time (EDT),Temp.,Dew Point,Humidity,Pressure,Visibility,Wind Dir,Wind Speed,Gust Speed,Precip,Events,Conditions

12:51 AM,55.0°F,30.9°F,40%,29.95in,10.0mi,Calm,Calm,  -,N/A,	,Clear

1:51 AM,54.0°F,30.9°F,41%,29.95in,10.0mi,West,3.5mph,  -,N/A,	,Clear

2:51 AM,54.0°F,30.9°F,41%,29.94in,10.0mi,Calm,Calm,  -,N/A,	,Clear

3:51 AM,52.0°F,32.0°F,47%,29.95in,10.0mi,WSW,4.6mph,  -,N/A,	,Clear

4:51 AM,54.0°F,32.0°F,43%,29.95in,10.0mi,WSW,3.5mph,  -,N/A,	,Overcast

5:51 AM,55.0°F,32.0°F,42%,29.96in,10.0mi,North,  -,  -,N/A,	,Overcast

6:51 AM,55.0°F,33.1°F,43%,29.97in,10.0mi,Calm,Calm,  -,N/A,	,Mostly Cloudy

7:51 AM,55.9°F,36.0°F,47%,29.99in,10.0mi,Calm,Calm,  -,N/A,	,Mostly Cloudy

8:51 AM,57.9°F,33.1°F,39%,30.00in,10.0mi,Variable,3.5mph,  -,N/A,	,Scattered Clouds

9:51 AM,62.1°F,35.1°F,37%,29.99in,10.0mi,Variable,5.8mph,  -,N/A,	,Clear

10:51 AM,66.9°F,35.1°F,31%,29.99in,10.0mi,Variable,6.9mph,  -,N/A,	,Clear

11:51 AM,70.0°F,35.1°F,28%,29.99in,10.0mi,Variable,5.8mph,16.1mph,N/A,	,Clear

12:51 PM,71.1°F,34.0°F,26%,29.98in,10.0mi,West,10.4mph,23.0mph,N/A,	,Clear

1:51 PM,71.1°F,34.0°F,26%,29.97in,10.0mi,North,  -,  -,N/A,	,Partly Cloudy

2:51 PM,72.0°F,36.0°F,27%,29.96in,10.0mi,Variable,6.9mph,  -,N/A,	,Partly Cloudy

3:51 PM,71.1°F,36.0°F,28%,29.94in,10.0mi,Variable,5.8mph,16.1mph,N/A,	,Clear

4:51 PM,71.1°F,35.1°F,27%,29.93in,10.0mi,WNW,6.9mph,19.6mph,N/A,	,Partly Cloudy

5:51 PM,70.0°F,37.9°F,31%,29.94in,10.0mi,Variable,3.5mph,  -,N/A,	,Clear

6:51 PM,68.0°F,37.9°F,33%,29.96in,10.0mi,Variable,5.8mph,21.9mph,N/A,	,Clear

7:51 PM,66.0°F,39.9°F,38%,29.99in,10.0mi,Variable,4.6mph,  -,N/A,	,Clear

8:51 PM,64.9°F,39.0°F,39%,30.02in,10.0mi,Calm,Calm,  -,N/A,	,Clear

9:51 PM,64.0°F,39.9°F,41%,30.06in,10.0mi,North,  -,  -,N/A,	,Clear

10:51 PM,62.1°F,37.0°F,39%,30.08in,10.0mi,NE,6.9mph,  -,N/A,	,Clear

11:51 PM,59.0°F,28.9°F,32%,30.12in,10.0mi,NE,12.7mph,23.0mph,N/A,	,Clear

