20161027
Time (EDT),Temp.,Windchill,Dew Point,Humidity,Pressure,Visibility,Wind Dir,Wind Speed,Gust Speed,Precip,Events,Conditions

12:51 AM,44.1°F,40.8°F,21.0°F,40%,30.45in,10.0mi,ENE,5.8mph,  -,N/A,	,Overcast

1:51 AM,43.0°F,40.3°F,21.9°F,43%,30.45in,10.0mi,ENE,4.6mph,  -,N/A,	,Overcast

2:51 AM,43.0°F,41.3°F,25.0°F,49%,30.45in,10.0mi,ENE,3.5mph,  -,N/A,	,Overcast

3:51 AM,43.0°F,39.5°F,26.1°F,51%,30.43in,10.0mi,ENE,5.8mph,  -,N/A,	,Overcast

4:51 AM,43.0°F,40.3°F,27.0°F,53%,30.43in,10.0mi,Variable,4.6mph,  -,N/A,	,Overcast

5:51 AM,43.0°F,38.8°F,30.0°F,60%,30.44in,10.0mi,ENE,6.9mph,  -,N/A,	,Overcast

6:51 AM,43.0°F,38.8°F,30.0°F,60%,30.44in,10.0mi,ENE,6.9mph,  -,N/A,	,Overcast

7:51 AM,44.1°F,41.5°F,30.0°F,58%,30.43in,10.0mi,Variable,4.6mph,  -,N/A,	,Overcast

8:51 AM,43.0°F,39.5°F,33.1°F,68%,30.45in,8.0mi,Variable,5.8mph,  -,0.00in,Rain,Light Rain

9:51 AM,42.1°F,36.6°F,34.0°F,73%,30.43in,7.0mi,East,9.2mph,  -,0.00in,Rain,Light Rain

10:21 AM,42.1°F,36.6°F,36.0°F,79%,30.45in,7.0mi,East,9.2mph,  -,0.01in,Rain,Light Rain

10:51 AM,41.0°F,35.8°F,35.1°F,79%,30.41in,5.0mi,East,8.1mph,  -,0.02in,Rain,Light Rain

11:51 AM,41.0°F,37.1°F,37.0°F,86%,30.38in,7.0mi,Variable,5.8mph,  -,0.05in,Rain,Light Rain

12:51 PM,42.1°F,38.4°F,37.9°F,85%,30.32in,10.0mi,Variable,5.8mph,  -,0.01in,	,Overcast

1:12 PM,42.1°F,39.2°F,37.9°F,85%,30.33in,8.0mi,ESE,4.6mph,16.1mph,0.00in,Rain,Light Rain

1:51 PM,43.0°F,39.5°F,39.0°F,86%,30.29in,4.0mi,Variable,5.8mph,  -,0.01in,Rain,Rain

2:51 PM,43.0°F,39.5°F,39.9°F,89%,30.25in,7.0mi,Variable,5.8mph,  -,0.02in,	,Overcast

3:26 PM,44.1°F,42.5°F,41.0°F,89%,30.27in,6.0mi,Variable,3.5mph,  -,0.01in,	,Overcast

3:51 PM,44.1°F,40.8°F,42.1°F,93%,30.23in,5.0mi,Variable,5.8mph,  -,0.01in,Rain,Light Rain

4:00 PM,44.1°F,40.1°F,42.1°F,93%,30.25in,7.0mi,Variable,6.9mph,  -,0.00in,	,Overcast

4:51 PM,46.0°F,44.8°F,43.0°F,89%,30.20in,3.0mi,Variable,3.5mph,  -,0.02in,Rain,Light Rain

5:06 PM,46.0°F,44.8°F,44.1°F,93%,30.20in,2.5mi,East,3.5mph,  -,0.03in,Rain,Light Rain

5:14 PM,46.9°F,  -,44.1°F,90%,30.20in,4.0mi,North,  -,  -,0.03in,Rain,Light Rain

5:43 PM,48.0°F,  -,46.0°F,93%,30.17in,2.5mi,East,5.8mph,  -,0.10in,Rain,Rain

5:51 PM,48.0°F,  -,46.0°F,93%,30.15in,2.5mi,NE,3.5mph,  -,0.12in,Rain,Rain

5:59 PM,48.0°F,  -,46.0°F,93%,30.18in,4.0mi,East,4.6mph,  -,0.01in,Rain,Light Rain

6:09 PM,48.9°F,  -,46.9°F,93%,30.18in,1.8mi,ENE,5.8mph,  -,0.04in,Rain,Heavy Rain

6:22 PM,50.0°F,  -,48.0°F,93%,30.18in,2.5mi,East,4.6mph,  -,0.09in,Rain,Rain

6:35 PM,50.0°F,  -,48.0°F,93%,30.16in,1.8mi,ENE,4.6mph,  -,0.16in,Rain,Heavy Rain

6:51 PM,50.0°F,  -,48.0°F,93%,30.14in,1.2mi,East,5.8mph,  -,0.26in,Rain,Heavy Rain

7:41 PM,53.1°F,  -,51.1°F,93%,30.14in,2.5mi,Variable,3.5mph,  -,0.29in,Rain,Light Rain

7:51 PM,53.1°F,  -,52.0°F,96%,30.10in,1.8mi,Variable,4.6mph,  -,0.34in,Rain,Rain

8:00 PM,54.0°F,  -,52.0°F,93%,30.12in,2.0mi,SE,4.6mph,  -,0.02in,Rain,Rain

8:08 PM,54.0°F,  -,53.1°F,97%,30.11in,1.8mi,SSE,5.8mph,  -,0.06in,Rain,Rain

8:24 PM,54.0°F,  -,53.1°F,97%,30.10in,0.8mi,Variable,4.6mph,  -,0.23in,Rain,Heavy Rain

8:32 PM,54.0°F,  -,53.1°F,97%,30.09in,1.0mi,Variable,3.5mph,  -,0.27in,Rain,Rain

8:51 PM,54.0°F,  -,53.1°F,97%,30.06in,1.2mi,ENE,6.9mph,  -,0.33in,Rain,Heavy Rain

9:01 PM,53.1°F,  -,52.0°F,96%,30.07in,3.0mi,ENE,8.1mph,  -,0.02in,Rain,Light Rain

9:07 PM,53.1°F,  -,52.0°F,96%,30.07in,2.0mi,Variable,3.5mph,  -,0.02in,Rain,Light Rain

9:17 PM,53.1°F,  -,52.0°F,96%,30.06in,1.8mi,Variable,3.5mph,  -,0.04in,Rain,Heavy Rain

9:35 PM,53.1°F,  -,52.0°F,96%,30.06in,1.5mi,Calm,Calm,  -,0.18in,Rain,Light Rain

9:42 PM,53.1°F,  -,52.0°F,96%,30.06in,2.0mi,NE,3.5mph,  -,0.18in,Rain,Light Rain

9:51 PM,54.0°F,  -,52.0°F,93%,30.03in,2.5mi,NE,3.5mph,  -,0.20in,Rain,Light Rain

10:02 PM,54.0°F,  -,52.0°F,93%,30.05in,3.0mi,ENE,3.5mph,  -,0.00in,	,Overcast

10:13 PM,54.0°F,  -,52.0°F,93%,30.05in,2.0mi,ENE,4.6mph,  -,0.00in,Rain,Light Rain

10:38 PM,54.0°F,  -,52.0°F,93%,30.04in,4.0mi,Variable,3.5mph,  -,0.01in,	,Overcast

10:51 PM,54.0°F,  -,52.0°F,93%,30.01in,3.0mi,Calm,Calm,  -,0.01in,	,Overcast

11:33 PM,55.0°F,  -,53.1°F,93%,30.02in,2.5mi,Calm,Calm,  -,0.00in,Rain,Light Rain

11:51 PM,54.0°F,  -,53.1°F,97%,30.00in,1.5mi,Variable,3.5mph,  -,0.01in,	,Overcast

