20160120
Time (EST),Temp.,Windchill,Dew Point,Humidity,Pressure,Visibility,Wind Dir,Wind Speed,Gust Speed,Precip,Events,Conditions

12:51 AM,28.9°F,  -,12.0°F,49%,30.12in,10.0mi,North,  -,  -,N/A,	,Partly Cloudy

1:51 AM,28.0°F,20.8°F,12.0°F,51%,30.14in,10.0mi,West,6.9mph,  -,N/A,	,Clear

2:51 AM,28.0°F,18.6°F,12.9°F,53%,30.14in,10.0mi,WNW,10.4mph,  -,N/A,	,Clear

3:51 AM,28.0°F,22.8°F,14.0°F,56%,30.16in,10.0mi,Variable,4.6mph,  -,N/A,	,Clear

4:51 AM,27.0°F,23.0°F,14.0°F,58%,30.19in,10.0mi,Variable,3.5mph,  -,N/A,	,Clear

5:51 AM,28.0°F,  -,15.1°F,58%,30.19in,10.0mi,Calm,Calm,  -,N/A,	,Partly Cloudy

6:51 AM,28.0°F,21.7°F,15.1°F,58%,30.21in,10.0mi,NW,5.8mph,  -,N/A,	,Partly Cloudy

7:51 AM,28.9°F,21.9°F,15.1°F,56%,30.21in,10.0mi,NW,6.9mph,  -,N/A,	,Partly Cloudy

8:51 AM,30.0°F,22.4°F,15.1°F,54%,30.22in,10.0mi,NW,8.1mph,  -,N/A,	,Clear

9:51 AM,30.9°F,22.8°F,14.0°F,50%,30.20in,10.0mi,WNW,9.2mph,20.7mph,N/A,	,Clear

10:51 AM,33.1°F,26.9°F,15.1°F,48%,30.19in,10.0mi,Variable,6.9mph,19.6mph,N/A,	,Clear

11:51 AM,35.1°F,29.3°F,15.1°F,44%,30.16in,10.0mi,Variable,6.9mph,  -,N/A,	,Clear

12:51 PM,36.0°F,  -,16.0°F,44%,30.13in,10.0mi,North,  -,  -,N/A,	,Clear

1:51 PM,36.0°F,29.6°F,14.0°F,41%,30.11in,10.0mi,NW,8.1mph,  -,N/A,	,Clear

2:51 PM,36.0°F,32.1°F,15.1°F,43%,30.10in,10.0mi,Variable,4.6mph,  -,N/A,	,Clear

3:51 PM,36.0°F,31.1°F,14.0°F,41%,30.09in,10.0mi,Variable,5.8mph,  -,N/A,	,Clear

4:51 PM,35.1°F,  -,14.0°F,42%,30.09in,10.0mi,Calm,Calm,  -,N/A,	,Clear

5:51 PM,34.0°F,29.8°F,15.1°F,46%,30.09in,10.0mi,WNW,4.6mph,  -,N/A,	,Partly Cloudy

6:51 PM,34.0°F,28.8°F,15.1°F,46%,30.09in,10.0mi,Variable,5.8mph,  -,N/A,	,Mostly Cloudy

7:51 PM,33.1°F,28.7°F,15.1°F,48%,30.08in,10.0mi,NW,4.6mph,  -,N/A,	,Mostly Cloudy

8:51 PM,33.1°F,30.0°F,16.0°F,50%,30.08in,10.0mi,Variable,3.5mph,  -,N/A,	,Overcast

9:51 PM,32.0°F,26.4°F,15.1°F,50%,30.08in,10.0mi,Variable,5.8mph,  -,N/A,	,Overcast

10:51 PM,30.9°F,25.2°F,15.1°F,52%,30.07in,10.0mi,WNW,5.8mph,  -,N/A,	,Overcast

11:51 PM,30.9°F,27.5°F,15.1°F,52%,30.07in,10.0mi,Variable,3.5mph,  -,N/A,	,Mostly Cloudy

