20161011
Time (EDT),Temp.,Dew Point,Humidity,Pressure,Visibility,Wind Dir,Wind Speed,Gust Speed,Precip,Events,Conditions

12:51 AM,50.0°F,35.1°F,57%,30.40in,10.0mi,Variable,3.5mph,  -,N/A,	,Clear

1:51 AM,48.9°F,34.0°F,56%,30.41in,10.0mi,Variable,4.6mph,  -,N/A,	,Clear

2:51 AM,48.0°F,37.0°F,66%,30.41in,10.0mi,ENE,3.5mph,  -,N/A,	,Clear

3:51 AM,48.0°F,35.1°F,61%,30.42in,10.0mi,Variable,5.8mph,  -,N/A,	,Clear

4:51 AM,46.9°F,35.1°F,63%,30.43in,10.0mi,Variable,3.5mph,  -,N/A,	,Clear

5:51 AM,48.9°F,34.0°F,56%,30.44in,10.0mi,Variable,4.6mph,  -,N/A,	,Clear

6:51 AM,46.9°F,36.0°F,66%,30.45in,10.0mi,Calm,Calm,  -,N/A,	,Clear

7:51 AM,48.0°F,33.1°F,56%,30.46in,10.0mi,Variable,4.6mph,  -,N/A,	,Clear

8:51 AM,50.0°F,33.1°F,52%,30.47in,10.0mi,ENE,8.1mph,  -,N/A,	,Clear

9:51 AM,52.0°F,36.0°F,54%,30.48in,10.0mi,ENE,5.8mph,  -,N/A,	,Clear

10:51 AM,54.0°F,37.0°F,53%,30.48in,10.0mi,ENE,3.5mph,  -,N/A,	,Clear

11:51 AM,57.0°F,37.9°F,49%,30.47in,10.0mi,Variable,5.8mph,  -,N/A,	,Clear

12:51 PM,60.1°F,39.9°F,47%,30.47in,10.0mi,Variable,4.6mph,  -,N/A,	,Clear

1:51 PM,61.0°F,41.0°F,48%,30.44in,10.0mi,Calm,Calm,  -,N/A,	,Clear

2:51 PM,63.0°F,43.0°F,48%,30.42in,10.0mi,SSW,4.6mph,  -,N/A,	,Clear

3:51 PM,61.0°F,43.0°F,52%,30.41in,10.0mi,North,  -,  -,N/A,	,Clear

4:51 PM,59.0°F,45.0°F,60%,30.41in,10.0mi,South,3.5mph,  -,N/A,	,Clear

5:51 PM,57.0°F,46.9°F,69%,30.42in,10.0mi,Variable,3.5mph,  -,N/A,	,Clear

6:51 PM,55.9°F,46.9°F,72%,30.42in,10.0mi,SSE,3.5mph,  -,N/A,	,Clear

7:51 PM,55.9°F,46.9°F,72%,30.42in,10.0mi,SSE,3.5mph,  -,N/A,	,Clear

8:51 PM,55.0°F,46.0°F,72%,30.41in,10.0mi,SSE,4.6mph,  -,N/A,	,Clear

9:51 PM,55.0°F,46.0°F,72%,30.42in,10.0mi,Calm,Calm,  -,N/A,	,Clear

10:51 PM,55.0°F,46.9°F,74%,30.42in,10.0mi,Calm,Calm,  -,N/A,	,Clear

11:22 PM,55.9°F,46.9°F,72%,30.43in,10.0mi,Calm,Calm,  -,N/A,	,Mostly Cloudy

11:51 PM,55.0°F,46.9°F,74%,30.40in,10.0mi,Calm,Calm,  -,N/A,	,Scattered Clouds

