20160131
Time (EST),Temp.,Windchill,Dew Point,Humidity,Pressure,Visibility,Wind Dir,Wind Speed,Gust Speed,Precip,Events,Conditions

12:51 AM,37.0°F,33.3°F,23.0°F,57%,29.98in,10.0mi,Variable,4.6mph,  -,N/A,	,Clear

1:51 AM,37.0°F,33.3°F,23.0°F,57%,29.97in,10.0mi,WSW,4.6mph,  -,N/A,	,Clear

2:51 AM,37.0°F,32.4°F,24.1°F,59%,29.96in,10.0mi,Variable,5.8mph,  -,N/A,	,Clear

3:51 AM,37.0°F,32.4°F,24.1°F,59%,29.94in,10.0mi,Variable,5.8mph,  -,N/A,	,Clear

4:51 AM,37.9°F,31.5°F,24.1°F,57%,29.94in,10.0mi,WSW,9.2mph,  -,N/A,	,Clear

5:51 AM,37.9°F,32.7°F,24.1°F,57%,29.95in,10.0mi,West,6.9mph,  -,N/A,	,Clear

6:51 AM,39.0°F,34.8°F,24.1°F,55%,29.96in,10.0mi,Variable,5.8mph,16.1mph,N/A,	,Clear

7:51 AM,37.9°F,32.1°F,25.0°F,60%,29.96in,10.0mi,WSW,8.1mph,  -,N/A,	,Clear

8:51 AM,39.9°F,34.5°F,24.1°F,53%,29.96in,10.0mi,WSW,8.1mph,  -,N/A,	,Clear

9:51 AM,41.0°F,37.1°F,25.0°F,53%,29.97in,10.0mi,Variable,5.8mph,  -,N/A,	,Clear

10:51 AM,45.0°F,40.6°F,25.0°F,46%,29.94in,10.0mi,West,8.1mph,  -,N/A,	,Clear

11:51 AM,48.0°F,  -,25.0°F,41%,29.93in,10.0mi,Variable,5.8mph,  -,N/A,	,Clear

12:51 PM,52.0°F,  -,25.0°F,35%,29.90in,10.0mi,West,3.5mph,  -,N/A,	,Clear

1:51 PM,53.1°F,  -,25.0°F,34%,29.88in,10.0mi,West,6.9mph,  -,N/A,	,Clear

2:51 PM,55.0°F,  -,26.1°F,33%,29.86in,10.0mi,Calm,Calm,  -,N/A,	,Clear

3:51 PM,55.0°F,  -,27.0°F,34%,29.86in,10.0mi,Calm,Calm,  -,N/A,	,Clear

4:51 PM,48.9°F,  -,30.9°F,50%,29.86in,10.0mi,SSE,3.5mph,  -,N/A,	,Clear

5:51 PM,46.9°F,  -,34.0°F,61%,29.85in,10.0mi,Variable,4.6mph,  -,N/A,	,Clear

6:51 PM,46.0°F,43.1°F,37.0°F,71%,29.83in,10.0mi,SSE,5.8mph,  -,N/A,	,Clear

7:51 PM,48.0°F,  -,37.0°F,66%,29.83in,10.0mi,Calm,Calm,  -,N/A,	,Clear

8:51 PM,52.0°F,  -,34.0°F,50%,29.82in,10.0mi,WSW,8.1mph,  -,N/A,	,Clear

9:51 PM,54.0°F,  -,35.1°F,49%,29.81in,10.0mi,Calm,Calm,  -,N/A,	,Clear

10:51 PM,51.1°F,  -,35.1°F,54%,29.79in,10.0mi,Variable,4.6mph,  -,N/A,	,Clear

11:51 PM,51.1°F,  -,36.0°F,56%,29.79in,10.0mi,WSW,6.9mph,  -,N/A,	,Clear

