20161010
Time (EDT),Temp.,Dew Point,Humidity,Pressure,Visibility,Wind Dir,Wind Speed,Gust Speed,Precip,Events,Conditions

12:51 AM,53.1°F,37.0°F,55%,30.08in,10.0mi,Variable,4.6mph,  -,N/A,	,Scattered Clouds

1:51 AM,52.0°F,37.0°F,57%,30.10in,10.0mi,Variable,5.8mph,  -,N/A,	,Clear

2:51 AM,51.1°F,36.0°F,56%,30.12in,10.0mi,WNW,9.2mph,  -,N/A,	,Clear

3:51 AM,48.9°F,35.1°F,59%,30.14in,10.0mi,Variable,3.5mph,  -,N/A,	,Clear

4:51 AM,48.0°F,35.1°F,61%,30.14in,10.0mi,Variable,6.9mph,  -,N/A,	,Clear

5:51 AM,46.9°F,35.1°F,63%,30.16in,10.0mi,Variable,6.9mph,  -,N/A,	,Clear

6:51 AM,46.9°F,35.1°F,63%,30.18in,10.0mi,Variable,4.6mph,  -,N/A,	,Clear

7:51 AM,46.9°F,34.0°F,61%,30.20in,10.0mi,Variable,3.5mph,  -,N/A,	,Clear

8:51 AM,48.0°F,34.0°F,58%,30.22in,10.0mi,Calm,Calm,  -,N/A,	,Clear

9:51 AM,50.0°F,30.9°F,48%,30.24in,10.0mi,North,9.2mph,20.7mph,N/A,	,Clear

10:51 AM,53.1°F,30.9°F,43%,30.25in,10.0mi,Variable,6.9mph,18.4mph,N/A,	,Clear

11:51 AM,57.0°F,28.0°F,33%,30.26in,10.0mi,North,9.2mph,18.4mph,N/A,	,Clear

12:51 PM,60.1°F,30.0°F,32%,30.25in,10.0mi,Variable,5.8mph,  -,N/A,	,Clear

1:51 PM,61.0°F,28.9°F,30%,30.23in,10.0mi,Calm,Calm,  -,N/A,	,Clear

2:51 PM,63.0°F,28.9°F,28%,30.23in,10.0mi,Variable,4.6mph,  -,N/A,	,Clear

3:51 PM,62.1°F,32.0°F,32%,30.23in,10.0mi,Variable,5.8mph,  -,N/A,	,Clear

4:51 PM,61.0°F,34.0°F,36%,30.24in,10.0mi,Variable,4.6mph,  -,N/A,	,Clear

5:51 PM,59.0°F,34.0°F,39%,30.26in,10.0mi,Variable,4.6mph,  -,N/A,	,Clear

6:51 PM,59.0°F,32.0°F,36%,30.28in,10.0mi,Variable,6.9mph,  -,N/A,	,Clear

7:51 PM,57.0°F,35.1°F,44%,30.31in,10.0mi,Calm,Calm,  -,N/A,	,Clear

8:51 PM,55.9°F,33.1°F,42%,30.32in,10.0mi,Variable,5.8mph,  -,N/A,	,Clear

9:51 PM,52.0°F,34.0°F,50%,30.35in,10.0mi,Calm,Calm,  -,N/A,	,Clear

10:51 PM,52.0°F,33.1°F,49%,30.37in,10.0mi,WNW,3.5mph,  -,N/A,	,Clear

11:51 PM,51.1°F,35.1°F,54%,30.38in,10.0mi,Calm,Calm,  -,N/A,	,Clear

