20160627
Time (EDT),Temp.,Heat Index,Dew Point,Humidity,Pressure,Visibility,Wind Dir,Wind Speed,Gust Speed,Precip,Events,Conditions

12:51 AM,72.0°F,  -,48.9°F,44%,30.13in,10.0mi,Variable,5.8mph,  -,N/A,	,Clear

1:51 AM,71.1°F,  -,51.1°F,49%,30.13in,9.0mi,Variable,3.5mph,  -,N/A,	,Clear

2:51 AM,70.0°F,  -,51.1°F,51%,30.12in,10.0mi,Variable,5.8mph,  -,N/A,	,Clear

3:51 AM,70.0°F,  -,51.1°F,51%,30.11in,10.0mi,WSW,8.1mph,17.3mph,N/A,	,Clear

4:51 AM,68.0°F,  -,54.0°F,61%,30.11in,10.0mi,WSW,4.6mph,  -,N/A,	,Clear

5:51 AM,66.9°F,  -,55.9°F,68%,30.12in,9.0mi,Variable,3.5mph,  -,N/A,	,Clear

6:51 AM,69.1°F,  -,55.9°F,63%,30.11in,9.0mi,Variable,5.8mph,  -,N/A,	,Clear

7:51 AM,70.0°F,  -,57.0°F,63%,30.10in,9.0mi,WSW,6.9mph,  -,N/A,	,Clear

8:51 AM,72.0°F,  -,60.1°F,66%,30.11in,8.0mi,Variable,5.8mph,  -,N/A,	,Clear

9:51 AM,73.9°F,  -,61.0°F,64%,30.09in,8.0mi,Calm,Calm,  -,N/A,	,Clear

10:51 AM,77.0°F,  -,57.0°F,50%,30.08in,9.0mi,Variable,3.5mph,  -,N/A,	,Clear

11:51 AM,79.0°F,  -,60.1°F,52%,30.06in,9.0mi,SSE,6.9mph,  -,N/A,	,Clear

12:51 PM,82.0°F,83.0°F,62.1°F,51%,30.05in,9.0mi,North,  -,  -,N/A,	,Partly Cloudy

1:51 PM,82.9°F,84.4°F,64.0°F,53%,30.02in,9.0mi,Variable,4.6mph,  -,N/A,	,Clear

2:51 PM,80.1°F,81.9°F,64.9°F,60%,30.01in,9.0mi,Variable,5.8mph,  -,N/A,	,Clear

3:51 PM,79.0°F,  -,64.0°F,60%,30.00in,9.0mi,South,11.5mph,18.4mph,N/A,	,Clear

4:51 PM,78.1°F,  -,64.9°F,64%,29.99in,9.0mi,North,  -,  -,N/A,	,Clear

5:51 PM,77.0°F,  -,64.9°F,66%,29.99in,9.0mi,North,  -,  -,N/A,	,Clear

6:51 PM,75.9°F,  -,64.9°F,69%,29.99in,8.0mi,North,  -,  -,N/A,	,Mostly Cloudy

7:51 PM,73.9°F,  -,64.9°F,73%,29.99in,8.0mi,North,  -,  -,N/A,	,Overcast

8:51 PM,73.0°F,  -,66.0°F,79%,30.00in,9.0mi,Variable,4.6mph,  -,N/A,	,Mostly Cloudy

9:51 PM,71.1°F,  -,68.0°F,90%,30.01in,4.0mi,Variable,4.6mph,  -,0.04in,Rain,Light Rain

10:51 PM,70.0°F,  -,68.0°F,93%,30.01in,3.0mi,Variable,3.5mph,  -,0.06in,Rain,Light Rain

11:43 PM,70.0°F,  -,68.0°F,93%,30.03in,2.5mi,Variable,3.5mph,  -,0.06in,Rain,Rain

11:51 PM,70.0°F,  -,68.0°F,93%,30.01in,2.5mi,Variable,4.6mph,  -,0.08in,Rain,Rain

