20160909
Time (EDT),Temp.,Heat Index,Dew Point,Humidity,Pressure,Visibility,Wind Dir,Wind Speed,Gust Speed,Precip,Events,Conditions

12:51 AM,84.0°F,88.4°F,70.0°F,63%,29.82in,9.0mi,Variable,4.6mph,  -,N/A,	,Clear

1:51 AM,82.9°F,86.5°F,69.1°F,63%,29.82in,9.0mi,West,3.5mph,  -,N/A,	,Clear

2:51 AM,82.9°F,85.8°F,68.0°F,60%,29.82in,9.0mi,Calm,Calm,  -,N/A,	,Partly Cloudy

3:51 AM,82.9°F,85.8°F,68.0°F,60%,29.82in,9.0mi,Variable,3.5mph,  -,N/A,	,Partly Cloudy

4:51 AM,82.0°F,84.9°F,68.0°F,62%,29.83in,10.0mi,Variable,5.8mph,  -,N/A,	,Clear

5:51 AM,81.0°F,84.1°F,69.1°F,67%,29.86in,9.0mi,WSW,5.8mph,  -,N/A,	,Partly Cloudy

6:51 AM,81.0°F,84.1°F,69.1°F,67%,29.88in,10.0mi,Variable,3.5mph,  -,N/A,	,Scattered Clouds

7:51 AM,81.0°F,84.1°F,69.1°F,67%,29.89in,8.0mi,Variable,3.5mph,  -,N/A,	,Partly Cloudy

8:51 AM,82.0°F,85.5°F,69.1°F,65%,29.89in,8.0mi,West,6.9mph,  -,N/A,	,Clear

9:51 AM,84.0°F,88.4°F,70.0°F,63%,29.90in,9.0mi,Variable,4.6mph,  -,N/A,	,Clear

10:51 AM,86.0°F,90.1°F,69.1°F,57%,29.91in,9.0mi,Variable,6.9mph,  -,N/A,	,Clear

11:51 AM,89.1°F,94.1°F,70.0°F,53%,29.90in,9.0mi,Calm,Calm,  -,N/A,	,Clear

12:51 PM,90.0°F,94.5°F,69.1°F,50%,29.91in,9.0mi,West,3.5mph,  -,N/A,	,Mostly Cloudy

1:51 PM,88.0°F,91.4°F,68.0°F,51%,29.91in,9.0mi,Variable,5.8mph,  -,N/A,	,Overcast

2:51 PM,89.1°F,92.1°F,66.9°F,48%,29.91in,9.0mi,Variable,4.6mph,  -,N/A,	,Overcast

3:51 PM,90.0°F,93.6°F,68.0°F,48%,29.89in,9.0mi,Variable,5.8mph,  -,N/A,	,Scattered Clouds

4:51 PM,90.0°F,93.6°F,68.0°F,48%,29.90in,9.0mi,WNW,3.5mph,  -,N/A,	,Mostly Cloudy

5:51 PM,89.1°F,93.7°F,69.1°F,52%,29.91in,9.0mi,WNW,4.6mph,  -,N/A,	,Overcast

6:51 PM,87.1°F,91.3°F,69.1°F,55%,29.92in,9.0mi,NNE,3.5mph,  -,N/A,	,Partly Cloudy

7:51 PM,86.0°F,90.7°F,70.0°F,59%,29.94in,10.0mi,Calm,Calm,  -,N/A,	,Overcast

8:51 PM,86.0°F,89.4°F,68.0°F,55%,29.96in,10.0mi,NNW,4.6mph,  -,N/A,	,Overcast

9:51 PM,84.0°F,87.8°F,69.1°F,61%,29.98in,10.0mi,Variable,4.6mph,  -,N/A,	,Mostly Cloudy

9:58 PM,81.0°F,84.9°F,71.1°F,72%,30.01in,1.8mi,North,8.1mph,  -,0.01in,Rain,Heavy Rain

10:07 PM,77.0°F,  -,73.0°F,88%,30.01in,3.0mi,NE,6.9mph,  -,0.07in,Rain,Light Rain

10:51 PM,77.0°F,  -,73.0°F,88%,29.99in,9.0mi,NE,4.6mph,  -,0.07in,	,Overcast

11:28 PM,75.9°F,  -,73.0°F,91%,30.02in,1.8mi,North,5.8mph,  -,0.04in,Rain,Heavy Rain

11:41 PM,75.0°F,  -,73.9°F,96%,30.02in,3.0mi,ENE,5.8mph,  -,0.14in,Rain,Light Rain

11:51 PM,75.9°F,  -,73.9°F,94%,29.99in,5.0mi,Variable,3.5mph,  -,0.15in,	,Overcast

