20161129
Time (EST),Temp.,Dew Point,Humidity,Pressure,Visibility,Wind Dir,Wind Speed,Gust Speed,Precip,Events,Conditions

12:51 AM,51.1°F,41.0°F,68%,30.12in,10.0mi,Variable,5.8mph,  -,N/A,	,Overcast

1:51 AM,51.1°F,42.1°F,71%,30.12in,10.0mi,South,3.5mph,  -,N/A,	,Mostly Cloudy

2:51 AM,52.0°F,44.1°F,74%,30.12in,10.0mi,South,5.8mph,  -,N/A,	,Overcast

3:51 AM,53.1°F,45.0°F,74%,30.11in,10.0mi,Calm,Calm,  -,N/A,	,Mostly Cloudy

4:51 AM,53.1°F,46.0°F,77%,30.07in,10.0mi,South,9.2mph,  -,N/A,	,Overcast

5:51 AM,54.0°F,46.9°F,77%,30.06in,10.0mi,SSE,9.2mph,  -,N/A,	,Overcast

6:51 AM,55.0°F,48.9°F,80%,30.06in,10.0mi,Variable,5.8mph,  -,N/A,	,Overcast

7:51 AM,57.0°F,48.9°F,74%,30.05in,10.0mi,SSE,5.8mph,  -,N/A,	,Overcast

8:51 AM,55.9°F,51.1°F,84%,30.04in,4.0mi,North,  -,  -,0.03in,Rain,Light Rain

9:23 AM,55.9°F,52.0°F,87%,30.07in,2.5mi,South,5.8mph,  -,0.04in,Rain,Light Rain

9:36 AM,55.9°F,52.0°F,87%,30.07in,3.0mi,Variable,4.6mph,  -,0.06in,Rain,Light Rain

9:51 AM,55.0°F,52.0°F,89%,30.04in,2.5mi,Variable,4.6mph,  -,0.08in,Rain,Light Rain

10:44 AM,55.9°F,53.1°F,90%,30.05in,1.8mi,Variable,3.5mph,  -,0.12in,Rain,Rain

10:51 AM,55.9°F,53.1°F,90%,30.02in,1.2mi,Calm,Calm,  -,0.14in,Rain,Rain

11:02 AM,55.9°F,53.1°F,90%,30.03in,1.2mi,Variable,5.8mph,  -,0.05in,Rain,Rain

11:26 AM,55.9°F,54.0°F,93%,30.01in,1.2mi,South,6.9mph,  -,0.16in,Rain,Rain

11:51 AM,55.9°F,54.0°F,93%,29.96in,1.2mi,Variable,5.8mph,  -,0.28in,Rain,Rain

12:51 PM,57.0°F,54.0°F,89%,29.91in,0.8mi,North,  -,  -,0.23in,Rain,Heavy Rain

12:58 PM,57.0°F,54.0°F,89%,29.92in,1.0mi,Variable,6.9mph,20.7mph,0.03in,Rain,Rain

1:51 PM,57.0°F,55.0°F,93%,29.86in,1.5mi,South,9.2mph,21.9mph,0.25in,Rain,Light Rain

2:01 PM,57.0°F,55.0°F,93%,29.88in,2.0mi,South,9.2mph,25.3mph,0.02in,Rain,Light Rain

2:10 PM,57.0°F,55.0°F,93%,29.88in,1.8mi,South,8.1mph,20.7mph,0.04in,Rain,Light Rain

2:29 PM,57.0°F,55.0°F,93%,29.87in,2.5mi,South,10.4mph,23.0mph,0.09in,Rain,Light Rain

2:39 PM,57.0°F,55.0°F,93%,29.87in,0.8mi,South,4.6mph,18.4mph,0.13in,Rain,Heavy Rain

2:51 PM,57.0°F,55.0°F,93%,29.84in,0.8mi,South,10.4mph,18.4mph,0.25in,Rain,Rain

2:59 PM,57.0°F,55.9°F,96%,29.87in,1.2mi,Variable,3.5mph,18.4mph,0.03in,Rain,Rain

3:14 PM,57.9°F,55.9°F,93%,29.86in,0.5mi,North,  -,  -,0.14in,Fog,	,

Rain,Heavy Rain,3:34 PM,57.9°F,55.9°F,93%,29.86in,1.0mi,Calm,Calm,  -,0.33in

Rain,Light Rain,3:51 PM,57.9°F,55.9°F,93%,29.83in,0.8mi,South,10.4mph,19.6mph,0.40in

Rain,Rain,4:00 PM,57.9°F,55.9°F,93%,29.86in,1.0mi,Variable,3.5mph,19.6mph,0.04in

Rain,Rain,4:07 PM,57.9°F,55.9°F,93%,29.86in,2.0mi,West,6.9mph,  -,0.06in

Rain,Rain,4:13 PM,57.9°F,55.9°F,93%,29.86in,1.8mi,Variable,4.6mph,  -,0.07in

Rain,Heavy Rain,4:29 PM,57.9°F,55.9°F,93%,29.86in,2.0mi,Calm,Calm,  -,0.16in

Rain,Light Rain,4:36 PM,57.9°F,55.9°F,93%,29.86in,3.0mi,Calm,Calm,  -,0.16in

Rain,Light Rain,4:47 PM,59.0°F,57.2°F,94%,29.86in,3.0mi,Calm,Calm,  -,0.17in

Rain,Light Rain,4:51 PM,59.0°F,57.0°F,93%,29.83in,3.0mi,Calm,Calm,  -,0.18in

Rain,Rain,4:58 PM,59.0°F,57.0°F,93%,29.86in,2.0mi,SSE,3.5mph,  -,0.01in

Rain,Rain,5:23 PM,59.0°F,57.0°F,93%,29.86in,1.5mi,Calm,Calm,  -,0.08in

Rain,Heavy Rain,5:44 PM,59.0°F,57.0°F,93%,29.86in,2.5mi,SW,5.8mph,  -,0.17in

Rain,Rain,5:51 PM,59.0°F,57.9°F,96%,29.83in,2.0mi,Calm,Calm,  -,0.21in

Rain,Rain,6:04 PM,60.1°F,57.9°F,93%,29.86in,3.0mi,West,4.6mph,  -,0.03in

Rain,Rain,6:13 PM,60.1°F,57.9°F,93%,29.86in,2.5mi,Calm,Calm,  -,0.04in

Rain,Light Rain,6:44 PM,60.1°F,57.9°F,93%,29.86in,4.0mi,Variable,4.6mph,  -,0.07in

Rain,Light Rain,6:51 PM,60.1°F,57.9°F,93%,29.83in,4.0mi,North,  -,  -,0.08in

Rain,Light Rain,7:12 PM,60.1°F,57.9°F,93%,29.86in,4.0mi,Variable,4.6mph,  -,0.01in

Rain,Light Rain,7:51 PM,60.1°F,57.9°F,93%,29.84in,4.0mi,Calm,Calm,  -,0.03in

Rain,Light Rain,8:26 PM,60.1°F,57.9°F,93%,29.87in,2.5mi,WSW,5.8mph,  -,0.03in

Rain,Light Rain,8:38 PM,60.1°F,57.9°F,93%,29.87in,4.0mi,SSW,4.6mph,  -,0.04in

Rain,Light Rain,8:51 PM,59.0°F,57.9°F,96%,29.84in,6.0mi,SW,4.6mph,  -,0.04in

	,Overcast,9:51 PM,59.0°F,57.0°F,93%,29.88in,7.0mi,Variable,3.5mph,  -,N/A

	,Overcast,10:21 PM,59.0°F,57.0°F,93%,29.90in,8.0mi,Variable,3.5mph,  -,N/A

	,Overcast,10:41 PM,57.9°F,55.9°F,93%,29.91in,9.0mi,WNW,5.8mph,  -,N/A

	,Partly Cloudy,10:51 PM,59.0°F,55.9°F,90%,29.89in,10.0mi,Variable,3.5mph,  -,N/A

	,Clear,11:51 PM,57.0°F,54.0°F,89%,29.89in,9.0mi,West,5.8mph,  -,N/A

