20161215
Time (EST),Temp.,Windchill,Dew Point,Humidity,Pressure,Visibility,Wind Dir,Wind Speed,Gust Speed,Precip,Events,Conditions

12:51 AM,34.0°F,27.2°F,8.1°F,34%,29.86in,10.0mi,WSW,8.1mph,  -,N/A,	,Mostly Cloudy

1:51 AM,33.1°F,28.7°F,10.0°F,38%,29.84in,10.0mi,Variable,4.6mph,  -,N/A,	,Overcast

2:51 AM,33.1°F,26.1°F,10.0°F,38%,29.81in,10.0mi,West,8.1mph,  -,N/A,	,Overcast

3:51 AM,32.0°F,24.8°F,9.0°F,38%,29.79in,10.0mi,West,8.1mph,21.9mph,N/A,	,Scattered Clouds

4:51 AM,30.9°F,20.7°F,6.1°F,35%,29.77in,10.0mi,WNW,13.8mph,31.1mph,N/A,	,Clear

5:51 AM,28.9°F,19.2°F,6.1°F,38%,29.79in,10.0mi,WNW,11.5mph,24.2mph,N/A,	,Partly Cloudy

6:51 AM,27.0°F,16.7°F,3.0°F,36%,29.82in,10.0mi,West,11.5mph,25.3mph,N/A,	,Partly Cloudy

7:51 AM,25.0°F,14.2°F,1.9°F,37%,29.84in,10.0mi,WNW,11.5mph,29.9mph,N/A,	,Scattered Clouds

8:51 AM,24.1°F,13.7°F,1.0°F,37%,29.87in,10.0mi,WNW,10.4mph,27.6mph,N/A,	,Clear

9:51 AM,23.0°F,10.6°F,9.0°F,55%,29.91in,5.0mi,WNW,13.8mph,29.9mph,N/A,	,Haze

10:51 AM,25.0°F,14.2°F,3.0°F,39%,29.90in,10.0mi,NW,11.5mph,20.7mph,N/A,	,Mostly Cloudy

11:51 AM,24.1°F,12.0°F,-11.9°F,20%,29.90in,10.0mi,WNW,13.8mph,39.1mph,N/A,	,Partly Cloudy

12:51 PM,23.0°F,9.6°F,-7.1°F,27%,29.91in,10.0mi,WNW,16.1mph,32.2mph,N/A,	,Mostly Cloudy

1:51 PM,23.0°F,10.6°F,-8.0°F,25%,29.93in,10.0mi,NW,13.8mph,31.1mph,N/A,	,Mostly Cloudy

2:51 PM,21.9°F,10.4°F,-8.0°F,27%,29.97in,10.0mi,WNW,11.5mph,26.5mph,N/A,	,Partly Cloudy

3:51 PM,21.9°F,9.2°F,-8.0°F,27%,30.00in,10.0mi,WNW,13.8mph,26.5mph,N/A,	,Partly Cloudy

4:51 PM,21.9°F,11.7°F,-9.0°F,25%,30.03in,10.0mi,WNW,9.2mph,25.3mph,N/A,	,Clear

5:51 PM,21.0°F,8.1°F,-7.1°F,29%,30.06in,10.0mi,WNW,13.8mph,26.5mph,N/A,	,Clear

6:51 PM,21.0°F,14.6°F,-5.1°F,32%,30.09in,10.0mi,Variable,4.6mph,23.0mph,N/A,	,Clear

7:51 PM,21.0°F,11.4°F,-4.0°F,33%,30.12in,10.0mi,West,8.1mph,  -,N/A,	,Clear

8:51 PM,19.9°F,  -,-2.9°F,37%,30.13in,10.0mi,North,  -,  -,N/A,	,Clear

9:51 PM,19.0°F,  -,-0.9°F,42%,30.15in,10.0mi,North,  -,  -,N/A,	,Clear

10:51 PM,19.0°F,6.8°F,-0.0°F,43%,30.15in,10.0mi,WNW,11.5mph,21.9mph,N/A,	,Clear

11:51 PM,19.0°F,7.5°F,1.0°F,46%,30.17in,10.0mi,WNW,10.4mph,16.1mph,N/A,	,Clear

