20160511
Time (EDT),Temp.,Dew Point,Humidity,Pressure,Visibility,Wind Dir,Wind Speed,Gust Speed,Precip,Events,Conditions

12:51 AM,55.0°F,43.0°F,64%,30.17in,10.0mi,Variable,5.8mph,  -,N/A,	,Clear

1:51 AM,53.1°F,43.0°F,69%,30.17in,10.0mi,West,3.5mph,  -,N/A,	,Clear

2:51 AM,52.0°F,43.0°F,71%,30.17in,10.0mi,Calm,Calm,  -,N/A,	,Clear

3:51 AM,52.0°F,42.1°F,69%,30.16in,10.0mi,WNW,4.6mph,  -,N/A,	,Clear

4:51 AM,51.1°F,42.1°F,71%,30.17in,10.0mi,Calm,Calm,  -,N/A,	,Clear

5:51 AM,50.0°F,42.1°F,74%,30.17in,10.0mi,Calm,Calm,  -,N/A,	,Clear

6:51 AM,53.1°F,41.0°F,64%,30.18in,10.0mi,Calm,Calm,  -,N/A,	,Clear

7:51 AM,57.9°F,39.0°F,49%,30.19in,10.0mi,Variable,4.6mph,  -,N/A,	,Clear

8:51 AM,62.1°F,37.9°F,41%,30.19in,10.0mi,NE,4.6mph,  -,N/A,	,Clear

9:51 AM,64.0°F,37.0°F,37%,30.19in,10.0mi,Calm,Calm,  -,N/A,	,Clear

10:51 AM,66.9°F,35.1°F,31%,30.18in,10.0mi,Variable,3.5mph,  -,N/A,	,Clear

11:51 AM,72.0°F,34.0°F,25%,30.17in,10.0mi,Calm,Calm,  -,N/A,	,Clear

12:51 PM,73.9°F,32.0°F,21%,30.16in,10.0mi,Variable,5.8mph,  -,N/A,	,Clear

1:51 PM,73.9°F,32.0°F,21%,30.14in,10.0mi,NNW,3.5mph,  -,N/A,	,Clear

2:51 PM,73.9°F,32.0°F,21%,30.12in,10.0mi,South,3.5mph,  -,N/A,	,Clear

3:51 PM,73.9°F,35.1°F,24%,30.10in,10.0mi,Calm,Calm,  -,N/A,	,Clear

4:51 PM,73.9°F,37.0°F,26%,30.10in,10.0mi,WSW,6.9mph,  -,N/A,	,Clear

5:51 PM,72.0°F,39.0°F,30%,30.10in,10.0mi,SSW,8.1mph,  -,N/A,	,Clear

6:51 PM,71.1°F,36.0°F,28%,30.09in,10.0mi,Variable,3.5mph,  -,N/A,	,Clear

7:51 PM,68.0°F,37.0°F,32%,30.10in,10.0mi,Calm,Calm,  -,N/A,	,Clear

8:51 PM,68.0°F,44.1°F,42%,30.11in,10.0mi,Variable,4.6mph,  -,N/A,	,Mostly Cloudy

9:51 PM,66.9°F,46.0°F,47%,30.12in,10.0mi,Calm,Calm,  -,N/A,	,Scattered Clouds

10:51 PM,64.9°F,45.0°F,48%,30.12in,10.0mi,Calm,Calm,  -,N/A,	,Partly Cloudy

11:51 PM,64.0°F,45.0°F,50%,30.12in,10.0mi,Calm,Calm,  -,N/A,	,Clear

