20160203
Time (EST),Temp.,Windchill,Dew Point,Humidity,Pressure,Visibility,Wind Dir,Wind Speed,Gust Speed,Precip,Events,Conditions

12:51 AM,42.1°F,  -,28.9°F,60%,30.30in,10.0mi,Calm,Calm,  -,N/A,	,Clear

1:51 AM,44.1°F,40.8°F,30.9°F,60%,30.31in,10.0mi,South,5.8mph,  -,N/A,	,Clear

2:51 AM,43.0°F,38.8°F,33.1°F,68%,30.28in,10.0mi,South,6.9mph,  -,N/A,	,Partly Cloudy

3:51 AM,44.1°F,  -,35.1°F,71%,30.27in,10.0mi,North,  -,  -,N/A,	,Overcast

4:51 AM,45.0°F,40.6°F,36.0°F,71%,30.25in,10.0mi,SSE,8.1mph,  -,N/A,	,Overcast

5:51 AM,46.0°F,43.9°F,37.0°F,71%,30.22in,10.0mi,Variable,4.6mph,  -,N/A,	,Overcast

6:51 AM,48.0°F,  -,39.0°F,71%,30.19in,10.0mi,Variable,6.9mph,  -,N/A,	,Overcast

7:21 AM,48.0°F,  -,39.0°F,71%,30.22in,10.0mi,SE,9.2mph,  -,N/A,	,Overcast

7:51 AM,48.0°F,  -,41.0°F,77%,30.19in,6.0mi,Variable,5.8mph,  -,0.00in,Rain,Light Rain

8:51 AM,50.0°F,  -,43.0°F,77%,30.15in,10.0mi,Variable,5.8mph,19.6mph,0.01in,	,Overcast

9:33 AM,50.0°F,  -,44.1°F,80%,30.13in,10.0mi,North,  -,  -,N/A,	,Overcast

9:51 AM,50.0°F,  -,44.1°F,80%,30.12in,10.0mi,South,11.5mph,23.0mph,N/A,	,Overcast

10:01 AM,51.1°F,  -,45.0°F,80%,30.12in,9.0mi,South,6.9mph,17.3mph,N/A,	,Overcast

10:51 AM,53.1°F,  -,46.0°F,77%,30.06in,10.0mi,Variable,5.8mph,25.3mph,N/A,	,Overcast

11:06 AM,54.0°F,  -,46.9°F,77%,30.07in,10.0mi,South,10.4mph,25.3mph,N/A,	,Overcast

11:51 AM,54.0°F,  -,46.9°F,77%,30.01in,9.0mi,South,10.4mph,24.2mph,N/A,	,Overcast

12:18 PM,53.1°F,  -,48.0°F,83%,30.01in,5.0mi,South,10.4mph,25.3mph,0.00in,Rain,Light Rain

12:51 PM,53.1°F,  -,48.9°F,86%,29.97in,5.0mi,South,8.1mph,25.3mph,0.02in,Rain,Light Rain

1:28 PM,54.0°F,  -,50.0°F,86%,29.98in,1.8mi,South,8.1mph,25.3mph,0.04in,Rain,Light Rain

1:38 PM,54.0°F,  -,51.1°F,90%,29.97in,2.0mi,South,8.1mph,19.6mph,0.07in,Rain,Light Rain

1:51 PM,55.0°F,  -,51.1°F,86%,29.95in,2.5mi,South,11.5mph,19.6mph,0.09in,Rain,Light Rain

2:28 PM,55.9°F,  -,52.0°F,87%,29.97in,1.8mi,South,9.2mph,  -,0.07in,Rain,Light Rain

2:35 PM,55.9°F,  -,52.0°F,87%,29.97in,2.5mi,South,6.9mph,  -,0.09in,Rain,Light Rain

2:51 PM,57.0°F,  -,53.1°F,87%,29.94in,2.0mi,South,6.9mph,  -,0.12in,Rain,Light Rain

3:08 PM,57.0°F,  -,53.1°F,87%,29.97in,1.5mi,South,6.9mph,  -,0.04in,Rain,Rain

3:31 PM,57.0°F,  -,54.0°F,89%,29.98in,1.5mi,South,5.8mph,  -,0.11in,Rain,Rain

3:51 PM,57.0°F,  -,54.0°F,89%,29.96in,1.0mi,South,6.9mph,  -,0.20in,Rain,Rain

4:43 PM,55.9°F,  -,53.1°F,90%,29.96in,2.0mi,SSE,4.6mph,  -,0.19in,Rain,Rain

4:51 PM,55.9°F,  -,53.1°F,90%,29.94in,1.5mi,Variable,3.5mph,  -,0.22in,Rain,Rain

4:58 PM,55.9°F,  -,53.1°F,90%,29.96in,3.0mi,SSE,5.8mph,  -,0.01in,Rain,Light Rain

5:08 PM,55.9°F,  -,53.1°F,90%,29.96in,5.0mi,Variable,3.5mph,  -,0.01in,Rain,Light Rain

5:27 PM,55.9°F,  -,54.0°F,93%,29.95in,2.5mi,SSE,6.9mph,  -,0.04in,Rain,Light Rain

5:35 PM,55.9°F,  -,54.0°F,93%,29.95in,4.0mi,Variable,5.8mph,  -,0.05in,Rain,Light Rain

5:51 PM,55.9°F,  -,54.0°F,93%,29.92in,5.0mi,South,6.9mph,  -,0.05in,	,Overcast

6:51 PM,55.0°F,  -,53.1°F,93%,29.87in,3.0mi,Variable,5.8mph,  -,0.01in,	,Overcast

7:18 PM,55.0°F,  -,53.1°F,93%,29.90in,5.0mi,South,13.8mph,23.0mph,N/A,	,Overcast

7:51 PM,55.9°F,  -,53.1°F,90%,29.83in,7.0mi,South,15.0mph,25.3mph,0.00in,	,Overcast

8:51 PM,57.9°F,  -,54.0°F,87%,29.83in,10.0mi,North,  -,  -,0.01in,	,Partly Cloudy

9:51 PM,57.0°F,  -,52.0°F,83%,29.86in,10.0mi,SW,3.5mph,  -,N/A,	,Partly Cloudy

10:51 PM,57.9°F,  -,53.1°F,84%,29.89in,10.0mi,Calm,Calm,  -,N/A,	,Mostly Cloudy

11:51 PM,57.9°F,  -,53.1°F,84%,29.88in,10.0mi,Variable,3.5mph,  -,N/A,	,Overcast

