20160821
Time (EDT),Temp.,Heat Index,Dew Point,Humidity,Pressure,Visibility,Wind Dir,Wind Speed,Gust Speed,Precip,Events,Conditions

12:06 AM,77.0°F,  -,69.1°F,76%,29.95in,10.0mi,SSE,6.9mph,  -,N/A,	,Mostly Cloudy

12:51 AM,75.9°F,  -,69.1°F,79%,29.92in,10.0mi,Calm,Calm,  -,N/A,	,Partly Cloudy

1:51 AM,75.9°F,  -,69.1°F,79%,29.91in,10.0mi,Variable,4.6mph,  -,N/A,	,Clear

2:51 AM,75.9°F,  -,70.0°F,82%,29.90in,10.0mi,Calm,Calm,  -,N/A,	,Mostly Cloudy

3:23 AM,75.9°F,  -,70.0°F,82%,29.92in,10.0mi,Variable,3.5mph,  -,N/A,	,Partly Cloudy

3:51 AM,75.9°F,  -,70.0°F,82%,29.88in,9.0mi,Variable,3.5mph,  -,N/A,	,Scattered Clouds

4:12 AM,75.9°F,  -,71.1°F,85%,29.91in,9.0mi,Variable,3.5mph,  -,N/A,	,Mostly Cloudy

4:51 AM,77.0°F,  -,71.1°F,82%,29.87in,9.0mi,Variable,5.8mph,  -,N/A,	,Overcast

5:51 AM,77.0°F,  -,71.1°F,82%,29.87in,9.0mi,Variable,3.5mph,  -,N/A,	,Overcast

6:19 AM,75.9°F,  -,71.1°F,85%,29.90in,9.0mi,North,  -,  -,N/A,	,Partly Cloudy

6:51 AM,75.9°F,  -,69.1°F,79%,29.88in,8.0mi,Variable,4.6mph,  -,N/A,	,Scattered Clouds

7:15 AM,77.0°F,  -,70.0°F,79%,29.91in,8.0mi,Calm,Calm,  -,N/A,	,Mostly Cloudy

7:51 AM,77.0°F,  -,72.0°F,84%,29.88in,8.0mi,Calm,Calm,  -,N/A,	,Mostly Cloudy

8:23 AM,75.9°F,  -,72.0°F,87%,29.91in,1.8mi,North,  -,  -,0.01in,Rain,Light Rain

8:40 AM,73.9°F,  -,72.0°F,93%,29.91in,0.5mi,Calm,Calm,  -,0.18in,Fog,	,

Rain,Heavy Rain,8:51 AM,75.0°F,  -,73.0°F,94%,29.88in,2.0mi,Calm,Calm,  -,0.22in

	,Overcast,9:01 AM,75.9°F,  -,73.9°F,94%,29.91in,4.0mi,Calm,Calm,  -,N/A

	,Overcast,9:28 AM,75.9°F,  -,73.9°F,94%,29.91in,6.0mi,Variable,3.5mph,  -,N/A

	,Scattered Clouds,9:51 AM,78.1°F,  -,73.9°F,87%,29.87in,7.0mi,Calm,Calm,  -,N/A

	,Mostly Cloudy,10:09 AM,77.0°F,  -,73.9°F,90%,29.90in,7.0mi,Calm,Calm,  -,N/A

	,Mostly Cloudy,10:16 AM,78.1°F,  -,73.9°F,87%,29.90in,7.0mi,North,  -,  -,N/A

	,Mostly Cloudy,10:24 AM,79.0°F,  -,73.0°F,82%,29.90in,8.0mi,SSE,8.1mph,  -,N/A

	,Mostly Cloudy,10:51 AM,78.1°F,  -,73.0°F,84%,29.87in,7.0mi,Variable,4.6mph,  -,N/A

	,Mostly Cloudy,11:04 AM,79.0°F,  -,72.0°F,79%,29.89in,8.0mi,Variable,3.5mph,  -,N/A

	,Scattered Clouds,11:51 AM,82.0°F,85.5°F,69.1°F,65%,29.86in,8.0mi,South,9.2mph,  -,N/A

	,Partly Cloudy,12:51 PM,84.0°F,87.0°F,68.0°F,58%,29.84in,8.0mi,Variable,5.8mph,  -,N/A

	,Partly Cloudy,1:51 PM,84.9°F,88.2°F,68.0°F,57%,29.82in,9.0mi,Variable,3.5mph,18.4mph,N/A

	,Partly Cloudy,2:51 PM,82.0°F,84.1°F,66.0°F,58%,29.80in,8.0mi,Variable,6.9mph,  -,N/A

	,Clear,3:51 PM,80.1°F,82.9°F,69.1°F,69%,29.78in,8.0mi,Variable,4.6mph,18.4mph,N/A

	,Clear,4:51 PM,80.1°F,83.6°F,71.1°F,74%,29.77in,8.0mi,North,  -,  -,N/A

	,Clear,5:51 PM,78.1°F,  -,72.0°F,81%,29.78in,7.0mi,South,4.6mph,  -,N/A

	,Overcast,6:18 PM,77.0°F,  -,73.0°F,88%,29.80in,2.5mi,Variable,3.5mph,  -,0.02in

Rain,Light Rain,6:46 PM,75.2°F,  -,73.4°F,94%,29.80in,4.0mi,Calm,Calm,  -,0.05in

Rain,Light Rain,6:51 PM,75.0°F,  -,72.0°F,90%,29.78in,4.0mi,SSE,4.6mph,  -,0.05in

Rain,Light Rain,7:10 PM,73.9°F,  -,72.0°F,93%,29.81in,2.5mi,South,3.5mph,  -,0.01in

Rain,Light Rain,7:17 PM,73.9°F,  -,72.0°F,93%,29.80in,4.0mi,Variable,5.8mph,  -,0.02in

Rain,Light Rain,7:35 PM,75.0°F,  -,73.0°F,94%,29.80in,3.0mi,Variable,3.5mph,  -,0.03in

Rain,Light Rain,7:47 PM,75.2°F,  -,73.4°F,94%,29.79in,4.0mi,North,  -,  -,0.03in

	,Overcast,7:51 PM,75.9°F,  -,73.9°F,94%,29.77in,3.0mi,Variable,5.8mph,  -,0.03in

Rain,Light Rain,8:29 PM,75.9°F,  -,73.9°F,94%,29.80in,4.0mi,Variable,5.8mph,  -,0.01in

	,Overcast,8:51 PM,75.9°F,  -,73.9°F,94%,29.78in,6.0mi,Variable,3.5mph,  -,0.01in

	,Overcast,9:51 PM,75.0°F,  -,73.0°F,94%,29.78in,8.0mi,SW,5.8mph,  -,N/A

	,Overcast,10:51 PM,75.0°F,  -,73.0°F,94%,29.79in,8.0mi,Variable,5.8mph,  -,N/A

	,Overcast,11:12 PM,75.9°F,  -,73.0°F,91%,29.82in,9.0mi,West,4.6mph,  -,N/A

	,Overcast,11:41 PM,75.0°F,  -,72.0°F,90%,29.83in,9.0mi,West,5.8mph,  -,N/A

	,Mostly Cloudy,11:51 PM,75.0°F,  -,71.1°F,87%,29.81in,9.0mi,WNW,5.8mph,  -,N/A

