20160903
Time (EDT),Temp.,Dew Point,Humidity,Pressure,Visibility,Wind Dir,Wind Speed,Gust Speed,Precip,Events,Conditions

12:51 AM,71.1°F,54.0°F,55%,30.15in,10.0mi,East,6.9mph,  -,N/A,	,Partly Cloudy

1:51 AM,68.0°F,55.9°F,65%,30.15in,10.0mi,NE,4.6mph,  -,N/A,	,Clear

2:51 AM,71.1°F,59.0°F,66%,30.15in,10.0mi,Variable,5.8mph,  -,N/A,	,Scattered Clouds

3:51 AM,69.1°F,57.9°F,68%,30.13in,10.0mi,NE,4.6mph,  -,N/A,	,Clear

4:51 AM,69.1°F,60.1°F,73%,30.13in,10.0mi,Variable,4.6mph,  -,N/A,	,Scattered Clouds

5:14 AM,69.1°F,60.1°F,73%,30.16in,10.0mi,Variable,3.5mph,  -,N/A,	,Mostly Cloudy

5:30 AM,68.0°F,60.1°F,76%,30.17in,10.0mi,Variable,4.6mph,  -,N/A,	,Scattered Clouds

5:51 AM,68.0°F,61.0°F,78%,30.15in,10.0mi,ENE,5.8mph,  -,N/A,	,Partly Cloudy

6:05 AM,68.0°F,61.0°F,78%,30.19in,10.0mi,ENE,5.8mph,  -,N/A,	,Mostly Cloudy

6:43 AM,68.0°F,62.1°F,81%,30.19in,10.0mi,ENE,5.8mph,  -,N/A,	,Mostly Cloudy

6:51 AM,68.0°F,62.1°F,81%,30.17in,10.0mi,NE,4.6mph,  -,N/A,	,Mostly Cloudy

7:51 AM,69.1°F,62.1°F,78%,30.18in,10.0mi,Variable,5.8mph,  -,N/A,	,Mostly Cloudy

8:51 AM,69.1°F,61.0°F,75%,30.16in,10.0mi,ENE,9.2mph,  -,N/A,	,Scattered Clouds

9:51 AM,70.0°F,61.0°F,73%,30.18in,10.0mi,ENE,10.4mph,  -,N/A,	,Mostly Cloudy

10:25 AM,70.0°F,60.1°F,71%,30.21in,10.0mi,Variable,5.8mph,23.0mph,N/A,	,Scattered Clouds

10:51 AM,70.0°F,59.0°F,68%,30.19in,10.0mi,East,8.1mph,17.3mph,N/A,	,Scattered Clouds

11:51 AM,72.0°F,60.1°F,66%,30.18in,10.0mi,ENE,10.4mph,17.3mph,N/A,	,Scattered Clouds

12:51 PM,72.0°F,57.9°F,61%,30.19in,10.0mi,ENE,9.2mph,  -,N/A,	,Mostly Cloudy

1:51 PM,72.0°F,57.9°F,61%,30.18in,10.0mi,Variable,6.9mph,  -,N/A,	,Partly Cloudy

2:51 PM,73.9°F,55.9°F,53%,30.16in,10.0mi,NE,8.1mph,17.3mph,N/A,	,Partly Cloudy

3:51 PM,73.9°F,55.0°F,52%,30.15in,10.0mi,Variable,6.9mph,  -,N/A,	,Partly Cloudy

4:51 PM,73.9°F,55.0°F,52%,30.14in,10.0mi,SE,8.1mph,16.1mph,N/A,	,Scattered Clouds

5:51 PM,71.6°F,55.4°F,57%,30.16in,10.0mi,East,8.1mph,  -,N/A,	,Clear

6:51 PM,72.0°F,55.0°F,55%,30.15in,10.0mi,East,6.9mph,  -,N/A,	,Clear

7:51 PM,71.1°F,55.9°F,59%,30.15in,10.0mi,Variable,5.8mph,  -,N/A,	,Clear

8:51 PM,69.1°F,55.9°F,63%,30.15in,10.0mi,Variable,4.6mph,  -,N/A,	,Clear

9:51 PM,70.0°F,55.9°F,61%,30.15in,10.0mi,East,5.8mph,  -,N/A,	,Clear

10:51 PM,66.9°F,57.0°F,70%,30.15in,10.0mi,Variable,3.5mph,  -,N/A,	,Clear

11:51 PM,66.9°F,57.9°F,73%,30.17in,10.0mi,ENE,9.2mph,  -,N/A,	,Clear

