20161127
Time (EST),Temp.,Windchill,Dew Point,Humidity,Pressure,Visibility,Wind Dir,Wind Speed,Gust Speed,Precip,Events,Conditions

12:51 AM,41.0°F,  -,32.0°F,70%,30.07in,10.0mi,North,  -,  -,N/A,	,Clear

1:51 AM,39.9°F,37.8°F,32.0°F,73%,30.08in,10.0mi,NW,3.5mph,  -,N/A,	,Clear

2:51 AM,39.9°F,37.8°F,30.9°F,70%,30.09in,10.0mi,Variable,3.5mph,  -,N/A,	,Clear

3:51 AM,39.9°F,  -,30.9°F,70%,30.08in,10.0mi,Calm,Calm,  -,N/A,	,Clear

4:51 AM,39.9°F,36.7°F,30.0°F,68%,30.09in,10.0mi,WNW,4.6mph,  -,N/A,	,Clear

5:51 AM,39.9°F,36.7°F,30.0°F,68%,30.09in,10.0mi,Variable,4.6mph,  -,N/A,	,Clear

6:51 AM,39.9°F,37.8°F,30.0°F,68%,30.10in,10.0mi,Variable,3.5mph,  -,N/A,	,Clear

7:51 AM,39.9°F,35.8°F,30.0°F,68%,30.12in,10.0mi,NW,5.8mph,  -,N/A,	,Clear

8:51 AM,41.0°F,38.0°F,30.9°F,67%,30.12in,10.0mi,Variable,4.6mph,  -,N/A,	,Scattered Clouds

9:51 AM,44.1°F,  -,30.9°F,60%,30.12in,10.0mi,North,  -,  -,N/A,	,Partly Cloudy

10:51 AM,46.9°F,  -,30.0°F,52%,30.10in,10.0mi,Variable,6.9mph,  -,N/A,	,Clear

11:51 AM,48.9°F,  -,28.9°F,46%,30.09in,10.0mi,NW,9.2mph,  -,N/A,	,Clear

12:51 PM,50.0°F,  -,27.0°F,41%,30.06in,10.0mi,Variable,5.8mph,  -,N/A,	,Mostly Cloudy

1:51 PM,48.9°F,  -,26.1°F,41%,30.06in,10.0mi,Variable,6.9mph,17.3mph,N/A,	,Mostly Cloudy

2:51 PM,48.0°F,  -,26.1°F,42%,30.07in,10.0mi,WNW,8.1mph,  -,N/A,	,Mostly Cloudy

3:51 PM,46.9°F,  -,26.1°F,44%,30.08in,10.0mi,Variable,3.5mph,  -,N/A,	,Overcast

4:51 PM,46.0°F,44.8°F,27.0°F,47%,30.09in,10.0mi,Variable,3.5mph,  -,N/A,	,Scattered Clouds

5:51 PM,46.0°F,43.1°F,26.1°F,46%,30.11in,10.0mi,WNW,5.8mph,  -,N/A,	,Partly Cloudy

6:51 PM,45.0°F,42.6°F,27.0°F,49%,30.12in,10.0mi,Variable,4.6mph,  -,N/A,	,Partly Cloudy

7:51 PM,45.0°F,41.8°F,27.0°F,49%,30.12in,10.0mi,Variable,5.8mph,  -,N/A,	,Clear

8:51 PM,43.0°F,  -,28.0°F,56%,30.12in,10.0mi,Calm,Calm,  -,N/A,	,Clear

9:51 PM,43.0°F,41.3°F,28.0°F,56%,30.12in,10.0mi,Variable,3.5mph,  -,N/A,	,Clear

10:51 PM,43.0°F,38.8°F,27.0°F,53%,30.14in,10.0mi,West,6.9mph,  -,N/A,	,Clear

11:51 PM,42.1°F,40.2°F,26.1°F,53%,30.13in,10.0mi,Variable,3.5mph,  -,N/A,	,Clear

