20160905
Time (EDT),Temp.,Heat Index,Dew Point,Humidity,Pressure,Visibility,Wind Dir,Wind Speed,Gust Speed,Precip,Events,Conditions

12:51 AM,69.1°F,  -,50.0°F,51%,30.23in,10.0mi,ENE,5.8mph,  -,N/A,	,Clear

1:51 AM,68.0°F,  -,46.0°F,45%,30.22in,10.0mi,ENE,6.9mph,  -,N/A,	,Clear

2:51 AM,66.9°F,  -,46.9°F,49%,30.22in,10.0mi,NE,5.8mph,  -,N/A,	,Clear

3:51 AM,66.0°F,  -,46.9°F,50%,30.22in,10.0mi,ENE,8.1mph,  -,N/A,	,Clear

4:51 AM,66.0°F,  -,46.9°F,50%,30.22in,10.0mi,NNE,8.1mph,  -,N/A,	,Clear

5:51 AM,66.0°F,  -,46.9°F,50%,30.21in,10.0mi,NNE,8.1mph,  -,N/A,	,Clear

6:51 AM,66.0°F,  -,48.9°F,54%,30.22in,10.0mi,Variable,6.9mph,  -,N/A,	,Clear

7:51 AM,66.9°F,  -,50.0°F,54%,30.23in,10.0mi,ENE,4.6mph,  -,N/A,	,Clear

8:51 AM,66.9°F,  -,48.9°F,52%,30.23in,10.0mi,Variable,5.8mph,  -,N/A,	,Clear

9:51 AM,69.1°F,  -,50.0°F,51%,30.22in,10.0mi,North,6.9mph,  -,N/A,	,Clear

10:51 AM,71.1°F,  -,52.0°F,51%,30.21in,10.0mi,Variable,6.9mph,  -,N/A,	,Clear

11:51 AM,73.0°F,  -,52.0°F,48%,30.19in,10.0mi,NE,8.1mph,17.3mph,N/A,	,Clear

12:51 PM,75.0°F,  -,54.0°F,48%,30.15in,10.0mi,Variable,6.9mph,  -,N/A,	,Clear

1:51 PM,81.0°F,80.7°F,55.0°F,41%,30.10in,10.0mi,NE,8.1mph,  -,N/A,	,Clear

2:51 PM,81.0°F,81.0°F,57.0°F,44%,30.07in,10.0mi,Variable,5.8mph,17.3mph,N/A,	,Clear

3:51 PM,82.0°F,81.4°F,55.0°F,39%,30.04in,10.0mi,North,11.5mph,18.4mph,N/A,	,Clear

4:51 PM,82.9°F,82.0°F,55.0°F,38%,30.02in,10.0mi,NNE,8.1mph,23.0mph,N/A,	,Clear

5:51 PM,82.0°F,81.6°F,55.9°F,41%,30.02in,10.0mi,Variable,4.6mph,  -,N/A,	,Clear

6:51 PM,81.0°F,81.0°F,57.0°F,44%,30.01in,10.0mi,Variable,6.9mph,  -,N/A,	,Clear

7:51 PM,80.1°F,80.2°F,55.9°F,43%,30.00in,10.0mi,Variable,4.6mph,  -,N/A,	,Clear

8:51 PM,78.8°F,  -,57.2°F,47%,30.03in,10.0mi,NNE,6.9mph,  -,N/A,	,Clear

9:51 PM,79.0°F,  -,57.9°F,48%,30.00in,10.0mi,North,11.5mph,  -,N/A,	,Overcast

10:51 PM,79.0°F,  -,54.0°F,42%,29.99in,10.0mi,North,  -,  -,N/A,	,Overcast

11:51 PM,78.1°F,  -,55.0°F,45%,29.97in,10.0mi,NNE,12.7mph,25.3mph,N/A,	,Overcast

