20161104
Time (EDT),Temp.,Dew Point,Humidity,Pressure,Visibility,Wind Dir,Wind Speed,Gust Speed,Precip,Events,Conditions

12:51 AM,57.0°F,44.1°F,62%,29.97in,10.0mi,NW,5.8mph,  -,N/A,	,Clear

1:51 AM,55.9°F,45.0°F,67%,29.97in,10.0mi,Calm,Calm,  -,N/A,	,Clear

2:51 AM,55.9°F,44.1°F,64%,29.99in,10.0mi,Variable,5.8mph,  -,N/A,	,Clear

3:51 AM,55.0°F,39.9°F,57%,29.99in,10.0mi,Variable,3.5mph,  -,N/A,	,Clear

4:51 AM,54.0°F,39.0°F,57%,30.02in,10.0mi,WNW,6.9mph,  -,N/A,	,Clear

5:51 AM,53.1°F,39.0°F,59%,30.05in,10.0mi,NNW,8.1mph,  -,N/A,	,Clear

6:51 AM,51.1°F,39.9°F,66%,30.07in,10.0mi,Calm,Calm,  -,N/A,	,Clear

7:51 AM,52.0°F,39.9°F,63%,30.10in,10.0mi,Variable,4.6mph,  -,N/A,	,Mostly Cloudy

8:51 AM,53.1°F,39.0°F,59%,30.13in,10.0mi,North,  -,  -,N/A,	,Mostly Cloudy

9:51 AM,54.0°F,39.0°F,57%,30.13in,10.0mi,North,  -,  -,N/A,	,Partly Cloudy

10:51 AM,57.0°F,39.9°F,53%,30.14in,10.0mi,Variable,3.5mph,  -,N/A,	,Mostly Cloudy

11:51 AM,57.0°F,37.0°F,47%,30.14in,10.0mi,NNW,8.1mph,  -,N/A,	,Partly Cloudy

12:51 PM,60.1°F,37.9°F,44%,30.13in,10.0mi,Variable,4.6mph,  -,N/A,	,Scattered Clouds

1:51 PM,59.0°F,34.0°F,39%,30.12in,10.0mi,Variable,4.6mph,  -,N/A,	,Partly Cloudy

2:51 PM,59.0°F,30.9°F,35%,30.13in,10.0mi,North,8.1mph,  -,N/A,	,Clear

3:51 PM,59.0°F,28.9°F,32%,30.15in,10.0mi,Variable,4.6mph,  -,N/A,	,Clear

4:51 PM,57.0°F,27.0°F,32%,30.16in,10.0mi,WNW,5.8mph,  -,N/A,	,Clear

5:51 PM,55.9°F,24.1°F,29%,30.17in,10.0mi,Variable,4.6mph,  -,N/A,	,Clear

6:51 PM,55.0°F,27.0°F,34%,30.19in,10.0mi,WNW,4.6mph,  -,N/A,	,Clear

7:51 PM,54.0°F,26.1°F,34%,30.21in,10.0mi,Variable,4.6mph,  -,N/A,	,Clear

8:51 PM,53.1°F,27.0°F,37%,30.22in,10.0mi,Variable,5.8mph,  -,N/A,	,Clear

9:51 PM,52.0°F,27.0°F,38%,30.24in,10.0mi,Variable,3.5mph,  -,N/A,	,Clear

10:51 PM,50.0°F,26.1°F,39%,30.24in,10.0mi,Variable,4.6mph,  -,N/A,	,Clear

11:51 PM,48.9°F,27.0°F,43%,30.23in,10.0mi,Variable,3.5mph,  -,N/A,	,Clear

