20160305
Time (EST),Temp.,Windchill,Dew Point,Humidity,Pressure,Visibility,Wind Dir,Wind Speed,Gust Speed,Precip,Events,Conditions

12:51 AM,32.0°F,24.8°F,15.1°F,50%,30.11in,10.0mi,North,8.1mph,  -,N/A,	,Clear

1:51 AM,30.9°F,23.5°F,14.0°F,50%,30.12in,10.0mi,North,8.1mph,16.1mph,N/A,	,Clear

2:51 AM,30.9°F,24.3°F,14.0°F,50%,30.12in,10.0mi,NNE,6.9mph,  -,N/A,	,Clear

3:51 AM,30.0°F,23.2°F,12.9°F,49%,30.13in,10.0mi,North,6.9mph,  -,N/A,	,Clear

4:51 AM,30.0°F,25.2°F,12.9°F,49%,30.15in,10.0mi,Variable,4.6mph,  -,N/A,	,Clear

5:51 AM,28.9°F,23.9°F,12.9°F,51%,30.17in,10.0mi,Variable,4.6mph,  -,N/A,	,Clear

6:51 AM,28.0°F,22.8°F,12.9°F,53%,30.19in,10.0mi,Variable,4.6mph,  -,N/A,	,Clear

7:51 AM,28.9°F,23.9°F,12.0°F,49%,30.20in,10.0mi,Variable,4.6mph,  -,N/A,	,Clear

8:51 AM,30.0°F,21.7°F,9.0°F,41%,30.20in,10.0mi,North,9.2mph,  -,N/A,	,Clear

9:51 AM,32.0°F,24.8°F,10.0°F,40%,30.22in,10.0mi,ENE,8.1mph,  -,N/A,	,Clear

10:51 AM,35.1°F,31.0°F,10.0°F,35%,30.21in,10.0mi,Variable,4.6mph,  -,N/A,	,Clear

11:51 AM,37.0°F,31.6°F,10.9°F,34%,30.20in,10.0mi,Variable,6.9mph,  -,N/A,	,Clear

12:51 PM,36.0°F,  -,10.0°F,34%,30.17in,10.0mi,Calm,Calm,  -,N/A,	,Partly Cloudy

1:51 PM,37.9°F,33.5°F,10.0°F,32%,30.16in,10.0mi,West,5.8mph,  -,N/A,	,Partly Cloudy

2:51 PM,37.9°F,  -,8.1°F,29%,30.15in,10.0mi,Calm,Calm,  -,N/A,	,Overcast

3:51 PM,39.9°F,35.1°F,6.1°F,25%,30.14in,10.0mi,NE,6.9mph,  -,N/A,	,Overcast

4:51 PM,39.0°F,36.8°F,7.0°F,27%,30.14in,10.0mi,Variable,3.5mph,  -,N/A,	,Overcast

5:51 PM,37.9°F,35.5°F,16.0°F,41%,30.16in,10.0mi,Variable,3.5mph,  -,N/A,	,Overcast

6:51 PM,37.0°F,  -,17.1°F,44%,30.18in,10.0mi,Calm,Calm,  -,N/A,	,Mostly Cloudy

7:51 PM,36.0°F,  -,17.1°F,46%,30.18in,10.0mi,Calm,Calm,  -,N/A,	,Scattered Clouds

8:51 PM,35.1°F,30.1°F,21.0°F,57%,30.19in,10.0mi,Variable,5.8mph,  -,N/A,	,Overcast

9:51 PM,36.0°F,  -,19.9°F,52%,30.19in,10.0mi,Calm,Calm,  -,N/A,	,Partly Cloudy

10:51 PM,35.1°F,  -,21.0°F,57%,30.20in,10.0mi,Calm,Calm,  -,N/A,	,Partly Cloudy

11:51 PM,34.0°F,  -,21.0°F,59%,30.21in,10.0mi,Calm,Calm,  -,N/A,	,Clear

