20160428
Time (EDT),Temp.,Dew Point,Humidity,Pressure,Visibility,Wind Dir,Wind Speed,Gust Speed,Precip,Events,Conditions

12:51 AM,53.1°F,44.1°F,71%,29.92in,9.0mi,West,4.6mph,  -,N/A,	,Clear

1:51 AM,52.0°F,44.1°F,74%,29.92in,9.0mi,Calm,Calm,  -,N/A,	,Clear

2:51 AM,51.1°F,43.0°F,74%,29.93in,9.0mi,Variable,3.5mph,  -,N/A,	,Clear

3:51 AM,51.1°F,33.1°F,50%,29.94in,10.0mi,NE,11.5mph,17.3mph,N/A,	,Clear

4:51 AM,48.9°F,26.1°F,41%,29.97in,10.0mi,ENE,6.9mph,  -,N/A,	,Clear

5:51 AM,48.0°F,21.9°F,36%,29.99in,10.0mi,Variable,5.8mph,  -,N/A,	,Clear

6:51 AM,48.0°F,19.9°F,33%,30.04in,10.0mi,Variable,5.8mph,  -,N/A,	,Clear

7:51 AM,48.9°F,21.0°F,33%,30.06in,10.0mi,Variable,4.6mph,  -,N/A,	,Clear

8:51 AM,50.0°F,23.0°F,35%,30.06in,10.0mi,Variable,5.8mph,  -,N/A,	,Clear

9:51 AM,53.1°F,21.9°F,30%,30.06in,10.0mi,Calm,Calm,  -,N/A,	,Clear

10:51 AM,54.0°F,25.0°F,33%,30.05in,10.0mi,Variable,6.9mph,  -,N/A,	,Clear

11:51 AM,55.9°F,24.1°F,29%,30.06in,10.0mi,Variable,3.5mph,  -,N/A,	,Clear

12:51 PM,57.9°F,21.9°F,25%,30.04in,10.0mi,Variable,5.8mph,  -,N/A,	,Clear

1:51 PM,55.9°F,30.9°F,39%,30.04in,10.0mi,Variable,6.9mph,  -,N/A,	,Clear

2:51 PM,55.0°F,34.0°F,45%,30.04in,10.0mi,SSW,8.1mph,  -,N/A,	,Clear

3:51 PM,55.0°F,30.9°F,40%,30.03in,10.0mi,Variable,5.8mph,  -,N/A,	,Clear

4:51 PM,55.0°F,30.0°F,38%,30.03in,10.0mi,North,  -,  -,N/A,	,Clear

5:51 PM,53.1°F,30.0°F,41%,30.03in,10.0mi,South,4.6mph,  -,N/A,	,Overcast

6:51 PM,51.1°F,30.9°F,46%,30.04in,10.0mi,SSE,9.2mph,  -,N/A,	,Overcast

7:51 PM,50.0°F,30.0°F,46%,30.04in,10.0mi,North,  -,  -,N/A,	,Overcast

8:51 PM,50.0°F,30.9°F,48%,30.05in,10.0mi,SSE,3.5mph,  -,N/A,	,Overcast

9:51 PM,50.0°F,33.1°F,52%,30.06in,10.0mi,Calm,Calm,  -,N/A,	,Overcast

10:51 PM,50.0°F,36.0°F,59%,30.06in,10.0mi,SSW,3.5mph,  -,N/A,	,Overcast

11:51 PM,48.9°F,36.0°F,61%,30.05in,10.0mi,Calm,Calm,  -,N/A,	,Overcast

