20160802
Time (EDT),Temp.,Dew Point,Humidity,Pressure,Visibility,Wind Dir,Wind Speed,Gust Speed,Precip,Events,Conditions

12:51 AM,71.1°F,62.1°F,73%,30.06in,10.0mi,Variable,5.8mph,  -,N/A,	,Clear

1:51 AM,71.1°F,64.0°F,78%,30.05in,10.0mi,Variable,4.6mph,  -,N/A,	,Overcast

2:51 AM,71.1°F,63.0°F,75%,30.05in,10.0mi,ENE,6.9mph,  -,N/A,	,Overcast

2:59 AM,71.1°F,63.0°F,75%,30.08in,10.0mi,Calm,Calm,  -,N/A,	,Overcast

3:32 AM,71.1°F,63.0°F,75%,30.07in,10.0mi,Variable,3.5mph,  -,N/A,	,Overcast

3:51 AM,71.1°F,63.0°F,75%,30.04in,10.0mi,Variable,3.5mph,  -,N/A,	,Overcast

4:51 AM,71.1°F,63.0°F,75%,30.04in,10.0mi,ENE,5.8mph,  -,N/A,	,Overcast

5:51 AM,71.1°F,61.0°F,70%,30.05in,10.0mi,ENE,6.9mph,  -,N/A,	,Overcast

6:51 AM,71.1°F,63.0°F,75%,30.07in,9.0mi,Variable,4.6mph,  -,N/A,	,Overcast

7:51 AM,72.0°F,62.1°F,71%,30.08in,9.0mi,Variable,5.8mph,  -,N/A,	,Clear

8:41 AM,72.0°F,63.0°F,73%,30.12in,9.0mi,Variable,6.9mph,  -,N/A,	,Overcast

8:51 AM,71.1°F,63.0°F,75%,30.09in,9.0mi,ENE,8.1mph,  -,N/A,	,Overcast

8:59 AM,71.1°F,63.0°F,75%,30.12in,9.0mi,Variable,5.8mph,17.3mph,N/A,	,Mostly Cloudy

9:51 AM,72.0°F,63.0°F,73%,30.10in,9.0mi,ENE,12.7mph,  -,N/A,	,Mostly Cloudy

10:08 AM,72.0°F,63.0°F,73%,30.14in,9.0mi,Variable,5.8mph,  -,N/A,	,Overcast

10:43 AM,72.0°F,61.0°F,68%,30.13in,9.0mi,ENE,16.1mph,  -,N/A,	,Scattered Clouds

10:51 AM,72.0°F,60.1°F,66%,30.11in,9.0mi,East,9.2mph,18.4mph,N/A,	,Partly Cloudy

11:51 AM,75.9°F,61.0°F,60%,30.11in,9.0mi,ENE,11.5mph,  -,N/A,	,Clear

12:51 PM,77.0°F,61.0°F,58%,30.11in,9.0mi,Variable,6.9mph,  -,N/A,	,Partly Cloudy

1:51 PM,75.9°F,62.1°F,62%,30.12in,9.0mi,ENE,8.1mph,  -,N/A,	,Mostly Cloudy

2:51 PM,77.0°F,60.1°F,56%,30.12in,9.0mi,ENE,10.4mph,17.3mph,N/A,	,Mostly Cloudy

3:51 PM,75.0°F,60.1°F,60%,30.12in,9.0mi,ENE,12.7mph,18.4mph,N/A,	,Overcast

4:51 PM,73.9°F,60.1°F,62%,30.11in,9.0mi,Variable,6.9mph,  -,N/A,	,Overcast

5:51 PM,73.9°F,61.0°F,64%,30.12in,9.0mi,North,  -,  -,N/A,	,Mostly Cloudy

6:51 PM,73.0°F,60.1°F,64%,30.11in,9.0mi,ENE,9.2mph,  -,N/A,	,Mostly Cloudy

7:51 PM,72.0°F,61.0°F,68%,30.12in,9.0mi,East,5.8mph,  -,N/A,	,Scattered Clouds

8:51 PM,70.0°F,60.1°F,71%,30.13in,10.0mi,ENE,8.1mph,  -,N/A,	,Clear

9:51 PM,70.0°F,57.0°F,63%,30.14in,10.0mi,Variable,4.6mph,  -,N/A,	,Clear

10:51 PM,69.1°F,55.9°F,63%,30.14in,10.0mi,Variable,3.5mph,  -,N/A,	,Clear

11:51 PM,69.1°F,55.9°F,63%,30.14in,10.0mi,Calm,Calm,  -,N/A,	,Clear

