20160712
Time (EDT),Temp.,Heat Index,Dew Point,Humidity,Pressure,Visibility,Wind Dir,Wind Speed,Gust Speed,Precip,Events,Conditions

12:51 AM,70.0°F,  -,61.0°F,73%,30.09in,10.0mi,Calm,Calm,  -,N/A,	,Clear

1:51 AM,69.1°F,  -,61.0°F,75%,30.09in,10.0mi,Variable,3.5mph,  -,N/A,	,Clear

2:51 AM,69.1°F,  -,61.0°F,75%,30.10in,10.0mi,Calm,Calm,  -,N/A,	,Clear

3:51 AM,69.1°F,  -,61.0°F,75%,30.11in,10.0mi,WSW,5.8mph,  -,N/A,	,Clear

4:51 AM,69.1°F,  -,61.0°F,75%,30.11in,10.0mi,WSW,3.5mph,  -,N/A,	,Clear

5:51 AM,69.1°F,  -,61.0°F,75%,30.13in,10.0mi,Variable,3.5mph,  -,N/A,	,Clear

6:51 AM,71.1°F,  -,61.0°F,70%,30.13in,10.0mi,Variable,3.5mph,  -,N/A,	,Clear

7:51 AM,72.0°F,  -,62.1°F,71%,30.14in,10.0mi,Calm,Calm,  -,N/A,	,Clear

8:51 AM,73.9°F,  -,63.0°F,68%,30.15in,10.0mi,Calm,Calm,  -,N/A,	,Clear

9:51 AM,75.9°F,  -,61.0°F,60%,30.14in,9.0mi,Calm,Calm,  -,N/A,	,Clear

10:51 AM,77.0°F,  -,63.0°F,62%,30.13in,10.0mi,West,5.8mph,  -,N/A,	,Clear

11:51 AM,81.0°F,81.6°F,60.1°F,49%,30.12in,10.0mi,North,  -,  -,N/A,	,Clear

12:51 PM,81.0°F,82.5°F,64.0°F,56%,30.10in,9.0mi,Variable,4.6mph,  -,N/A,	,Partly Cloudy

1:51 PM,80.1°F,81.7°F,64.0°F,58%,30.09in,9.0mi,South,8.1mph,  -,N/A,	,Mostly Cloudy

2:51 PM,80.1°F,81.7°F,64.0°F,58%,30.08in,9.0mi,Variable,3.5mph,  -,N/A,	,Clear

3:51 PM,81.0°F,82.2°F,63.0°F,54%,30.06in,9.0mi,North,  -,  -,N/A,	,Clear

4:51 PM,79.0°F,  -,64.0°F,60%,30.06in,9.0mi,SSE,9.2mph,  -,N/A,	,Clear

5:51 PM,78.1°F,  -,64.0°F,62%,30.06in,10.0mi,Variable,6.9mph,  -,N/A,	,Mostly Cloudy

6:51 PM,75.9°F,  -,64.0°F,67%,30.05in,10.0mi,North,  -,  -,N/A,	,Clear

7:51 PM,75.0°F,  -,63.0°F,66%,30.05in,9.0mi,Variable,5.8mph,  -,N/A,	,Partly Cloudy

8:51 PM,75.0°F,  -,64.0°F,69%,30.05in,10.0mi,Variable,6.9mph,  -,N/A,	,Clear

9:51 PM,73.9°F,  -,64.9°F,73%,30.07in,10.0mi,Variable,5.8mph,  -,N/A,	,Clear

10:51 PM,73.9°F,  -,64.9°F,73%,30.07in,10.0mi,Variable,3.5mph,  -,N/A,	,Clear

11:51 PM,73.0°F,  -,64.0°F,73%,30.07in,10.0mi,Variable,3.5mph,  -,N/A,	,Clear

