20160417
Time (EDT),Temp.,Windchill,Dew Point,Humidity,Pressure,Visibility,Wind Dir,Wind Speed,Gust Speed,Precip,Events,Conditions

12:51 AM,46.9°F,  -,34.0°F,61%,30.46in,10.0mi,Calm,Calm,  -,N/A,	,Clear

1:51 AM,46.9°F,  -,36.0°F,66%,30.43in,10.0mi,WNW,3.5mph,  -,N/A,	,Clear

2:51 AM,46.9°F,  -,36.0°F,66%,30.43in,10.0mi,WNW,3.5mph,  -,N/A,	,Clear

3:51 AM,45.0°F,42.6°F,36.0°F,71%,30.43in,10.0mi,NW,4.6mph,  -,N/A,	,Clear

4:51 AM,46.0°F,44.8°F,36.0°F,68%,30.43in,10.0mi,Variable,3.5mph,  -,N/A,	,Clear

5:51 AM,45.0°F,  -,36.0°F,71%,30.44in,10.0mi,Calm,Calm,  -,N/A,	,Clear

6:51 AM,46.0°F,  -,35.1°F,66%,30.46in,10.0mi,Calm,Calm,  -,N/A,	,Clear

7:51 AM,48.9°F,  -,34.0°F,56%,30.46in,10.0mi,Calm,Calm,  -,N/A,	,Clear

8:51 AM,53.1°F,  -,30.0°F,41%,30.46in,10.0mi,Variable,3.5mph,  -,N/A,	,Clear

9:51 AM,55.9°F,  -,30.0°F,37%,30.46in,10.0mi,Calm,Calm,  -,N/A,	,Clear

10:51 AM,60.1°F,  -,26.1°F,27%,30.45in,10.0mi,ENE,4.6mph,  -,N/A,	,Clear

11:51 AM,64.0°F,  -,25.0°F,23%,30.43in,10.0mi,ENE,3.5mph,  -,N/A,	,Clear

12:51 PM,64.9°F,  -,24.1°F,21%,30.39in,10.0mi,West,3.5mph,  -,N/A,	,Clear

1:51 PM,68.0°F,  -,23.0°F,18%,30.36in,10.0mi,Calm,Calm,  -,N/A,	,Clear

2:51 PM,71.1°F,  -,21.9°F,16%,30.33in,10.0mi,Calm,Calm,  -,N/A,	,Clear

3:51 PM,73.0°F,  -,24.1°F,16%,30.30in,10.0mi,Variable,3.5mph,  -,N/A,	,Clear

4:51 PM,73.9°F,  -,25.0°F,16%,30.28in,10.0mi,Calm,Calm,  -,N/A,	,Clear

5:51 PM,69.1°F,  -,27.0°F,21%,30.27in,10.0mi,South,9.2mph,  -,N/A,	,Clear

6:51 PM,66.0°F,  -,28.9°F,25%,30.27in,10.0mi,South,4.6mph,  -,N/A,	,Clear

7:51 PM,61.0°F,  -,30.9°F,32%,30.27in,10.0mi,SSE,5.8mph,  -,N/A,	,Clear

8:51 PM,57.9°F,  -,30.0°F,35%,30.28in,10.0mi,SSE,5.8mph,  -,N/A,	,Clear

9:51 PM,55.9°F,  -,30.9°F,39%,30.28in,10.0mi,Calm,Calm,  -,N/A,	,Clear

10:51 PM,55.0°F,  -,33.1°F,43%,30.28in,10.0mi,Calm,Calm,  -,N/A,	,Clear

11:51 PM,54.0°F,  -,34.0°F,47%,30.27in,10.0mi,Calm,Calm,  -,N/A,	,Clear

