20160806
Time (EDT),Temp.,Heat Index,Dew Point,Humidity,Pressure,Visibility,Wind Dir,Wind Speed,Gust Speed,Precip,Events,Conditions

12:51 AM,75.0°F,  -,61.0°F,62%,29.86in,10.0mi,North,  -,  -,N/A,	,Clear

1:51 AM,73.0°F,  -,63.0°F,71%,29.85in,10.0mi,Variable,5.8mph,  -,N/A,	,Clear

2:51 AM,73.0°F,  -,64.0°F,73%,29.83in,10.0mi,Variable,6.9mph,  -,N/A,	,Clear

3:51 AM,73.0°F,  -,64.0°F,73%,29.81in,10.0mi,Variable,6.9mph,  -,N/A,	,Partly Cloudy

4:07 AM,73.0°F,  -,64.9°F,76%,29.84in,10.0mi,Variable,5.8mph,  -,N/A,	,Mostly Cloudy

4:17 AM,73.0°F,  -,64.9°F,76%,29.84in,10.0mi,Variable,5.8mph,  -,N/A,	,Scattered Clouds

4:33 AM,73.9°F,  -,64.9°F,73%,29.84in,10.0mi,WSW,6.9mph,  -,N/A,	,Mostly Cloudy

4:51 AM,73.0°F,  -,64.9°F,76%,29.81in,10.0mi,WSW,9.2mph,  -,N/A,	,Overcast

5:04 AM,73.9°F,  -,66.0°F,76%,29.83in,10.0mi,Variable,6.9mph,  -,N/A,	,Mostly Cloudy

5:17 AM,73.9°F,  -,66.0°F,76%,29.83in,10.0mi,Variable,6.9mph,  -,N/A,	,Mostly Cloudy

5:51 AM,73.9°F,  -,66.9°F,79%,29.80in,10.0mi,Variable,6.9mph,  -,N/A,	,Mostly Cloudy

6:05 AM,73.9°F,  -,66.9°F,79%,29.82in,10.0mi,WSW,5.8mph,  -,N/A,	,Overcast

6:18 AM,73.9°F,  -,68.0°F,82%,29.82in,9.0mi,Variable,5.8mph,  -,N/A,	,Overcast

6:51 AM,75.0°F,  -,68.0°F,79%,29.80in,9.0mi,Variable,6.9mph,  -,N/A,	,Overcast

7:51 AM,75.0°F,  -,69.1°F,82%,29.80in,8.0mi,West,5.8mph,  -,N/A,	,Overcast

8:08 AM,75.9°F,  -,69.1°F,79%,29.82in,8.0mi,Variable,6.9mph,  -,N/A,	,Overcast

8:32 AM,75.9°F,  -,70.0°F,82%,29.82in,8.0mi,WSW,6.9mph,  -,N/A,	,Overcast

8:51 AM,75.9°F,  -,70.0°F,82%,29.79in,8.0mi,Variable,4.6mph,  -,N/A,	,Mostly Cloudy

8:59 AM,75.9°F,  -,70.0°F,82%,29.81in,8.0mi,WSW,8.1mph,  -,N/A,	,Scattered Clouds

9:42 AM,78.1°F,  -,71.1°F,79%,29.80in,7.0mi,Variable,5.8mph,17.3mph,N/A,	,Mostly Cloudy

9:51 AM,79.0°F,  -,71.1°F,77%,29.77in,7.0mi,West,10.4mph,  -,N/A,	,Mostly Cloudy

10:23 AM,79.0°F,  -,71.1°F,77%,29.80in,7.0mi,North,  -,  -,N/A,	,Scattered Clouds

10:51 AM,81.0°F,85.2°F,72.0°F,74%,29.77in,7.0mi,Variable,3.5mph,  -,N/A,	,Partly Cloudy

11:51 AM,82.0°F,86.7°F,72.0°F,71%,29.75in,7.0mi,Calm,Calm,  -,N/A,	,Mostly Cloudy

12:51 PM,81.0°F,85.2°F,72.0°F,74%,29.74in,6.0mi,West,8.1mph,  -,N/A,	,Haze

1:51 PM,84.9°F,91.4°F,73.0°F,67%,29.73in,6.0mi,Variable,4.6mph,  -,N/A,	,Haze

2:51 PM,84.9°F,90.1°F,71.1°F,63%,29.70in,6.0mi,West,8.1mph,  -,N/A,	,Haze

3:51 PM,84.9°F,90.1°F,71.1°F,63%,29.69in,7.0mi,Variable,4.6mph,  -,N/A,	,Mostly Cloudy

4:35 PM,82.0°F,87.4°F,73.0°F,74%,29.72in,1.2mi,West,11.5mph,21.9mph,0.01in,Rain,Rain

4:43 PM,75.9°F,  -,72.0°F,87%,29.73in,0.8mi,WNW,9.2mph,21.9mph,0.05in,Rain,Light Rain

4:47 PM,75.2°F,  -,69.8°F,83%,29.73in,2.5mi,WNW,10.4mph,19.6mph,0.05in,Rain,Light Rain

4:51 PM,75.9°F,  -,70.0°F,82%,29.70in,6.0mi,WNW,11.5mph,19.6mph,0.05in,	,Haze

5:51 PM,79.0°F,  -,69.1°F,72%,29.69in,8.0mi,Variable,5.8mph,  -,0.00in,	,Scattered Clouds

6:51 PM,80.1°F,82.9°F,69.1°F,69%,29.69in,8.0mi,Variable,3.5mph,  -,N/A,	,Clear

7:51 PM,80.1°F,82.9°F,69.1°F,69%,29.70in,9.0mi,Calm,Calm,  -,N/A,	,Clear

8:51 PM,80.1°F,82.9°F,69.1°F,69%,29.74in,10.0mi,Variable,3.5mph,  -,N/A,	,Clear

9:51 PM,81.0°F,82.7°F,64.9°F,58%,29.77in,10.0mi,Variable,3.5mph,  -,N/A,	,Clear

10:51 PM,80.1°F,81.1°F,61.0°F,52%,29.77in,10.0mi,Variable,3.5mph,  -,N/A,	,Clear

11:51 PM,78.1°F,  -,59.0°F,52%,29.78in,10.0mi,Calm,Calm,  -,N/A,	,Partly Cloudy

