20160624
Time (EDT),Temp.,Heat Index,Dew Point,Humidity,Pressure,Visibility,Wind Dir,Wind Speed,Gust Speed,Precip,Events,Conditions

12:51 AM,71.1°F,  -,63.0°F,75%,29.88in,8.0mi,Calm,Calm,  -,N/A,	,Clear

1:51 AM,71.1°F,  -,63.0°F,75%,29.89in,6.0mi,NE,4.6mph,  -,N/A,	,Haze

2:51 AM,70.0°F,  -,64.0°F,81%,29.91in,6.0mi,Calm,Calm,  -,N/A,	,Haze

3:51 AM,71.1°F,  -,64.0°F,78%,29.91in,6.0mi,NE,3.5mph,  -,N/A,	,Haze

4:51 AM,69.1°F,  -,61.0°F,75%,29.93in,9.0mi,Variable,4.6mph,  -,N/A,	,Clear

5:51 AM,70.0°F,  -,48.9°F,47%,29.96in,10.0mi,NE,6.9mph,  -,N/A,	,Clear

6:51 AM,70.0°F,  -,52.0°F,53%,29.97in,10.0mi,Variable,6.9mph,  -,N/A,	,Clear

7:51 AM,72.0°F,  -,51.1°F,48%,30.00in,10.0mi,East,10.4mph,17.3mph,N/A,	,Clear

8:51 AM,72.0°F,  -,50.0°F,46%,30.02in,10.0mi,ENE,11.5mph,19.6mph,N/A,	,Clear

9:51 AM,73.0°F,  -,52.0°F,48%,30.04in,10.0mi,ENE,13.8mph,18.4mph,N/A,	,Clear

10:51 AM,75.9°F,  -,51.1°F,42%,30.05in,10.0mi,Variable,6.9mph,  -,N/A,	,Clear

11:51 AM,79.0°F,  -,52.0°F,39%,30.05in,10.0mi,ENE,11.5mph,  -,N/A,	,Clear

12:51 PM,82.0°F,81.3°F,54.0°F,38%,30.04in,10.0mi,ENE,8.1mph,  -,N/A,	,Clear

1:51 PM,82.9°F,81.9°F,54.0°F,37%,30.04in,10.0mi,East,8.1mph,  -,N/A,	,Clear

2:51 PM,82.9°F,82.0°F,55.0°F,38%,30.05in,10.0mi,North,  -,  -,N/A,	,Clear

3:51 PM,82.0°F,81.4°F,55.0°F,39%,30.06in,9.0mi,Variable,4.6mph,  -,N/A,	,Clear

4:51 PM,80.1°F,80.1°F,55.0°F,42%,30.06in,9.0mi,North,  -,  -,N/A,	,Clear

5:51 PM,77.0°F,  -,55.9°F,48%,30.06in,9.0mi,Variable,5.8mph,  -,N/A,	,Clear

6:51 PM,75.9°F,  -,55.9°F,50%,30.07in,9.0mi,Variable,4.6mph,  -,N/A,	,Clear

7:51 PM,73.0°F,  -,57.9°F,59%,30.08in,9.0mi,Variable,3.5mph,  -,N/A,	,Clear

8:51 PM,71.1°F,  -,57.9°F,63%,30.09in,9.0mi,Calm,Calm,  -,N/A,	,Clear

9:51 PM,70.0°F,  -,59.0°F,68%,30.11in,9.0mi,ESE,3.5mph,  -,N/A,	,Clear

10:51 PM,71.1°F,  -,59.0°F,66%,30.11in,9.0mi,Variable,4.6mph,  -,N/A,	,Mostly Cloudy

11:51 PM,69.1°F,  -,57.9°F,68%,30.11in,9.0mi,ENE,6.9mph,  -,N/A,	,Partly Cloudy

