20160506
Time (EDT),Temp.,Dew Point,Humidity,Pressure,Visibility,Wind Dir,Wind Speed,Gust Speed,Precip,Events,Conditions

12:51 AM,52.0°F,43.0°F,71%,29.66in,10.0mi,Variable,6.9mph,17.3mph,N/A,	,Overcast

1:51 AM,52.0°F,42.1°F,69%,29.67in,10.0mi,ENE,12.7mph,20.7mph,N/A,	,Overcast

2:51 AM,50.0°F,43.0°F,77%,29.69in,8.0mi,East,6.9mph,  -,0.00in,Rain,Light Rain

3:25 AM,50.0°F,44.1°F,80%,29.70in,10.0mi,Variable,5.8mph,  -,0.01in,	,Overcast

3:51 AM,48.9°F,45.0°F,86%,29.67in,7.0mi,NE,8.1mph,  -,0.02in,Rain,Light Rain

4:51 AM,48.0°F,45.0°F,89%,29.67in,10.0mi,ENE,6.9mph,  -,0.07in,	,Overcast

5:26 AM,48.9°F,45.0°F,86%,29.71in,9.0mi,ENE,8.1mph,  -,0.00in,Rain,Light Rain

5:51 AM,48.0°F,45.0°F,89%,29.69in,5.0mi,Calm,Calm,  -,0.04in,Rain,Light Rain

6:35 AM,48.0°F,45.0°F,89%,29.70in,2.5mi,NE,9.2mph,  -,0.07in,Rain,Rain

6:42 AM,48.0°F,45.0°F,89%,29.71in,3.0mi,NE,8.1mph,  -,0.08in,Rain,Light Rain

6:51 AM,48.0°F,45.0°F,89%,29.69in,5.0mi,ENE,6.9mph,  -,0.08in,Rain,Light Rain

7:49 AM,48.2°F,44.6°F,87%,29.71in,8.0mi,ENE,9.2mph,  -,0.03in,	,Overcast

7:51 AM,48.0°F,45.0°F,89%,29.69in,9.0mi,ENE,13.8mph,19.6mph,0.03in,	,Overcast

8:09 AM,48.0°F,45.0°F,89%,29.72in,2.5mi,ENE,10.4mph,18.4mph,0.00in,Rain,Rain

8:11 AM,48.0°F,45.0°F,89%,29.72in,1.8mi,ENE,12.7mph,18.4mph,0.01in,Rain,Heavy Rain

8:39 AM,48.0°F,45.0°F,89%,29.72in,3.0mi,ENE,15.0mph,24.2mph,0.12in,Rain,Light Rain

8:51 AM,48.0°F,45.0°F,89%,29.70in,6.0mi,ENE,10.4mph,19.6mph,0.12in,Rain,Light Rain

9:10 AM,48.9°F,45.0°F,86%,29.72in,6.0mi,ENE,15.0mph,25.3mph,0.00in,Rain,Light Rain

9:48 AM,48.2°F,44.6°F,87%,29.70in,10.0mi,East,8.1mph,20.7mph,0.02in,	,Overcast

9:51 AM,48.9°F,46.0°F,90%,29.68in,10.0mi,Variable,5.8mph,  -,0.02in,	,Overcast

9:57 AM,48.9°F,45.0°F,86%,29.72in,1.5mi,ENE,11.5mph,20.7mph,0.01in,Rain,Heavy Rain

10:05 AM,48.0°F,45.0°F,89%,29.72in,0.5mi,ENE,16.1mph,24.2mph,0.09in,Fog,	,

Rain,Heavy Rain,10:11 AM,48.0°F,45.0°F,89%,29.73in,2.5mi,East,11.5mph,24.2mph,0.10in

Rain,Light Rain,10:18 AM,48.0°F,45.0°F,89%,29.72in,8.0mi,ENE,13.8mph,20.7mph,0.10in

Rain,Light Rain,10:29 AM,48.0°F,45.0°F,89%,29.73in,2.5mi,ENE,17.3mph,27.6mph,0.12in

Rain,Light Rain,10:39 AM,48.0°F,45.0°F,89%,29.74in,3.0mi,East,15.0mph,24.2mph,0.12in

Rain,Light Rain,10:51 AM,48.9°F,45.0°F,86%,29.73in,4.0mi,East,8.1mph,19.6mph,0.12in

Rain,Light Rain,11:01 AM,48.0°F,45.0°F,89%,29.76in,1.8mi,East,10.4mph,20.7mph,0.01in

Rain,Light Rain,11:10 AM,48.9°F,46.0°F,90%,29.76in,1.8mi,East,9.2mph,21.9mph,0.02in

Rain,Light Rain,11:14 AM,48.9°F,46.0°F,90%,29.75in,3.0mi,ENE,8.1mph,19.6mph,0.03in

Rain,Light Rain,11:43 AM,48.9°F,45.0°F,86%,29.75in,10.0mi,ENE,8.1mph,19.6mph,0.03in

	,Overcast,11:51 AM,48.9°F,45.0°F,86%,29.73in,10.0mi,ENE,9.2mph,  -,0.03in

	,Overcast,12:38 PM,48.9°F,46.0°F,90%,29.75in,3.0mi,ENE,13.8mph,21.9mph,0.00in

	,Overcast,12:51 PM,50.0°F,46.0°F,86%,29.73in,4.0mi,ENE,9.2mph,18.4mph,0.00in

	,Overcast,1:07 PM,50.0°F,46.0°F,86%,29.75in,2.5mi,East,5.8mph,16.1mph,0.01in

	,Overcast,1:21 PM,50.0°F,46.9°F,89%,29.75in,3.0mi,ENE,10.4mph,  -,0.01in

	,Overcast,1:51 PM,51.1°F,48.0°F,89%,29.73in,6.0mi,East,6.9mph,  -,0.01in

	,Overcast,2:41 PM,52.0°F,48.0°F,86%,29.76in,10.0mi,East,9.2mph,18.4mph,N/A

	,Overcast,2:51 PM,52.0°F,46.9°F,83%,29.73in,10.0mi,North,  -,  -,N/A

	,Overcast,3:51 PM,53.1°F,48.0°F,83%,29.74in,10.0mi,Variable,5.8mph,23.0mph,N/A

	,Overcast,4:51 PM,53.1°F,46.9°F,80%,29.75in,10.0mi,ESE,12.7mph,20.7mph,N/A

	,Overcast,5:51 PM,53.1°F,48.0°F,83%,29.77in,8.0mi,ESE,8.1mph,  -,N/A

	,Overcast,6:02 PM,52.0°F,48.0°F,86%,29.79in,8.0mi,Variable,5.8mph,17.3mph,N/A

	,Overcast,6:51 PM,52.0°F,46.9°F,83%,29.77in,7.0mi,East,10.4mph,16.1mph,N/A

	,Overcast,7:51 PM,51.1°F,46.9°F,86%,29.78in,6.0mi,ENE,8.1mph,  -,N/A

	,Overcast,8:51 PM,50.0°F,46.9°F,89%,29.80in,5.0mi,East,8.1mph,  -,N/A

	,Overcast,9:51 PM,50.0°F,46.0°F,86%,29.81in,7.0mi,ENE,8.1mph,  -,N/A

	,Overcast,10:51 PM,50.0°F,46.0°F,86%,29.82in,7.0mi,ESE,6.9mph,  -,N/A

	,Overcast,11:51 PM,50.0°F,46.0°F,86%,29.82in,8.0mi,Variable,6.9mph,  -,N/A

