20161008
Time (EDT),Temp.,Dew Point,Humidity,Pressure,Visibility,Wind Dir,Wind Speed,Gust Speed,Precip,Events,Conditions

12:51 AM,60.1°F,55.9°F,86%,30.17in,10.0mi,Calm,Calm,  -,N/A,	,Clear

1:51 AM,60.1°F,55.9°F,86%,30.17in,9.0mi,Calm,Calm,  -,N/A,	,Clear

2:51 AM,59.0°F,55.9°F,90%,30.15in,9.0mi,NNE,3.5mph,  -,N/A,	,Clear

3:51 AM,57.9°F,55.0°F,90%,30.15in,9.0mi,NE,3.5mph,  -,N/A,	,Clear

4:51 AM,59.0°F,55.0°F,87%,30.14in,9.0mi,Calm,Calm,  -,N/A,	,Clear

5:51 AM,57.9°F,55.9°F,93%,30.14in,8.0mi,NE,4.6mph,  -,N/A,	,Clear

6:51 AM,59.0°F,55.9°F,90%,30.13in,9.0mi,ENE,3.5mph,  -,N/A,	,Partly Cloudy

7:51 AM,60.1°F,57.0°F,90%,30.13in,7.0mi,Calm,Calm,  -,N/A,	,Clear

8:51 AM,62.1°F,57.0°F,84%,30.13in,8.0mi,ENE,5.8mph,  -,N/A,	,Mostly Cloudy

9:51 AM,64.0°F,57.9°F,80%,30.12in,9.0mi,Variable,4.6mph,  -,N/A,	,Scattered Clouds

10:10 AM,64.0°F,57.9°F,80%,30.14in,9.0mi,East,3.5mph,  -,N/A,	,Mostly Cloudy

10:34 AM,64.9°F,57.9°F,78%,30.14in,9.0mi,Calm,Calm,  -,N/A,	,Partly Cloudy

10:51 AM,66.0°F,59.0°F,78%,30.10in,9.0mi,NE,4.6mph,  -,N/A,	,Partly Cloudy

11:51 AM,66.9°F,60.1°F,79%,30.10in,9.0mi,ENE,3.5mph,  -,N/A,	,Overcast

12:51 PM,68.0°F,60.1°F,76%,30.09in,9.0mi,Calm,Calm,  -,N/A,	,Scattered Clouds

1:07 PM,68.0°F,61.0°F,78%,30.11in,9.0mi,Variable,3.5mph,  -,N/A,	,Mostly Cloudy

1:47 PM,68.0°F,60.8°F,78%,30.09in,8.0mi,Variable,3.5mph,  -,N/A,	,Overcast

1:51 PM,68.0°F,61.0°F,78%,30.06in,7.0mi,ESE,3.5mph,  -,0.00in,Rain,Light Rain

2:51 PM,66.9°F,63.0°F,87%,30.05in,5.0mi,Calm,Calm,  -,0.02in,Rain,Light Rain

3:51 PM,66.9°F,64.0°F,90%,30.01in,5.0mi,Calm,Calm,  -,0.00in,	,Overcast

4:43 PM,66.9°F,64.0°F,90%,30.02in,5.0mi,NE,3.5mph,  -,N/A,	,Mostly Cloudy

4:51 PM,66.9°F,64.0°F,90%,30.00in,5.0mi,NNE,4.6mph,  -,N/A,	,Mostly Cloudy

5:51 PM,66.9°F,64.0°F,90%,30.02in,4.0mi,Calm,Calm,  -,N/A,	,Overcast

6:07 PM,66.9°F,64.0°F,90%,30.06in,5.0mi,Calm,Calm,  -,0.01in,Rain,Light Rain

6:30 PM,66.0°F,64.0°F,93%,30.05in,1.8mi,Calm,Calm,  -,0.03in,Rain,Heavy Rain

6:51 PM,64.9°F,64.0°F,97%,30.03in,1.5mi,Calm,Calm,  -,0.15in,Rain,Light Rain

7:00 PM,64.9°F,64.0°F,97%,30.06in,0.8mi,Variable,3.5mph,  -,0.01in,Rain,Heavy Rain

7:10 PM,66.0°F,64.0°F,93%,30.04in,1.5mi,Calm,Calm,  -,0.04in,Rain,Light Rain

7:17 PM,66.0°F,64.0°F,93%,30.04in,1.2mi,Calm,Calm,  -,0.04in,	,Overcast

7:39 PM,64.9°F,64.0°F,97%,30.04in,3.0mi,Calm,Calm,  -,0.05in,Rain,Light Rain

7:51 PM,64.9°F,63.0°F,93%,30.02in,3.0mi,Calm,Calm,  -,0.06in,Rain,Light Rain

8:51 PM,64.9°F,63.0°F,93%,30.01in,2.0mi,Calm,Calm,  -,0.00in,	,Overcast

9:51 PM,64.9°F,63.0°F,93%,30.01in,3.0mi,SE,5.8mph,  -,N/A,	,Overcast

10:26 PM,64.9°F,63.0°F,93%,30.03in,3.0mi,ESE,3.5mph,  -,N/A,	,Overcast

10:33 PM,64.9°F,63.0°F,93%,30.04in,1.8mi,Calm,Calm,  -,N/A,	,Overcast

10:51 PM,64.9°F,63.0°F,93%,30.01in,3.0mi,Calm,Calm,  -,N/A,	,Overcast

11:07 PM,64.9°F,63.0°F,93%,30.02in,2.5mi,North,3.5mph,  -,N/A,	,Overcast

11:20 PM,64.9°F,63.0°F,93%,30.02in,3.0mi,Variable,4.6mph,  -,N/A,	,Overcast

11:51 PM,64.9°F,63.0°F,93%,29.99in,4.0mi,Calm,Calm,  -,N/A,	,Overcast

