20160412
Time (EDT),Temp.,Windchill,Dew Point,Humidity,Pressure,Visibility,Wind Dir,Wind Speed,Gust Speed,Precip,Events,Conditions

12:51 AM,55.0°F,  -,46.0°F,72%,29.97in,10.0mi,South,10.4mph,  -,N/A,	,Clear

1:51 AM,53.1°F,  -,45.0°F,74%,29.96in,10.0mi,South,4.6mph,  -,N/A,	,Clear

2:51 AM,53.1°F,  -,45.0°F,74%,29.93in,10.0mi,SSE,6.9mph,  -,N/A,	,Clear

3:51 AM,54.0°F,  -,46.0°F,75%,29.91in,10.0mi,Variable,4.6mph,  -,N/A,	,Scattered Clouds

4:51 AM,55.0°F,  -,46.9°F,74%,29.91in,10.0mi,Variable,3.5mph,  -,N/A,	,Clear

5:51 AM,57.0°F,  -,50.0°F,77%,29.91in,8.0mi,Variable,4.6mph,  -,0.01in,Rain,Light Rain

6:51 AM,55.9°F,  -,50.0°F,80%,29.94in,10.0mi,Variable,6.9mph,  -,0.00in,	,Overcast

7:51 AM,55.9°F,  -,51.1°F,84%,29.95in,9.0mi,Variable,4.6mph,  -,0.02in,Rain,Light Rain

8:51 AM,55.9°F,  -,53.1°F,90%,29.95in,4.0mi,Variable,4.6mph,  -,0.09in,Rain,Light Rain

9:51 AM,57.0°F,  -,54.0°F,89%,29.96in,4.0mi,Variable,4.6mph,  -,0.06in,Rain,Light Rain

10:51 AM,46.9°F,  -,39.0°F,74%,30.05in,10.0mi,Variable,6.9mph,25.3mph,0.02in,	,Overcast

11:51 AM,45.0°F,41.8°F,39.0°F,80%,30.06in,7.0mi,WNW,5.8mph,  -,0.00in,Rain,Light Rain

12:51 PM,46.0°F,43.9°F,35.1°F,66%,30.06in,10.0mi,WNW,4.6mph,  -,0.00in,	,Overcast

1:51 PM,48.0°F,  -,34.0°F,58%,30.07in,10.0mi,WNW,5.8mph,  -,N/A,	,Overcast

2:51 PM,55.0°F,  -,35.1°F,47%,30.07in,10.0mi,NW,6.9mph,  -,N/A,	,Clear

3:51 PM,57.0°F,  -,28.9°F,34%,30.07in,10.0mi,Variable,6.9mph,18.4mph,N/A,	,Clear

4:51 PM,57.0°F,  -,26.1°F,30%,30.08in,10.0mi,Variable,4.6mph,18.4mph,N/A,	,Clear

5:51 PM,57.0°F,  -,26.1°F,30%,30.12in,10.0mi,NW,6.9mph,  -,N/A,	,Clear

6:51 PM,54.0°F,  -,23.0°F,30%,30.14in,10.0mi,North,9.2mph,18.4mph,N/A,	,Clear

7:51 PM,52.0°F,  -,19.9°F,28%,30.19in,10.0mi,North,  -,  -,N/A,	,Clear

8:51 PM,48.2°F,  -,21.2°F,34%,30.23in,10.0mi,Variable,4.6mph,  -,N/A,	,Clear

9:51 PM,46.9°F,  -,30.0°F,52%,30.31in,10.0mi,Variable,3.5mph,  -,N/A,	,Clear

10:51 PM,46.0°F,43.1°F,21.0°F,37%,30.28in,10.0mi,Variable,5.8mph,17.3mph,N/A,	,Clear

11:51 PM,46.0°F,43.1°F,19.0°F,34%,30.29in,10.0mi,NNE,5.8mph,  -,N/A,	,Clear

