20161017
Time (EDT),Temp.,Heat Index,Dew Point,Humidity,Pressure,Visibility,Wind Dir,Wind Speed,Gust Speed,Precip,Events,Conditions

12:51 AM,64.0°F,  -,55.9°F,75%,30.02in,10.0mi,Variable,4.6mph,  -,N/A,	,Overcast

1:51 AM,63.0°F,  -,55.9°F,78%,30.00in,9.0mi,Variable,3.5mph,  -,N/A,	,Clear

2:51 AM,64.0°F,  -,55.9°F,75%,29.98in,9.0mi,Variable,6.9mph,  -,N/A,	,Scattered Clouds

3:51 AM,64.0°F,  -,57.0°F,78%,29.97in,9.0mi,West,3.5mph,  -,N/A,	,Partly Cloudy

4:51 AM,63.0°F,  -,57.0°F,81%,29.96in,9.0mi,North,  -,  -,N/A,	,Scattered Clouds

5:51 AM,63.0°F,  -,57.0°F,81%,29.96in,8.0mi,Variable,3.5mph,  -,N/A,	,Mostly Cloudy

6:51 AM,63.0°F,  -,57.0°F,81%,29.96in,8.0mi,West,3.5mph,  -,N/A,	,Overcast

7:51 AM,64.0°F,  -,57.9°F,80%,29.96in,7.0mi,WSW,3.5mph,  -,N/A,	,Mostly Cloudy

8:51 AM,64.0°F,  -,57.9°F,80%,29.97in,6.0mi,West,3.5mph,  -,N/A,	,Haze

9:51 AM,66.9°F,  -,59.0°F,76%,29.96in,6.0mi,Calm,Calm,  -,N/A,	,Haze

10:51 AM,72.0°F,  -,60.1°F,66%,29.96in,7.0mi,WSW,4.6mph,  -,N/A,	,Overcast

11:51 AM,75.0°F,  -,59.0°F,57%,29.95in,7.0mi,Calm,Calm,  -,N/A,	,Partly Cloudy

12:51 PM,79.0°F,  -,60.1°F,52%,29.92in,9.0mi,Calm,Calm,  -,N/A,	,Partly Cloudy

1:51 PM,80.1°F,80.9°F,60.1°F,50%,29.89in,8.0mi,Variable,5.8mph,  -,N/A,	,Mostly Cloudy

2:51 PM,79.0°F,  -,60.1°F,52%,29.88in,9.0mi,Variable,3.5mph,  -,N/A,	,Clear

3:51 PM,79.0°F,  -,59.0°F,50%,29.87in,9.0mi,WNW,4.6mph,  -,N/A,	,Mostly Cloudy

4:51 PM,77.0°F,  -,60.1°F,56%,29.86in,9.0mi,Calm,Calm,  -,N/A,	,Clear

5:51 PM,75.9°F,  -,60.1°F,58%,29.86in,9.0mi,Calm,Calm,  -,N/A,	,Clear

6:51 PM,75.0°F,  -,60.1°F,60%,29.88in,10.0mi,West,3.5mph,  -,N/A,	,Clear

7:51 PM,75.0°F,  -,59.0°F,57%,29.89in,10.0mi,Calm,Calm,  -,N/A,	,Clear

8:51 PM,73.9°F,  -,59.0°F,59%,29.90in,10.0mi,Variable,3.5mph,  -,N/A,	,Clear

9:51 PM,73.0°F,  -,59.0°F,61%,29.90in,10.0mi,WSW,3.5mph,  -,N/A,	,Clear

10:51 PM,73.0°F,  -,59.0°F,61%,29.91in,10.0mi,Calm,Calm,  -,N/A,	,Clear

11:51 PM,71.1°F,  -,60.1°F,68%,29.91in,9.0mi,Calm,Calm,  -,N/A,	,Mostly Cloudy

