20161109
Time (EST),Temp.,Dew Point,Humidity,Pressure,Visibility,Wind Dir,Wind Speed,Gust Speed,Precip,Events,Conditions

12:51 AM,59.0°F,34.0°F,39%,29.89in,10.0mi,Variable,3.5mph,  -,N/A,	,Clear

1:51 AM,59.0°F,34.0°F,39%,29.88in,10.0mi,West,3.5mph,  -,N/A,	,Clear

2:51 AM,57.0°F,35.1°F,44%,29.86in,10.0mi,WNW,4.6mph,  -,N/A,	,Clear

3:51 AM,57.0°F,36.0°F,45%,29.86in,10.0mi,West,3.5mph,  -,N/A,	,Scattered Clouds

4:51 AM,57.0°F,36.0°F,45%,29.84in,10.0mi,WNW,4.6mph,  -,N/A,	,Scattered Clouds

5:51 AM,57.0°F,36.0°F,45%,29.81in,10.0mi,Variable,3.5mph,  -,N/A,	,Clear

6:51 AM,55.9°F,37.0°F,49%,29.85in,10.0mi,Variable,3.5mph,  -,N/A,	,Scattered Clouds

7:51 AM,57.0°F,37.9°F,49%,29.86in,9.0mi,Calm,Calm,  -,N/A,	,Partly Cloudy

8:51 AM,57.0°F,39.0°F,51%,29.85in,9.0mi,Calm,Calm,  -,N/A,	,Overcast

9:51 AM,55.0°F,45.0°F,69%,29.86in,8.0mi,Calm,Calm,  -,0.00in,	,Overcast

10:51 AM,54.0°F,46.0°F,75%,29.85in,7.0mi,North,  -,  -,N/A,	,Overcast

11:51 AM,54.0°F,50.0°F,86%,29.83in,4.0mi,WNW,3.5mph,  -,0.01in,Rain,Light Rain

12:51 PM,54.0°F,50.0°F,86%,29.81in,3.0mi,Calm,Calm,  -,0.02in,Rain,Light Rain

1:32 PM,54.0°F,52.0°F,93%,29.83in,2.5mi,Calm,Calm,  -,0.01in,	,Overcast

1:41 PM,54.0°F,51.1°F,90%,29.83in,3.0mi,Calm,Calm,  -,0.01in,	,Overcast

1:51 PM,54.0°F,51.1°F,90%,29.80in,4.0mi,Calm,Calm,  -,0.01in,	,Overcast

2:51 PM,54.0°F,51.1°F,90%,29.80in,4.0mi,Variable,3.5mph,  -,0.00in,	,Overcast

3:51 PM,54.0°F,51.1°F,90%,29.81in,4.0mi,Calm,Calm,  -,N/A,	,Overcast

4:37 PM,55.0°F,51.1°F,86%,29.84in,6.0mi,Variable,5.8mph,  -,N/A,	,Overcast

4:51 PM,55.0°F,51.1°F,86%,29.82in,6.0mi,Calm,Calm,  -,N/A,	,Overcast

5:51 PM,54.0°F,51.1°F,90%,29.85in,4.0mi,NNE,4.6mph,  -,0.00in,Rain,Light Rain

6:12 PM,54.0°F,50.0°F,86%,29.88in,6.0mi,Variable,3.5mph,  -,0.01in,	,Overcast

6:51 PM,53.1°F,48.9°F,86%,29.87in,5.0mi,Variable,5.8mph,  -,0.01in,Rain,Light Rain

7:51 PM,51.1°F,46.0°F,83%,29.89in,10.0mi,Variable,6.9mph,  -,0.01in,	,Overcast

8:22 PM,51.1°F,46.0°F,83%,29.93in,10.0mi,Calm,Calm,  -,N/A,	,Overcast

8:51 PM,51.1°F,44.1°F,77%,29.91in,10.0mi,NNE,9.2mph,18.4mph,N/A,	,Overcast

9:51 PM,50.0°F,42.1°F,74%,29.92in,10.0mi,North,9.2mph,  -,N/A,	,Overcast

10:27 PM,50.0°F,42.1°F,74%,29.96in,10.0mi,NNE,8.1mph,18.4mph,N/A,	,Overcast

10:51 PM,50.0°F,42.1°F,74%,29.94in,10.0mi,Variable,4.6mph,  -,N/A,	,Overcast

11:51 PM,48.9°F,41.0°F,74%,29.94in,10.0mi,Variable,6.9mph,  -,N/A,	,Overcast

