20161108
Time (EST),Temp.,Windchill,Dew Point,Humidity,Pressure,Visibility,Wind Dir,Wind Speed,Gust Speed,Precip,Events,Conditions

12:51 AM,46.9°F,  -,28.0°F,48%,30.29in,10.0mi,Variable,3.5mph,  -,N/A,	,Clear

1:51 AM,44.1°F,42.5°F,28.9°F,55%,30.27in,10.0mi,WNW,3.5mph,  -,N/A,	,Clear

2:51 AM,44.1°F,42.5°F,28.9°F,55%,30.26in,10.0mi,WNW,3.5mph,  -,N/A,	,Clear

3:51 AM,43.0°F,  -,30.0°F,60%,30.25in,10.0mi,Calm,Calm,  -,N/A,	,Clear

4:51 AM,43.0°F,40.3°F,30.0°F,60%,30.24in,10.0mi,WNW,4.6mph,  -,N/A,	,Clear

5:51 AM,42.1°F,  -,30.9°F,65%,30.23in,10.0mi,Calm,Calm,  -,N/A,	,Clear

6:51 AM,42.1°F,40.2°F,30.9°F,65%,30.22in,10.0mi,WNW,3.5mph,  -,N/A,	,Clear

7:51 AM,44.1°F,41.5°F,33.1°F,65%,30.21in,10.0mi,NW,4.6mph,  -,N/A,	,Clear

8:51 AM,48.0°F,  -,30.9°F,52%,30.19in,10.0mi,Calm,Calm,  -,N/A,	,Clear

9:51 AM,51.1°F,  -,30.9°F,46%,30.18in,10.0mi,WNW,4.6mph,  -,N/A,	,Clear

10:51 AM,55.9°F,  -,30.9°F,39%,30.17in,10.0mi,Calm,Calm,  -,N/A,	,Clear

11:51 AM,60.1°F,  -,32.0°F,35%,30.13in,10.0mi,NW,3.5mph,  -,N/A,	,Clear

12:51 PM,63.0°F,  -,32.0°F,31%,30.09in,10.0mi,Calm,Calm,  -,N/A,	,Clear

1:51 PM,64.9°F,  -,33.1°F,31%,30.06in,10.0mi,West,3.5mph,  -,N/A,	,Clear

2:51 PM,66.0°F,  -,33.1°F,29%,30.04in,10.0mi,Calm,Calm,  -,N/A,	,Clear

3:51 PM,64.9°F,  -,33.1°F,31%,30.02in,10.0mi,Variable,4.6mph,  -,N/A,	,Clear

4:51 PM,62.1°F,  -,33.1°F,34%,30.01in,10.0mi,Calm,Calm,  -,N/A,	,Clear

5:51 PM,61.0°F,  -,34.0°F,36%,30.00in,10.0mi,Calm,Calm,  -,N/A,	,Clear

6:51 PM,61.0°F,  -,30.9°F,32%,29.99in,10.0mi,WSW,6.9mph,  -,N/A,	,Clear

7:51 PM,61.0°F,  -,32.0°F,34%,29.98in,10.0mi,Variable,3.5mph,  -,N/A,	,Clear

8:51 PM,60.1°F,  -,32.0°F,35%,29.96in,10.0mi,West,3.5mph,  -,N/A,	,Clear

9:51 PM,60.1°F,  -,32.0°F,35%,29.94in,10.0mi,Variable,3.5mph,  -,N/A,	,Clear

10:51 PM,57.9°F,  -,32.0°F,37%,29.92in,10.0mi,Calm,Calm,  -,N/A,	,Clear

11:51 PM,57.9°F,  -,34.0°F,41%,29.90in,10.0mi,West,4.6mph,  -,N/A,	,Clear

