20160411
Time (EDT),Temp.,Windchill,Dew Point,Humidity,Pressure,Visibility,Wind Dir,Wind Speed,Gust Speed,Precip,Events,Conditions

12:51 AM,43.0°F,  -,28.0°F,56%,30.32in,10.0mi,Calm,Calm,  -,N/A,	,Overcast

1:51 AM,44.1°F,42.5°F,28.9°F,55%,30.29in,10.0mi,Variable,3.5mph,  -,N/A,	,Overcast

2:51 AM,44.1°F,39.0°F,28.0°F,53%,30.28in,10.0mi,South,9.2mph,  -,N/A,	,Overcast

3:51 AM,44.1°F,38.1°F,30.9°F,60%,30.26in,10.0mi,South,11.5mph,20.7mph,N/A,	,Overcast

4:51 AM,45.0°F,41.8°F,30.9°F,58%,30.26in,10.0mi,Variable,5.8mph,18.4mph,N/A,	,Overcast

5:51 AM,45.0°F,41.2°F,32.0°F,60%,30.25in,10.0mi,Variable,6.9mph,17.3mph,N/A,	,Overcast

6:51 AM,46.0°F,42.5°F,33.1°F,61%,30.24in,10.0mi,Variable,6.9mph,  -,N/A,	,Overcast

7:00 AM,  -,  -,  -,N/A%,		-,  -,North,  -,  -,N/A,	,Unknown

7:51 AM,46.9°F,  -,35.1°F,63%,30.23in,10.0mi,South,5.8mph,  -,N/A,	,Overcast

8:51 AM,48.9°F,  -,35.1°F,59%,30.22in,10.0mi,WSW,9.2mph,  -,N/A,	,Overcast

9:51 AM,50.0°F,  -,35.1°F,57%,30.20in,10.0mi,SSW,4.6mph,  -,N/A,	,Overcast

10:51 AM,52.0°F,  -,35.1°F,53%,30.18in,10.0mi,SW,9.2mph,  -,N/A,	,Overcast

11:51 AM,55.0°F,  -,34.0°F,45%,30.16in,10.0mi,SW,4.6mph,  -,N/A,	,Overcast

12:51 PM,61.0°F,  -,34.0°F,36%,30.12in,10.0mi,Variable,5.8mph,  -,N/A,	,Overcast

1:51 PM,61.0°F,  -,32.0°F,34%,30.10in,10.0mi,WSW,9.2mph,18.4mph,N/A,	,Scattered Clouds

2:51 PM,61.0°F,  -,39.0°F,44%,30.07in,10.0mi,South,6.9mph,  -,N/A,	,Clear

3:51 PM,62.1°F,  -,39.0°F,43%,30.04in,10.0mi,South,11.5mph,  -,N/A,	,Clear

4:51 PM,60.1°F,  -,39.0°F,46%,30.02in,10.0mi,Variable,3.5mph,  -,N/A,	,Clear

5:51 PM,57.9°F,  -,41.0°F,53%,30.01in,9.0mi,South,8.1mph,  -,0.00in,Rain,Light Rain

6:51 PM,55.0°F,  -,45.0°F,69%,30.03in,5.0mi,SSE,6.9mph,  -,0.00in,Rain,Light Rain

7:51 PM,55.0°F,  -,45.0°F,69%,30.02in,10.0mi,Variable,4.6mph,  -,0.01in,	,Mostly Cloudy

8:51 PM,57.0°F,  -,44.1°F,62%,30.02in,10.0mi,South,9.2mph,  -,N/A,	,Mostly Cloudy

9:51 PM,55.9°F,  -,44.1°F,64%,30.01in,10.0mi,South,6.9mph,  -,N/A,	,Clear

10:51 PM,55.0°F,  -,45.0°F,69%,30.00in,10.0mi,Variable,3.5mph,  -,N/A,	,Clear

11:51 PM,55.0°F,  -,45.0°F,69%,29.97in,10.0mi,South,5.8mph,  -,N/A,	,Clear

