20160420
Time (EDT),Temp.,Dew Point,Humidity,Pressure,Visibility,Wind Dir,Wind Speed,Gust Speed,Precip,Events,Conditions

12:51 AM,55.0°F,25.0°F,31%,30.17in,10.0mi,Variable,6.9mph,  -,N/A,	,Clear

1:51 AM,53.1°F,25.0°F,34%,30.18in,10.0mi,North,  -,  -,N/A,	,Clear

2:51 AM,53.1°F,23.0°F,31%,30.18in,10.0mi,Variable,4.6mph,  -,N/A,	,Clear

3:51 AM,52.0°F,24.1°F,34%,30.19in,10.0mi,Variable,6.9mph,  -,N/A,	,Clear

4:51 AM,51.1°F,24.1°F,35%,30.19in,10.0mi,WNW,5.8mph,  -,N/A,	,Clear

5:51 AM,50.0°F,24.1°F,36%,30.21in,10.0mi,Variable,3.5mph,  -,N/A,	,Clear

6:51 AM,50.0°F,25.0°F,38%,30.23in,10.0mi,Variable,5.8mph,  -,N/A,	,Clear

7:51 AM,50.9°F,25.0°F,36%,30.25in,10.0mi,North,4.6mph,  -,N/A,	,Clear

8:51 AM,54.0°F,23.0°F,30%,30.26in,10.0mi,NE,10.4mph,  -,N/A,	,Clear

9:51 AM,57.0°F,23.0°F,27%,30.26in,10.0mi,NNE,10.4mph,  -,N/A,	,Clear

10:51 AM,59.0°F,19.0°F,21%,30.27in,10.0mi,NNE,12.7mph,18.4mph,N/A,	,Clear

11:51 AM,62.1°F,18.0°F,18%,30.26in,10.0mi,North,  -,  -,N/A,	,Clear

12:51 PM,64.0°F,16.0°F,16%,30.25in,10.0mi,NNE,8.1mph,  -,N/A,	,Clear

1:51 PM,66.0°F,14.0°F,13%,30.23in,10.0mi,Variable,5.8mph,17.3mph,N/A,	,Clear

2:51 PM,66.0°F,9.0°F,11%,30.22in,10.0mi,ENE,10.4mph,  -,N/A,	,Clear

3:51 PM,66.9°F,8.1°F,10%,30.21in,10.0mi,NNW,6.9mph,  -,N/A,	,Clear

4:51 PM,68.0°F,9.0°F,10%,30.20in,10.0mi,Variable,4.6mph,  -,N/A,	,Clear

5:51 PM,66.9°F,6.1°F,9%,30.19in,10.0mi,Calm,Calm,  -,N/A,	,Clear

6:51 PM,61.0°F,30.0°F,31%,30.19in,10.0mi,Variable,5.8mph,  -,N/A,	,Clear

7:51 PM,57.0°F,25.0°F,29%,30.20in,10.0mi,Variable,5.8mph,  -,N/A,	,Clear

8:51 PM,55.9°F,25.0°F,30%,30.21in,10.0mi,SSW,3.5mph,  -,N/A,	,Clear

9:51 PM,57.0°F,24.1°F,28%,30.21in,10.0mi,Calm,Calm,  -,N/A,	,Clear

10:51 PM,57.0°F,27.0°F,32%,30.22in,10.0mi,Variable,5.8mph,  -,N/A,	,Clear

11:51 PM,54.0°F,27.0°F,35%,30.22in,10.0mi,Variable,4.6mph,  -,N/A,	,Clear

