20161224
Time (EST),Temp.,Windchill,Dew Point,Humidity,Pressure,Visibility,Wind Dir,Wind Speed,Gust Speed,Precip,Events,Conditions

12:51 AM,42.1°F,39.2°F,25.0°F,51%,30.35in,10.0mi,WSW,4.6mph,  -,N/A,	,Clear

1:51 AM,41.0°F,38.0°F,26.1°F,55%,30.34in,10.0mi,Variable,4.6mph,19.6mph,N/A,	,Partly Cloudy

2:51 AM,42.1°F,35.7°F,26.1°F,53%,30.34in,10.0mi,WSW,11.5mph,18.4mph,N/A,	,Mostly Cloudy

3:51 AM,42.1°F,39.2°F,26.1°F,53%,30.28in,10.0mi,SSW,4.6mph,  -,N/A,	,Overcast

4:51 AM,42.1°F,38.4°F,26.1°F,53%,30.27in,10.0mi,Variable,5.8mph,20.7mph,N/A,	,Clear

5:51 AM,42.1°F,39.2°F,27.0°F,55%,30.24in,10.0mi,Variable,4.6mph,  -,N/A,	,Overcast

6:51 AM,39.0°F,34.0°F,32.0°F,76%,30.26in,5.0mi,Variable,6.9mph,  -,0.02in,Rain,Light Rain

7:51 AM,37.9°F,35.5°F,35.1°F,89%,30.22in,5.0mi,Variable,3.5mph,  -,0.07in,Rain,Light Rain

8:07 AM,37.9°F,34.4°F,36.0°F,93%,30.25in,3.0mi,Variable,4.6mph,  -,0.03in,Rain,Light Rain

8:39 AM,39.0°F,34.8°F,36.0°F,89%,30.23in,2.5mi,West,5.8mph,  -,0.06in,Rain,Rain

8:51 AM,39.0°F,36.8°F,36.0°F,89%,30.20in,1.8mi,Variable,3.5mph,  -,0.08in,Rain,Light Rain

9:00 AM,39.0°F,34.0°F,36.0°F,89%,30.23in,2.0mi,WSW,6.9mph,  -,0.01in,Rain,Light Rain

9:16 AM,39.0°F,  -,37.0°F,93%,30.21in,1.8mi,North,  -,  -,0.04in,Rain,Rain

9:40 AM,39.0°F,33.4°F,37.0°F,93%,30.19in,2.5mi,WSW,8.1mph,  -,0.08in,Rain,Light Rain

9:51 AM,39.0°F,35.7°F,37.0°F,93%,30.16in,2.0mi,Variable,4.6mph,  -,0.10in,Rain,Rain

10:02 AM,39.0°F,34.0°F,37.0°F,93%,30.18in,1.5mi,West,6.9mph,  -,0.02in,Rain,Rain

10:11 AM,39.0°F,34.0°F,37.0°F,93%,30.16in,1.2mi,West,6.9mph,  -,0.04in,Rain,Rain

10:51 AM,39.9°F,35.8°F,37.9°F,93%,30.12in,1.5mi,West,5.8mph,  -,0.14in,Rain,Light Rain

11:01 AM,39.9°F,36.7°F,37.9°F,93%,30.14in,2.0mi,Variable,4.6mph,  -,0.01in,Rain,Rain

11:06 AM,39.9°F,  -,37.9°F,93%,30.13in,1.8mi,North,  -,  -,0.01in,Rain,Light Rain

11:28 AM,39.9°F,35.1°F,37.9°F,93%,30.13in,2.5mi,West,6.9mph,  -,0.03in,Rain,Light Rain

11:41 AM,39.9°F,33.9°F,37.9°F,93%,30.11in,1.5mi,WSW,9.2mph,  -,0.04in,Rain,Light Rain

11:51 AM,39.9°F,35.1°F,37.9°F,93%,30.09in,2.5mi,Variable,6.9mph,  -,0.05in,Rain,Light Rain

12:00 PM,39.9°F,  -,39.0°F,97%,30.10in,3.0mi,Calm,Calm,  -,0.00in,Rain,Light Rain

12:42 PM,42.1°F,36.6°F,39.0°F,89%,30.10in,5.0mi,West,9.2mph,  -,0.00in,	,Overcast

12:51 PM,42.1°F,37.7°F,39.0°F,89%,30.08in,4.0mi,Variable,6.9mph,  -,0.00in,Rain,Light Rain

1:04 PM,42.1°F,  -,39.9°F,92%,30.10in,3.0mi,Calm,Calm,  -,0.01in,Rain,Light Rain

1:31 PM,42.1°F,39.2°F,39.9°F,92%,30.09in,6.0mi,Variable,4.6mph,  -,0.01in,	,Overcast

1:41 PM,43.0°F,40.3°F,39.9°F,89%,30.09in,7.0mi,Variable,4.6mph,  -,0.01in,	,Overcast

1:51 PM,43.0°F,38.8°F,39.9°F,89%,30.06in,8.0mi,Variable,6.9mph,  -,0.01in,	,Overcast

2:51 PM,45.0°F,  -,39.9°F,82%,30.07in,10.0mi,Calm,Calm,  -,N/A,	,Clear

3:51 PM,46.0°F,44.8°F,39.9°F,79%,30.10in,10.0mi,Variable,3.5mph,  -,N/A,	,Clear

4:51 PM,46.0°F,44.8°F,39.9°F,79%,30.11in,10.0mi,West,3.5mph,  -,N/A,	,Clear

5:51 PM,44.1°F,42.5°F,39.9°F,85%,30.14in,10.0mi,Variable,3.5mph,  -,N/A,	,Scattered Clouds

6:51 PM,45.0°F,42.6°F,39.9°F,82%,30.16in,10.0mi,Variable,4.6mph,  -,N/A,	,Overcast

7:51 PM,46.0°F,44.8°F,37.9°F,73%,30.19in,10.0mi,Variable,3.5mph,  -,N/A,	,Overcast

8:51 PM,46.0°F,42.5°F,35.1°F,66%,30.21in,10.0mi,WNW,6.9mph,  -,N/A,	,Overcast

9:51 PM,45.0°F,43.5°F,34.0°F,65%,30.24in,10.0mi,Variable,3.5mph,  -,N/A,	,Mostly Cloudy

10:51 PM,44.1°F,40.1°F,33.1°F,65%,30.26in,10.0mi,Variable,6.9mph,  -,N/A,	,Clear

11:51 PM,42.1°F,40.2°F,32.0°F,67%,30.29in,10.0mi,Variable,3.5mph,  -,N/A,	,Clear

