20160310
Time (EST),Temp.,Dew Point,Humidity,Pressure,Visibility,Wind Dir,Wind Speed,Gust Speed,Precip,Events,Conditions

12:51 AM,66.9°F,43.0°F,42%,30.00in,10.0mi,WSW,9.2mph,  -,N/A,	,Clear

1:51 AM,66.9°F,43.0°F,42%,29.99in,10.0mi,WSW,6.9mph,  -,N/A,	,Clear

2:51 AM,66.0°F,43.0°F,43%,29.98in,10.0mi,WSW,4.6mph,  -,N/A,	,Clear

3:51 AM,64.9°F,44.1°F,47%,29.99in,10.0mi,WSW,8.1mph,  -,N/A,	,Clear

4:51 AM,64.9°F,44.1°F,47%,29.99in,10.0mi,Variable,4.6mph,  -,N/A,	,Clear

5:51 AM,64.0°F,44.1°F,48%,30.01in,10.0mi,Variable,3.5mph,  -,N/A,	,Clear

6:51 AM,64.0°F,44.1°F,48%,30.01in,10.0mi,Calm,Calm,  -,N/A,	,Clear

7:51 AM,64.0°F,45.0°F,50%,30.02in,10.0mi,West,4.6mph,  -,N/A,	,Clear

8:51 AM,66.9°F,45.0°F,45%,30.02in,10.0mi,West,3.5mph,  -,N/A,	,Clear

9:51 AM,71.1°F,43.0°F,36%,30.01in,10.0mi,West,4.6mph,  -,N/A,	,Clear

10:51 AM,73.9°F,44.1°F,34%,30.00in,10.0mi,Variable,4.6mph,  -,N/A,	,Clear

11:51 AM,73.9°F,44.1°F,34%,29.98in,10.0mi,Variable,5.8mph,  -,N/A,	,Mostly Cloudy

12:51 PM,75.0°F,45.0°F,34%,29.96in,10.0mi,SW,4.6mph,  -,N/A,	,Mostly Cloudy

1:51 PM,75.9°F,45.0°F,33%,29.93in,10.0mi,SW,5.8mph,  -,N/A,	,Mostly Cloudy

2:51 PM,77.0°F,43.0°F,30%,29.90in,10.0mi,Variable,3.5mph,  -,N/A,	,Clear

3:51 PM,78.1°F,44.1°F,30%,29.89in,8.0mi,West,4.6mph,  -,N/A,	,Scattered Clouds

4:51 PM,77.0°F,45.0°F,32%,29.88in,10.0mi,West,5.8mph,  -,N/A,	,Clear

5:51 PM,75.9°F,46.0°F,35%,29.87in,10.0mi,Variable,5.8mph,  -,N/A,	,Clear

6:51 PM,75.0°F,46.9°F,37%,29.87in,10.0mi,WNW,4.6mph,  -,N/A,	,Scattered Clouds

7:51 PM,75.0°F,48.0°F,38%,29.88in,10.0mi,West,4.6mph,  -,N/A,	,Overcast

8:51 PM,72.0°F,50.0°F,46%,29.89in,10.0mi,WNW,6.9mph,  -,N/A,	,Overcast

9:51 PM,69.1°F,52.0°F,54%,29.89in,10.0mi,Variable,4.6mph,  -,N/A,	,Overcast

10:51 PM,69.1°F,52.0°F,54%,29.87in,10.0mi,WNW,4.6mph,  -,N/A,	,Overcast

11:51 PM,68.0°F,53.1°F,59%,29.88in,10.0mi,West,4.6mph,  -,N/A,	,Overcast

