20160103
Time (EST),Temp.,Windchill,Dew Point,Humidity,Pressure,Visibility,Wind Dir,Wind Speed,Gust Speed,Precip,Events,Conditions

12:51 AM,35.1°F,  -,19.9°F,54%,29.94in,10.0mi,Calm,Calm,  -,N/A,	,Clear

1:51 AM,36.0°F,28.0°F,19.9°F,52%,29.92in,10.0mi,West,11.5mph,  -,N/A,	,Clear

2:51 AM,36.0°F,30.3°F,19.9°F,52%,29.89in,10.0mi,WSW,6.9mph,16.1mph,N/A,	,Clear

3:51 AM,36.0°F,  -,19.9°F,52%,29.86in,10.0mi,North,  -,  -,N/A,	,Clear

4:51 AM,37.0°F,31.6°F,19.9°F,50%,29.86in,10.0mi,Variable,6.9mph,24.2mph,N/A,	,Clear

5:51 AM,36.0°F,32.1°F,19.9°F,52%,29.84in,10.0mi,Variable,4.6mph,  -,N/A,	,Clear

6:51 AM,35.1°F,31.0°F,21.0°F,57%,29.85in,10.0mi,WSW,4.6mph,  -,N/A,	,Clear

7:51 AM,36.0°F,32.1°F,21.0°F,55%,29.85in,10.0mi,Variable,4.6mph,  -,N/A,	,Clear

8:51 AM,37.9°F,30.9°F,21.0°F,51%,29.85in,10.0mi,WSW,10.4mph,17.3mph,N/A,	,Clear

9:51 AM,39.0°F,  -,21.0°F,49%,29.86in,10.0mi,North,  -,  -,N/A,	,Clear

10:51 AM,43.0°F,39.5°F,19.9°F,40%,29.83in,10.0mi,Variable,5.8mph,16.1mph,N/A,	,Clear

11:51 AM,44.1°F,38.1°F,19.0°F,37%,29.81in,10.0mi,WNW,11.5mph,21.9mph,N/A,	,Clear

12:51 PM,44.1°F,  -,19.9°F,38%,29.79in,10.0mi,North,  -,  -,N/A,	,Clear

1:51 PM,44.1°F,39.5°F,21.0°F,40%,29.80in,10.0mi,West,8.1mph,18.4mph,N/A,	,Clear

2:51 PM,42.1°F,36.1°F,21.0°F,43%,29.81in,10.0mi,NW,10.4mph,20.7mph,N/A,	,Mostly Cloudy

3:51 PM,41.0°F,35.2°F,19.9°F,43%,29.82in,10.0mi,West,9.2mph,16.1mph,N/A,	,Clear

4:51 PM,41.0°F,34.3°F,21.0°F,45%,29.84in,10.0mi,WNW,11.5mph,  -,N/A,	,Overcast

5:51 PM,41.0°F,36.4°F,21.0°F,45%,29.86in,10.0mi,WNW,6.9mph,  -,N/A,	,Mostly Cloudy

6:51 PM,39.9°F,33.9°F,21.0°F,47%,29.88in,10.0mi,West,9.2mph,  -,N/A,	,Clear

7:51 PM,39.0°F,33.4°F,21.9°F,50%,29.89in,10.0mi,WNW,8.1mph,  -,N/A,	,Clear

8:51 PM,37.9°F,30.9°F,21.9°F,53%,29.88in,10.0mi,WNW,10.4mph,  -,N/A,	,Clear

9:51 PM,37.0°F,30.4°F,21.9°F,54%,29.88in,10.0mi,West,9.2mph,  -,N/A,	,Clear

10:51 PM,37.0°F,30.4°F,23.0°F,57%,29.89in,10.0mi,West,9.2mph,  -,N/A,	,Partly Cloudy

11:51 PM,36.0°F,30.3°F,23.0°F,59%,29.88in,10.0mi,Variable,6.9mph,  -,N/A,	,Partly Cloudy

