20160329
Time (EDT),Temp.,Windchill,Dew Point,Humidity,Pressure,Visibility,Wind Dir,Wind Speed,Gust Speed,Precip,Events,Conditions

12:51 AM,48.0°F,  -,28.9°F,48%,29.70in,10.0mi,WNW,23.0mph,41.4mph,N/A,	,Overcast

1:51 AM,46.9°F,  -,28.0°F,48%,29.71in,10.0mi,WNW,13.8mph,31.1mph,N/A,	,Mostly Cloudy

2:51 AM,46.0°F,39.9°F,27.0°F,47%,29.73in,10.0mi,WNW,13.8mph,28.8mph,N/A,	,Mostly Cloudy

3:51 AM,45.0°F,39.7°F,28.0°F,52%,29.75in,10.0mi,WNW,10.4mph,32.2mph,N/A,	,Mostly Cloudy

4:51 AM,45.0°F,39.3°F,28.0°F,52%,29.78in,10.0mi,WNW,11.5mph,26.5mph,N/A,	,Overcast

5:51 AM,45.0°F,37.4°F,27.0°F,49%,29.81in,10.0mi,WNW,18.4mph,36.8mph,N/A,	,Mostly Cloudy

6:51 AM,44.1°F,40.1°F,26.1°F,49%,29.85in,10.0mi,Variable,6.9mph,20.7mph,N/A,	,Mostly Cloudy

7:51 AM,44.1°F,37.7°F,25.0°F,47%,29.88in,10.0mi,WNW,12.7mph,25.3mph,N/A,	,Clear

8:51 AM,44.1°F,38.1°F,21.9°F,42%,29.90in,10.0mi,WNW,11.5mph,26.5mph,N/A,	,Clear

9:51 AM,46.0°F,40.2°F,19.9°F,35%,29.92in,10.0mi,WNW,12.7mph,23.0mph,N/A,	,Clear

10:51 AM,48.0°F,  -,18.0°F,30%,29.94in,10.0mi,WNW,8.1mph,26.5mph,N/A,	,Clear

11:51 AM,48.9°F,  -,17.1°F,28%,29.95in,10.0mi,WNW,10.4mph,26.5mph,N/A,	,Clear

12:51 PM,50.0°F,  -,14.0°F,24%,29.96in,10.0mi,NW,16.1mph,33.4mph,N/A,	,Clear

1:51 PM,51.1°F,  -,14.0°F,23%,29.96in,10.0mi,North,  -,  -,N/A,	,Clear

2:51 PM,52.0°F,  -,12.9°F,21%,29.96in,10.0mi,WNW,9.2mph,24.2mph,N/A,	,Clear

3:51 PM,52.0°F,  -,12.0°F,20%,29.98in,10.0mi,NW,10.4mph,23.0mph,N/A,	,Clear

4:51 PM,52.0°F,  -,10.9°F,19%,29.99in,10.0mi,NW,9.2mph,23.0mph,N/A,	,Clear

5:51 PM,50.0°F,  -,10.0°F,20%,30.02in,10.0mi,NW,13.8mph,26.5mph,N/A,	,Clear

6:51 PM,48.9°F,  -,8.1°F,19%,30.06in,10.0mi,NW,11.5mph,26.5mph,N/A,	,Clear

7:51 PM,48.0°F,  -,7.0°F,19%,30.11in,10.0mi,WNW,12.7mph,21.9mph,N/A,	,Clear

8:51 PM,46.0°F,39.6°F,7.0°F,20%,30.15in,10.0mi,NW,15.0mph,25.3mph,N/A,	,Clear

9:51 PM,44.1°F,40.8°F,8.1°F,23%,30.19in,10.0mi,Variable,5.8mph,23.0mph,N/A,	,Clear

10:51 PM,43.0°F,37.7°F,10.0°F,26%,30.21in,10.0mi,NW,9.2mph,20.7mph,N/A,	,Clear

11:51 PM,41.0°F,  -,10.9°F,29%,30.22in,10.0mi,North,  -,  -,N/A,	,Clear

