20160819
Time (EDT),Temp.,Heat Index,Dew Point,Humidity,Pressure,Visibility,Wind Dir,Wind Speed,Gust Speed,Precip,Events,Conditions

12:51 AM,77.0°F,  -,68.0°F,74%,29.94in,10.0mi,Calm,Calm,  -,N/A,	,Clear

1:51 AM,77.0°F,  -,66.9°F,71%,29.93in,10.0mi,Calm,Calm,  -,N/A,	,Partly Cloudy

2:51 AM,77.0°F,  -,66.9°F,71%,29.94in,10.0mi,Calm,Calm,  -,N/A,	,Clear

3:51 AM,75.0°F,  -,68.0°F,79%,29.93in,10.0mi,Calm,Calm,  -,N/A,	,Clear

4:51 AM,75.0°F,  -,68.0°F,79%,29.94in,10.0mi,Calm,Calm,  -,N/A,	,Partly Cloudy

5:51 AM,75.0°F,  -,66.9°F,76%,29.93in,10.0mi,Calm,Calm,  -,N/A,	,Scattered Clouds

6:51 AM,75.0°F,  -,66.9°F,76%,29.95in,8.0mi,Calm,Calm,  -,N/A,	,Mostly Cloudy

7:51 AM,75.9°F,  -,68.0°F,76%,29.96in,8.0mi,NNE,4.6mph,  -,N/A,	,Scattered Clouds

8:51 AM,77.0°F,  -,66.9°F,71%,29.96in,8.0mi,Variable,4.6mph,  -,N/A,	,Clear

9:51 AM,79.0°F,  -,66.0°F,64%,29.96in,9.0mi,Variable,3.5mph,  -,N/A,	,Clear

10:51 AM,81.0°F,83.0°F,66.0°F,60%,29.95in,8.0mi,Variable,5.8mph,  -,N/A,	,Clear

11:51 AM,82.9°F,85.4°F,66.9°F,58%,29.94in,8.0mi,Calm,Calm,  -,N/A,	,Overcast

12:51 PM,84.0°F,86.5°F,66.9°F,56%,29.94in,8.0mi,Variable,4.6mph,  -,N/A,	,Mostly Cloudy

1:51 PM,87.1°F,89.2°F,66.0°F,49%,29.93in,8.0mi,Calm,Calm,  -,N/A,	,Scattered Clouds

2:51 PM,87.1°F,89.2°F,66.0°F,49%,29.92in,8.0mi,Calm,Calm,  -,N/A,	,Scattered Clouds

3:51 PM,84.9°F,86.6°F,64.9°F,51%,29.90in,8.0mi,ENE,4.6mph,  -,N/A,	,Partly Cloudy

4:51 PM,86.0°F,87.3°F,64.0°F,48%,29.90in,8.0mi,ENE,4.6mph,  -,N/A,	,Partly Cloudy

5:51 PM,84.9°F,86.6°F,64.9°F,51%,29.89in,8.0mi,East,6.9mph,  -,N/A,	,Clear

6:51 PM,82.0°F,84.9°F,68.0°F,62%,29.90in,8.0mi,Variable,3.5mph,  -,N/A,	,Mostly Cloudy

7:51 PM,81.0°F,83.3°F,66.9°F,62%,29.91in,8.0mi,South,3.5mph,  -,N/A,	,Scattered Clouds

8:51 PM,79.0°F,  -,66.9°F,66%,29.92in,9.0mi,Variable,3.5mph,  -,N/A,	,Mostly Cloudy

9:51 PM,75.9°F,  -,71.1°F,85%,29.94in,7.0mi,Calm,Calm,  -,0.01in,	,Mostly Cloudy

10:51 PM,77.0°F,  -,70.0°F,79%,29.93in,8.0mi,Variable,3.5mph,  -,N/A,	,Clear

11:51 PM,77.0°F,  -,69.1°F,76%,29.93in,9.0mi,Calm,Calm,  -,N/A,	,Scattered Clouds

