20160529
Time (EDT),Temp.,Heat Index,Dew Point,Humidity,Pressure,Visibility,Wind Dir,Wind Speed,Gust Speed,Precip,Events,Conditions

12:51 AM,77.0°F,  -,57.0°F,50%,30.13in,10.0mi,Variable,4.6mph,  -,N/A,	,Clear

1:51 AM,75.9°F,  -,55.9°F,50%,30.13in,10.0mi,Variable,4.6mph,  -,N/A,	,Clear

2:51 AM,75.0°F,  -,55.0°F,50%,30.13in,10.0mi,Variable,5.8mph,  -,N/A,	,Clear

3:51 AM,73.9°F,  -,55.0°F,52%,30.12in,10.0mi,WSW,3.5mph,  -,N/A,	,Clear

4:51 AM,73.0°F,  -,54.0°F,51%,30.12in,10.0mi,Variable,5.8mph,  -,N/A,	,Clear

5:51 AM,72.0°F,  -,54.0°F,53%,30.13in,9.0mi,Variable,4.6mph,  -,N/A,	,Clear

6:51 AM,73.0°F,  -,55.9°F,55%,30.14in,9.0mi,WSW,8.1mph,17.3mph,N/A,	,Clear

7:51 AM,73.9°F,  -,57.0°F,55%,30.14in,9.0mi,Variable,5.8mph,  -,N/A,	,Clear

8:51 AM,77.0°F,  -,57.0°F,50%,30.14in,9.0mi,Calm,Calm,  -,N/A,	,Clear

9:51 AM,79.0°F,  -,57.9°F,48%,30.14in,8.0mi,Calm,Calm,  -,N/A,	,Clear

10:51 AM,82.0°F,82.4°F,60.1°F,47%,30.13in,8.0mi,Calm,Calm,  -,N/A,	,Clear

11:51 AM,84.0°F,83.8°F,59.0°F,43%,30.12in,8.0mi,North,  -,  -,N/A,	,Clear

12:51 PM,86.0°F,85.4°F,59.0°F,40%,30.11in,8.0mi,Variable,6.9mph,  -,N/A,	,Clear

1:51 PM,84.9°F,85.0°F,61.0°F,44%,30.11in,8.0mi,SSW,8.1mph,  -,N/A,	,Clear

2:51 PM,82.0°F,81.3°F,54.0°F,38%,30.10in,9.0mi,Variable,6.9mph,  -,N/A,	,Clear

3:51 PM,79.0°F,  -,61.0°F,54%,30.08in,9.0mi,Variable,6.9mph,  -,N/A,	,Clear

4:51 PM,77.0°F,  -,63.0°F,62%,30.07in,9.0mi,SSE,6.9mph,  -,N/A,	,Clear

5:51 PM,75.9°F,  -,64.0°F,67%,30.06in,10.0mi,South,9.2mph,21.9mph,N/A,	,Clear

6:51 PM,75.9°F,  -,64.0°F,67%,30.05in,10.0mi,South,9.2mph,17.3mph,N/A,	,Clear

7:51 PM,73.9°F,  -,64.0°F,71%,30.06in,10.0mi,North,  -,  -,N/A,	,Clear

8:51 PM,73.0°F,  -,64.0°F,73%,30.06in,10.0mi,Variable,3.5mph,  -,N/A,	,Clear

9:51 PM,72.0°F,  -,63.0°F,73%,30.06in,10.0mi,SSE,5.8mph,  -,N/A,	,Mostly Cloudy

10:51 PM,71.1°F,  -,63.0°F,75%,30.06in,10.0mi,Variable,3.5mph,  -,N/A,	,Mostly Cloudy

11:51 PM,71.1°F,  -,64.9°F,81%,30.06in,10.0mi,Calm,Calm,  -,0.00in,	,Overcast

