20160507
Time (EDT),Temp.,Dew Point,Humidity,Pressure,Visibility,Wind Dir,Wind Speed,Gust Speed,Precip,Events,Conditions

12:37 AM,50.0°F,46.0°F,86%,29.84in,5.0mi,East,8.1mph,  -,N/A,	,Overcast

12:51 AM,50.0°F,46.9°F,89%,29.82in,4.0mi,East,9.2mph,  -,N/A,	,Overcast

1:51 AM,50.0°F,46.9°F,89%,29.81in,3.0mi,Variable,5.8mph,  -,N/A,	,Overcast

2:16 AM,48.9°F,46.9°F,93%,29.83in,2.0mi,ENE,6.9mph,  -,N/A,	,Overcast

2:46 AM,48.2°F,46.4°F,93%,29.83in,1.8mi,ENE,6.9mph,  -,N/A,	,Overcast

2:51 AM,48.9°F,46.9°F,93%,29.80in,1.8mi,ENE,6.9mph,  -,N/A,	,Overcast

3:06 AM,48.9°F,46.0°F,90%,29.82in,2.0mi,ENE,5.8mph,  -,N/A,	,Overcast

3:18 AM,48.9°F,46.9°F,93%,29.82in,1.5mi,ENE,5.8mph,  -,N/A,	,Overcast

3:43 AM,48.9°F,46.0°F,90%,29.82in,2.0mi,ENE,5.8mph,  -,N/A,	,Overcast

3:51 AM,48.9°F,46.0°F,90%,29.80in,1.8mi,ENE,4.6mph,  -,N/A,	,Overcast

4:00 AM,48.9°F,46.0°F,90%,29.82in,2.5mi,East,6.9mph,  -,N/A,	,Overcast

4:21 AM,48.9°F,46.0°F,90%,29.82in,3.0mi,East,9.2mph,  -,N/A,	,Overcast

4:51 AM,48.9°F,46.0°F,90%,29.80in,4.0mi,Variable,4.6mph,  -,N/A,	,Overcast

5:51 AM,48.0°F,46.0°F,93%,29.80in,5.0mi,ENE,9.2mph,17.3mph,N/A,	,Overcast

6:51 AM,48.9°F,46.0°F,90%,29.80in,8.0mi,ENE,8.1mph,16.1mph,N/A,	,Overcast

7:51 AM,48.9°F,46.9°F,93%,29.81in,8.0mi,East,8.1mph,  -,N/A,	,Overcast

8:03 AM,50.0°F,46.9°F,89%,29.83in,6.0mi,ENE,8.1mph,  -,N/A,	,Overcast

8:16 AM,50.0°F,46.9°F,89%,29.83in,5.0mi,ENE,8.1mph,17.3mph,N/A,	,Overcast

8:51 AM,50.0°F,46.9°F,89%,29.80in,6.0mi,Variable,5.8mph,  -,N/A,	,Overcast

9:51 AM,51.1°F,46.9°F,86%,29.81in,10.0mi,Calm,Calm,  -,N/A,	,Overcast

10:51 AM,52.0°F,46.0°F,80%,29.80in,10.0mi,ESE,5.8mph,  -,N/A,	,Overcast

11:30 AM,53.1°F,46.9°F,80%,29.82in,10.0mi,ENE,5.8mph,  -,N/A,	,Overcast

11:51 AM,54.0°F,48.0°F,80%,29.79in,10.0mi,Variable,4.6mph,  -,N/A,	,Overcast

12:51 PM,55.9°F,48.0°F,75%,29.78in,10.0mi,Variable,4.6mph,  -,N/A,	,Overcast

1:51 PM,55.0°F,46.9°F,74%,29.77in,10.0mi,ENE,5.8mph,  -,N/A,	,Overcast

2:51 PM,57.0°F,46.9°F,69%,29.76in,10.0mi,ESE,8.1mph,  -,N/A,	,Overcast

3:00 PM,57.0°F,46.9°F,69%,29.78in,10.0mi,Variable,4.6mph,  -,N/A,	,Overcast

3:51 PM,57.0°F,46.9°F,69%,29.74in,10.0mi,ENE,4.6mph,  -,N/A,	,Overcast

4:36 PM,57.0°F,46.9°F,69%,29.76in,10.0mi,ENE,4.6mph,  -,N/A,	,Overcast

4:51 PM,57.0°F,48.0°F,72%,29.73in,10.0mi,NNE,3.5mph,  -,N/A,	,Overcast

5:51 PM,57.9°F,46.9°F,67%,29.73in,10.0mi,SSE,3.5mph,  -,N/A,	,Overcast

6:39 PM,59.0°F,48.0°F,67%,29.75in,10.0mi,Calm,Calm,  -,N/A,	,Overcast

6:51 PM,57.9°F,48.0°F,70%,29.73in,8.0mi,Variable,4.6mph,  -,N/A,	,Mostly Cloudy

7:23 PM,57.0°F,48.0°F,72%,29.75in,10.0mi,Calm,Calm,  -,N/A,	,Overcast

7:34 PM,57.0°F,48.0°F,72%,29.75in,10.0mi,Calm,Calm,  -,N/A,	,Overcast

7:51 PM,55.9°F,48.0°F,75%,29.73in,8.0mi,Variable,3.5mph,  -,N/A,	,Overcast

8:24 PM,55.0°F,46.9°F,74%,29.76in,8.0mi,Calm,Calm,  -,N/A,	,Scattered Clouds

8:51 PM,54.0°F,46.9°F,77%,29.73in,8.0mi,Calm,Calm,  -,N/A,	,Clear

9:51 PM,52.0°F,46.9°F,83%,29.74in,8.0mi,Calm,Calm,  -,N/A,	,Clear

10:51 PM,52.0°F,46.9°F,83%,29.74in,8.0mi,Calm,Calm,  -,N/A,	,Partly Cloudy

11:06 PM,52.0°F,46.9°F,83%,29.76in,9.0mi,Calm,Calm,  -,N/A,	,Mostly Cloudy

11:14 PM,52.0°F,46.9°F,83%,29.75in,9.0mi,Variable,3.5mph,  -,N/A,	,Scattered Clouds

11:51 PM,51.1°F,46.0°F,83%,29.73in,10.0mi,Calm,Calm,  -,N/A,	,Partly Cloudy

