20161102
Time (EDT),Temp.,Dew Point,Humidity,Pressure,Visibility,Wind Dir,Wind Speed,Gust Speed,Precip,Events,Conditions

12:51 AM,55.9°F,45.0°F,67%,30.30in,10.0mi,West,3.5mph,  -,N/A,	,Overcast

1:51 AM,55.9°F,45.0°F,67%,30.30in,10.0mi,Variable,5.8mph,  -,N/A,	,Overcast

2:51 AM,55.9°F,46.0°F,69%,30.30in,10.0mi,Variable,5.8mph,  -,N/A,	,Overcast

3:51 AM,55.0°F,46.0°F,72%,30.28in,10.0mi,Variable,4.6mph,  -,N/A,	,Scattered Clouds

4:51 AM,54.0°F,46.0°F,75%,30.26in,10.0mi,Variable,3.5mph,  -,N/A,	,Scattered Clouds

5:51 AM,54.0°F,46.0°F,75%,30.26in,10.0mi,Variable,6.9mph,  -,N/A,	,Partly Cloudy

6:51 AM,54.0°F,46.0°F,75%,30.27in,10.0mi,North,  -,  -,N/A,	,Clear

7:51 AM,54.0°F,46.9°F,77%,30.27in,9.0mi,Variable,4.6mph,  -,N/A,	,Clear

8:51 AM,55.0°F,48.0°F,77%,30.27in,9.0mi,North,  -,  -,N/A,	,Clear

9:51 AM,57.0°F,48.0°F,72%,30.27in,9.0mi,Variable,3.5mph,  -,N/A,	,Clear

10:51 AM,59.0°F,48.9°F,69%,30.25in,9.0mi,Calm,Calm,  -,N/A,	,Clear

11:51 AM,62.1°F,50.0°F,65%,30.24in,9.0mi,Variable,4.6mph,  -,N/A,	,Clear

12:51 PM,64.9°F,51.1°F,61%,30.20in,9.0mi,Variable,6.9mph,  -,N/A,	,Clear

1:51 PM,66.9°F,52.0°F,59%,30.17in,9.0mi,WSW,4.6mph,  -,N/A,	,Clear

2:51 PM,68.0°F,53.1°F,59%,30.15in,9.0mi,Calm,Calm,  -,N/A,	,Clear

3:51 PM,69.1°F,55.0°F,61%,30.14in,9.0mi,Calm,Calm,  -,N/A,	,Clear

4:51 PM,69.1°F,55.0°F,61%,30.13in,9.0mi,Variable,3.5mph,  -,N/A,	,Clear

5:51 PM,68.0°F,55.0°F,63%,30.12in,10.0mi,Calm,Calm,  -,N/A,	,Clear

6:51 PM,68.0°F,55.0°F,63%,30.13in,10.0mi,Variable,3.5mph,  -,N/A,	,Clear

7:51 PM,66.9°F,55.0°F,66%,30.13in,10.0mi,West,3.5mph,  -,N/A,	,Clear

8:51 PM,66.9°F,55.0°F,66%,30.13in,10.0mi,WSW,4.6mph,  -,N/A,	,Clear

9:51 PM,66.0°F,55.0°F,68%,30.12in,10.0mi,WSW,4.6mph,  -,N/A,	,Clear

10:51 PM,64.9°F,55.0°F,70%,30.11in,9.0mi,Calm,Calm,  -,N/A,	,Clear

11:51 PM,64.0°F,55.0°F,73%,30.10in,9.0mi,Calm,Calm,  -,N/A,	,Clear

