20160527
Time (EDT),Temp.,Heat Index,Dew Point,Humidity,Pressure,Visibility,Wind Dir,Wind Speed,Gust Speed,Precip,Events,Conditions

12:51 AM,75.9°F,  -,52.0°F,43%,30.04in,9.0mi,Variable,3.5mph,  -,N/A,	,Clear

1:51 AM,75.0°F,  -,54.0°F,48%,30.06in,9.0mi,WSW,4.6mph,  -,N/A,	,Clear

2:51 AM,73.9°F,  -,54.0°F,50%,30.05in,9.0mi,Variable,3.5mph,  -,N/A,	,Clear

3:51 AM,73.9°F,  -,55.9°F,53%,30.06in,9.0mi,Variable,3.5mph,  -,N/A,	,Clear

4:51 AM,73.9°F,  -,57.0°F,55%,30.06in,9.0mi,Variable,3.5mph,  -,N/A,	,Partly Cloudy

5:51 AM,73.9°F,  -,57.9°F,57%,30.06in,7.0mi,Calm,Calm,  -,N/A,	,Clear

6:51 AM,75.0°F,  -,61.0°F,62%,30.06in,7.0mi,Calm,Calm,  -,N/A,	,Clear

7:51 AM,75.0°F,  -,61.0°F,62%,30.06in,6.0mi,Calm,Calm,  -,N/A,	,Haze

8:51 AM,75.9°F,  -,61.0°F,60%,30.06in,6.0mi,Calm,Calm,  -,N/A,	,Haze

9:51 AM,79.0°F,  -,62.1°F,56%,30.06in,6.0mi,Variable,3.5mph,  -,N/A,	,Haze

10:51 AM,82.0°F,83.0°F,62.1°F,51%,30.06in,6.0mi,Variable,5.8mph,  -,N/A,	,Haze

11:51 AM,84.0°F,84.9°F,63.0°F,49%,30.06in,6.0mi,Variable,3.5mph,  -,N/A,	,Haze

12:51 PM,86.0°F,87.3°F,64.0°F,48%,30.05in,6.0mi,South,4.6mph,  -,N/A,	,Haze

1:51 PM,84.9°F,86.1°F,64.0°F,49%,30.04in,6.0mi,Variable,3.5mph,  -,N/A,	,Haze

2:51 PM,82.0°F,83.1°F,63.0°F,52%,30.03in,6.0mi,Variable,5.8mph,16.1mph,N/A,	,Haze

3:51 PM,79.0°F,  -,62.1°F,56%,30.03in,7.0mi,South,9.2mph,18.4mph,N/A,	,Partly Cloudy

4:51 PM,79.0°F,  -,62.1°F,56%,30.02in,7.0mi,South,8.1mph,18.4mph,N/A,	,Partly Cloudy

5:51 PM,81.0°F,81.9°F,62.1°F,52%,30.00in,7.0mi,Variable,3.5mph,  -,N/A,	,Clear

6:51 PM,80.1°F,81.5°F,63.0°F,56%,30.01in,7.0mi,South,3.5mph,  -,N/A,	,Partly Cloudy

7:51 PM,78.1°F,  -,63.0°F,60%,30.01in,7.0mi,Calm,Calm,  -,N/A,	,Clear

8:51 PM,78.1°F,  -,63.0°F,60%,30.02in,8.0mi,Variable,4.6mph,  -,N/A,	,Partly Cloudy

9:51 PM,78.1°F,  -,63.0°F,60%,30.04in,8.0mi,Variable,5.8mph,  -,N/A,	,Clear

10:51 PM,77.0°F,  -,63.0°F,62%,30.05in,8.0mi,Variable,3.5mph,  -,N/A,	,Clear

11:51 PM,75.9°F,  -,63.0°F,64%,30.06in,8.0mi,Variable,6.9mph,  -,N/A,	,Clear

