20160425
Time (EDT),Temp.,Dew Point,Humidity,Pressure,Visibility,Wind Dir,Wind Speed,Gust Speed,Precip,Events,Conditions

12:51 AM,51.1°F,41.0°F,68%,30.03in,10.0mi,NE,3.5mph,  -,N/A,	,Clear

1:51 AM,51.1°F,39.9°F,66%,30.03in,10.0mi,NE,3.5mph,  -,N/A,	,Clear

2:51 AM,52.0°F,41.0°F,66%,30.02in,10.0mi,ENE,3.5mph,  -,N/A,	,Clear

3:51 AM,53.1°F,41.0°F,64%,30.02in,10.0mi,ENE,3.5mph,  -,N/A,	,Mostly Cloudy

4:51 AM,52.0°F,41.0°F,66%,30.02in,10.0mi,Calm,Calm,  -,N/A,	,Overcast

5:51 AM,53.1°F,37.9°F,57%,30.02in,10.0mi,Calm,Calm,  -,N/A,	,Overcast

6:51 AM,54.0°F,39.0°F,57%,30.03in,10.0mi,NNE,3.5mph,  -,N/A,	,Overcast

7:51 AM,55.0°F,37.9°F,53%,30.04in,10.0mi,Calm,Calm,  -,N/A,	,Overcast

8:51 AM,57.0°F,30.9°F,37%,30.04in,10.0mi,ENE,5.8mph,  -,N/A,	,Mostly Cloudy

9:51 AM,59.0°F,28.9°F,32%,30.03in,10.0mi,Variable,5.8mph,  -,N/A,	,Mostly Cloudy

10:51 AM,61.0°F,30.9°F,32%,30.01in,10.0mi,NE,8.1mph,  -,N/A,	,Partly Cloudy

11:51 AM,64.9°F,32.0°F,29%,29.99in,10.0mi,NE,8.1mph,  -,N/A,	,Clear

12:51 PM,64.9°F,37.9°F,37%,29.97in,10.0mi,ENE,5.8mph,  -,N/A,	,Clear

1:51 PM,64.0°F,36.0°F,35%,29.96in,10.0mi,Variable,5.8mph,  -,N/A,	,Clear

2:51 PM,66.0°F,41.0°F,40%,29.94in,10.0mi,Variable,3.5mph,  -,N/A,	,Clear

3:51 PM,66.0°F,41.0°F,40%,29.92in,10.0mi,Variable,4.6mph,  -,N/A,	,Clear

4:51 PM,66.9°F,42.1°F,40%,29.90in,10.0mi,East,8.1mph,  -,N/A,	,Clear

5:51 PM,66.0°F,44.1°F,45%,29.89in,10.0mi,Variable,5.8mph,  -,N/A,	,Clear

6:51 PM,63.0°F,44.1°F,50%,29.89in,10.0mi,North,  -,  -,N/A,	,Clear

7:51 PM,61.0°F,45.0°F,56%,29.88in,10.0mi,Variable,4.6mph,  -,N/A,	,Clear

8:51 PM,59.0°F,45.0°F,60%,29.90in,10.0mi,Calm,Calm,  -,N/A,	,Clear

9:51 PM,59.0°F,44.1°F,58%,29.89in,10.0mi,Calm,Calm,  -,N/A,	,Clear

10:51 PM,57.9°F,45.0°F,62%,29.86in,10.0mi,SE,5.8mph,  -,N/A,	,Clear

11:51 PM,57.0°F,46.0°F,67%,29.85in,10.0mi,Calm,Calm,  -,N/A,	,Clear

