20160924
Time (EDT),Temp.,Dew Point,Humidity,Pressure,Visibility,Wind Dir,Wind Speed,Gust Speed,Precip,Events,Conditions

12:51 AM,64.9°F,61.0°F,87%,30.01in,5.0mi,Variable,4.6mph,  -,0.00in,Rain,Light Rain

1:04 AM,64.0°F,61.0°F,90%,30.06in,1.8mi,Variable,5.8mph,  -,0.04in,Rain,Heavy Rain

1:10 AM,63.0°F,60.1°F,90%,30.06in,3.0mi,Variable,4.6mph,  -,0.06in,Rain,Light Rain

1:32 AM,62.1°F,59.0°F,90%,30.07in,2.0mi,Variable,3.5mph,  -,0.12in,Rain,Rain

1:46 AM,62.6°F,60.8°F,94%,30.07in,3.0mi,Variable,3.5mph,  -,0.16in,Rain,Rain

1:51 AM,62.1°F,60.1°F,93%,30.04in,4.0mi,Variable,4.6mph,  -,0.18in,Rain,Light Rain

2:10 AM,62.1°F,59.0°F,90%,30.06in,10.0mi,NNE,10.4mph,21.9mph,0.00in,	,Overcast

2:51 AM,62.1°F,59.0°F,90%,30.04in,10.0mi,ENE,8.1mph,  -,0.00in,	,Overcast

3:51 AM,61.0°F,55.9°F,83%,30.04in,10.0mi,Variable,5.8mph,19.6mph,N/A,	,Overcast

4:51 AM,60.1°F,54.0°F,80%,30.05in,10.0mi,Variable,5.8mph,17.3mph,0.00in,Rain,Light Rain

5:51 AM,59.0°F,55.0°F,87%,30.07in,10.0mi,Variable,6.9mph,  -,0.03in,	,Overcast

6:35 AM,59.0°F,55.0°F,87%,30.11in,10.0mi,NE,8.1mph,  -,N/A,	,Overcast

6:51 AM,59.0°F,55.0°F,87%,30.09in,9.0mi,Variable,6.9mph,  -,N/A,	,Overcast

7:51 AM,57.9°F,55.0°F,90%,30.12in,4.0mi,Variable,4.6mph,  -,N/A,	,Overcast

8:47 AM,59.0°F,53.6°F,82%,30.15in,10.0mi,Variable,6.9mph,18.4mph,N/A,	,Overcast

8:51 AM,59.0°F,53.1°F,81%,30.12in,10.0mi,Variable,3.5mph,18.4mph,N/A,	,Overcast

9:31 AM,60.1°F,53.1°F,78%,30.15in,10.0mi,NNE,8.1mph,  -,N/A,	,Overcast

9:48 AM,60.8°F,51.8°F,72%,30.16in,10.0mi,Variable,6.9mph,  -,N/A,	,Overcast

9:51 AM,60.1°F,52.0°F,75%,30.13in,10.0mi,Variable,6.9mph,  -,N/A,	,Overcast

10:11 AM,60.1°F,52.0°F,75%,30.16in,10.0mi,Variable,6.9mph,  -,N/A,	,Overcast

10:51 AM,61.0°F,52.0°F,72%,30.14in,10.0mi,Variable,4.6mph,  -,N/A,	,Overcast

11:51 AM,64.9°F,51.1°F,61%,30.13in,10.0mi,Variable,4.6mph,  -,N/A,	,Overcast

12:51 PM,68.0°F,48.0°F,49%,30.12in,10.0mi,ENE,6.9mph,  -,N/A,	,Clear

1:51 PM,71.1°F,45.0°F,39%,30.10in,10.0mi,North,8.1mph,  -,N/A,	,Clear

2:51 PM,70.0°F,43.0°F,38%,30.09in,10.0mi,Variable,4.6mph,  -,N/A,	,Clear

3:51 PM,70.0°F,43.0°F,38%,30.08in,10.0mi,ENE,6.9mph,  -,N/A,	,Clear

4:51 PM,69.1°F,42.1°F,38%,30.07in,10.0mi,ENE,8.1mph,  -,N/A,	,Clear

5:51 PM,68.0°F,42.1°F,39%,30.08in,10.0mi,Variable,6.9mph,  -,N/A,	,Clear

6:51 PM,66.0°F,43.0°F,43%,30.09in,10.0mi,Variable,4.6mph,  -,N/A,	,Clear

7:51 PM,63.0°F,45.0°F,52%,30.11in,10.0mi,Calm,Calm,  -,N/A,	,Clear

8:51 PM,63.0°F,43.0°F,48%,30.13in,10.0mi,NE,4.6mph,  -,N/A,	,Clear

9:51 PM,64.0°F,43.0°F,46%,30.14in,10.0mi,Calm,Calm,  -,N/A,	,Clear

10:51 PM,61.0°F,44.1°F,54%,30.15in,10.0mi,Calm,Calm,  -,N/A,	,Clear

11:51 PM,61.0°F,44.1°F,54%,30.15in,10.0mi,Variable,3.5mph,  -,N/A,	,Clear

