20160402
Time (EDT),Temp.,Dew Point,Humidity,Pressure,Visibility,Wind Dir,Wind Speed,Gust Speed,Precip,Events,Conditions

12:51 AM,61.0°F,42.1°F,50%,29.64in,10.0mi,Calm,Calm,  -,N/A,	,Mostly Cloudy

1:51 AM,60.1°F,39.9°F,47%,29.65in,10.0mi,Variable,5.8mph,  -,N/A,	,Mostly Cloudy

2:51 AM,57.9°F,42.1°F,56%,29.65in,10.0mi,NNE,5.8mph,  -,0.00in,Rain,Light Rain

3:51 AM,55.9°F,42.1°F,60%,29.65in,10.0mi,NE,4.6mph,  -,0.00in,	,Overcast

4:51 AM,54.0°F,44.1°F,69%,29.64in,10.0mi,NE,6.9mph,  -,0.00in,	,Overcast

5:51 AM,54.0°F,44.1°F,69%,29.62in,10.0mi,ENE,5.8mph,  -,N/A,	,Overcast

7:51 AM,54.0°F,43.0°F,66%,29.60in,10.0mi,Calm,Calm,  -,N/A,	,Overcast

8:00 AM,54.0°F,44.1°F,69%,29.62in,10.0mi,ENE,5.8mph,  -,N/A,	,Overcast

8:01 AM,54.0°F,43.0°F,66%,29.60in,10.0mi,Calm,Calm,  -,N/A,	,Overcast

8:02 AM,54.0°F,43.0°F,66%,29.60in,10.0mi,Calm,Calm,  -,N/A,	,Overcast

8:04 AM,54.0°F,43.0°F,66%,29.60in,10.0mi,Calm,Calm,  -,N/A,	,Overcast

8:06 AM,54.0°F,43.0°F,66%,29.60in,10.0mi,Calm,Calm,  -,N/A,	,Overcast

8:22 AM,54.0°F,43.0°F,66%,29.60in,10.0mi,Calm,Calm,  -,N/A,	,Overcast

8:24 AM,54.0°F,43.0°F,66%,29.60in,10.0mi,Calm,Calm,  -,N/A,	,Overcast

8:26 AM,54.0°F,43.0°F,66%,29.60in,10.0mi,Calm,Calm,  -,N/A,	,Overcast

8:51 AM,52.0°F,45.0°F,77%,29.62in,8.0mi,Calm,Calm,  -,0.02in,Rain,Light Rain

9:51 AM,50.0°F,44.1°F,80%,29.61in,4.0mi,Calm,Calm,  -,0.07in,Rain,Light Rain

10:51 AM,48.9°F,43.0°F,80%,29.62in,4.0mi,West,5.8mph,  -,0.05in,Rain,Light Rain

11:51 AM,51.1°F,45.0°F,80%,29.56in,10.0mi,Calm,Calm,  -,0.01in,	,Overcast

12:51 PM,51.1°F,42.1°F,71%,29.52in,10.0mi,Calm,Calm,  -,N/A,	,Overcast

1:51 PM,52.0°F,37.9°F,59%,29.47in,10.0mi,North,  -,  -,N/A,	,Overcast

2:51 PM,55.0°F,39.0°F,55%,29.44in,10.0mi,North,  -,  -,N/A,	,Partly Cloudy

3:51 PM,54.0°F,39.9°F,59%,29.38in,10.0mi,Variable,4.6mph,  -,N/A,	,Mostly Cloudy

4:51 PM,55.0°F,37.0°F,51%,29.35in,10.0mi,WSW,8.1mph,  -,N/A,	,Scattered Clouds

5:51 PM,55.0°F,37.9°F,53%,29.36in,10.0mi,Variable,5.8mph,16.1mph,N/A,	,Mostly Cloudy

6:51 PM,52.0°F,43.0°F,71%,29.35in,10.0mi,Variable,3.5mph,  -,N/A,	,Partly Cloudy

7:51 PM,50.0°F,43.0°F,77%,29.35in,10.0mi,South,9.2mph,  -,N/A,	,Mostly Cloudy

8:51 PM,50.0°F,44.1°F,80%,29.36in,10.0mi,North,  -,  -,N/A,	,Mostly Cloudy

9:51 PM,51.1°F,43.0°F,74%,29.36in,10.0mi,South,8.1mph,19.6mph,N/A,	,Clear

