20160418
Time (EDT),Temp.,Dew Point,Humidity,Pressure,Visibility,Wind Dir,Wind Speed,Gust Speed,Precip,Events,Conditions

12:51 AM,52.0°F,35.1°F,53%,30.27in,10.0mi,NE,3.5mph,  -,N/A,	,Clear

1:51 AM,52.0°F,34.0°F,50%,30.25in,10.0mi,Calm,Calm,  -,N/A,	,Clear

2:51 AM,53.1°F,34.0°F,48%,30.23in,10.0mi,Calm,Calm,  -,N/A,	,Clear

3:51 AM,52.0°F,34.0°F,50%,30.22in,10.0mi,WNW,3.5mph,  -,N/A,	,Clear

4:51 AM,51.1°F,35.1°F,54%,30.23in,10.0mi,ENE,3.5mph,  -,N/A,	,Clear

5:51 AM,52.0°F,34.0°F,50%,30.22in,10.0mi,Calm,Calm,  -,N/A,	,Clear

6:51 AM,52.0°F,34.0°F,50%,30.23in,10.0mi,Calm,Calm,  -,N/A,	,Clear

7:51 AM,59.0°F,34.0°F,39%,30.24in,10.0mi,Calm,Calm,  -,N/A,	,Clear

8:51 AM,64.9°F,32.0°F,29%,30.24in,10.0mi,Variable,3.5mph,  -,N/A,	,Clear

9:51 AM,68.0°F,28.0°F,22%,30.23in,10.0mi,Variable,3.5mph,  -,N/A,	,Clear

10:51 AM,72.0°F,27.0°F,19%,30.21in,10.0mi,ENE,6.9mph,  -,N/A,	,Clear

11:51 AM,73.9°F,28.0°F,18%,30.20in,10.0mi,Variable,4.6mph,  -,N/A,	,Clear

12:51 PM,78.1°F,28.9°F,17%,30.19in,10.0mi,Variable,6.9mph,  -,N/A,	,Clear

1:51 PM,78.1°F,26.1°F,15%,30.16in,10.0mi,Calm,Calm,  -,N/A,	,Clear

2:51 PM,81.0°F,27.0°F,14%,30.14in,10.0mi,Calm,Calm,  -,N/A,	,Clear

3:51 PM,81.0°F,26.1°F,13%,30.12in,10.0mi,Variable,5.8mph,  -,N/A,	,Clear

4:51 PM,77.0°F,30.0°F,18%,30.11in,10.0mi,South,6.9mph,  -,N/A,	,Clear

5:51 PM,75.0°F,30.9°F,20%,30.10in,10.0mi,South,10.4mph,  -,N/A,	,Clear

6:51 PM,71.1°F,27.0°F,19%,30.09in,10.0mi,North,  -,  -,N/A,	,Clear

7:51 PM,66.0°F,30.0°F,26%,30.09in,10.0mi,South,9.2mph,  -,N/A,	,Clear

8:51 PM,64.0°F,30.9°F,29%,30.10in,10.0mi,Variable,3.5mph,  -,N/A,	,Clear

9:51 PM,64.9°F,28.9°F,26%,30.09in,10.0mi,Calm,Calm,  -,N/A,	,Clear

10:51 PM,64.9°F,30.0°F,27%,30.09in,10.0mi,West,5.8mph,  -,N/A,	,Clear

11:51 PM,64.9°F,26.1°F,23%,30.07in,10.0mi,WSW,10.4mph,16.1mph,N/A,	,Clear

