20161112
Time (EST),Temp.,Windchill,Dew Point,Humidity,Pressure,Visibility,Wind Dir,Wind Speed,Gust Speed,Precip,Events,Conditions

12:51 AM,39.9°F,  -,19.0°F,43%,30.18in,10.0mi,North,  -,  -,N/A,	,Clear

1:51 AM,39.9°F,34.5°F,18.0°F,41%,30.20in,10.0mi,North,8.1mph,  -,N/A,	,Clear

2:51 AM,39.0°F,33.4°F,18.0°F,43%,30.22in,10.0mi,North,8.1mph,  -,N/A,	,Clear

3:51 AM,37.9°F,  -,19.0°F,47%,30.22in,10.0mi,Calm,Calm,  -,N/A,	,Clear

4:51 AM,37.9°F,33.5°F,19.0°F,47%,30.25in,10.0mi,Variable,5.8mph,  -,N/A,	,Clear

5:51 AM,37.0°F,34.5°F,19.0°F,48%,30.27in,10.0mi,Variable,3.5mph,  -,N/A,	,Clear

6:51 AM,37.0°F,34.5°F,19.9°F,50%,30.30in,10.0mi,Variable,3.5mph,  -,N/A,	,Clear

7:51 AM,37.0°F,31.0°F,19.9°F,50%,30.31in,10.0mi,North,8.1mph,  -,N/A,	,Clear

9:51 AM,41.0°F,37.1°F,18.0°F,40%,30.33in,10.0mi,WNW,5.8mph,  -,N/A,	,Clear

10:51 AM,43.0°F,39.5°F,18.0°F,37%,30.32in,10.0mi,Variable,5.8mph,  -,N/A,	,Clear

11:51 AM,45.0°F,42.6°F,18.0°F,34%,30.30in,10.0mi,WNW,4.6mph,  -,N/A,	,Clear

12:51 PM,46.9°F,  -,19.0°F,33%,30.27in,10.0mi,Variable,4.6mph,  -,N/A,	,Clear

1:51 PM,48.9°F,  -,19.9°F,32%,30.25in,10.0mi,North,  -,  -,N/A,	,Clear

2:51 PM,48.9°F,  -,21.0°F,33%,30.24in,10.0mi,Calm,Calm,  -,N/A,	,Clear

3:51 PM,50.0°F,  -,19.9°F,31%,30.22in,10.0mi,West,9.2mph,  -,N/A,	,Clear

4:51 PM,48.9°F,  -,21.0°F,33%,30.21in,10.0mi,Variable,3.5mph,  -,N/A,	,Clear

5:51 PM,48.9°F,  -,21.0°F,33%,30.21in,10.0mi,West,5.8mph,  -,N/A,	,Clear

6:51 PM,46.9°F,  -,23.0°F,39%,30.21in,10.0mi,Variable,3.5mph,  -,N/A,	,Clear

7:51 PM,46.9°F,  -,21.9°F,37%,30.21in,10.0mi,West,5.8mph,  -,N/A,	,Clear

8:51 PM,46.9°F,  -,21.0°F,36%,30.20in,10.0mi,West,8.1mph,  -,N/A,	,Clear

9:51 PM,45.0°F,41.8°F,23.0°F,42%,30.19in,10.0mi,West,5.8mph,  -,N/A,	,Clear

10:51 PM,45.0°F,43.5°F,23.0°F,42%,30.18in,10.0mi,Variable,3.5mph,  -,N/A,	,Clear

11:51 PM,44.1°F,40.8°F,21.9°F,42%,30.17in,10.0mi,WSW,5.8mph,  -,N/A,	,Clear

