20160929
Time (EDT),Temp.,Dew Point,Humidity,Pressure,Visibility,Wind Dir,Wind Speed,Gust Speed,Precip,Events,Conditions

12:51 AM,57.0°F,53.1°F,87%,30.25in,9.0mi,ENE,11.5mph,20.7mph,N/A,	,Overcast

1:28 AM,57.0°F,54.0°F,89%,30.28in,3.0mi,ENE,9.2mph,17.3mph,N/A,	,Overcast

1:51 AM,57.0°F,54.0°F,89%,30.26in,6.0mi,ENE,9.2mph,19.6mph,N/A,	,Overcast

2:15 AM,57.9°F,54.0°F,87%,30.28in,9.0mi,North,  -,  -,N/A,	,Overcast

2:51 AM,59.0°F,55.0°F,87%,30.25in,10.0mi,ENE,8.1mph,17.3mph,N/A,	,Overcast

3:51 AM,60.1°F,54.0°F,80%,30.26in,10.0mi,ENE,10.4mph,18.4mph,N/A,	,Overcast

4:44 AM,60.1°F,54.0°F,80%,30.31in,10.0mi,East,8.1mph,21.9mph,N/A,	,Overcast

4:51 AM,61.0°F,54.0°F,78%,30.29in,10.0mi,ENE,13.8mph,19.6mph,N/A,	,Overcast

5:51 AM,61.0°F,53.1°F,75%,30.30in,10.0mi,East,9.2mph,19.6mph,N/A,	,Overcast

6:51 AM,60.1°F,53.1°F,78%,30.31in,10.0mi,ENE,11.5mph,17.3mph,N/A,	,Overcast

7:51 AM,60.1°F,52.0°F,75%,30.32in,9.0mi,East,15.0mph,25.3mph,N/A,	,Overcast

8:51 AM,60.1°F,52.0°F,75%,30.33in,9.0mi,ENE,16.1mph,23.0mph,N/A,	,Overcast

9:51 AM,60.1°F,52.0°F,75%,30.35in,9.0mi,East,17.3mph,31.1mph,N/A,	,Overcast

10:51 AM,61.0°F,53.1°F,75%,30.36in,9.0mi,ENE,9.2mph,24.2mph,N/A,	,Overcast

11:51 AM,61.0°F,53.1°F,75%,30.37in,10.0mi,East,9.2mph,21.9mph,N/A,	,Overcast

12:51 PM,62.1°F,53.1°F,72%,30.37in,10.0mi,East,8.1mph,21.9mph,N/A,	,Overcast

1:51 PM,63.0°F,52.0°F,67%,30.36in,10.0mi,North,  -,  -,N/A,	,Overcast

2:51 PM,63.0°F,52.0°F,67%,30.36in,10.0mi,East,10.4mph,19.6mph,N/A,	,Overcast

3:51 PM,64.0°F,52.0°F,65%,30.35in,10.0mi,ENE,15.0mph,23.0mph,N/A,	,Overcast

4:01 PM,64.0°F,52.0°F,65%,30.37in,10.0mi,Variable,6.9mph,19.6mph,N/A,	,Mostly Cloudy

4:51 PM,64.0°F,52.0°F,65%,30.34in,9.0mi,ENE,9.2mph,17.3mph,N/A,	,Overcast

5:51 PM,63.0°F,52.0°F,67%,30.34in,9.0mi,ESE,9.2mph,17.3mph,N/A,	,Mostly Cloudy

6:51 PM,63.0°F,52.0°F,67%,30.35in,10.0mi,ESE,10.4mph,18.4mph,N/A,	,Mostly Cloudy

7:51 PM,62.1°F,52.0°F,70%,30.36in,10.0mi,East,8.1mph,24.2mph,N/A,	,Mostly Cloudy

8:51 PM,62.1°F,52.0°F,70%,30.37in,10.0mi,Variable,6.9mph,16.1mph,N/A,	,Overcast

9:51 PM,61.0°F,51.1°F,70%,30.38in,10.0mi,ENE,11.5mph,24.2mph,N/A,	,Overcast

10:51 PM,60.1°F,52.0°F,75%,30.36in,10.0mi,ENE,10.4mph,27.6mph,N/A,	,Overcast

11:51 PM,60.1°F,52.0°F,75%,30.36in,10.0mi,ENE,18.4mph,26.5mph,N/A,	,Overcast

