20160309
Time (EST),Temp.,Windchill,Dew Point,Humidity,Pressure,Visibility,Wind Dir,Wind Speed,Gust Speed,Precip,Events,Conditions

12:51 AM,46.9°F,  -,39.9°F,77%,30.12in,6.0mi,SE,3.5mph,  -,N/A,	,Haze

1:51 AM,46.9°F,  -,39.9°F,77%,30.13in,5.0mi,NE,3.5mph,  -,N/A,	,Haze

2:51 AM,46.0°F,  -,39.9°F,79%,30.13in,5.0mi,Calm,Calm,  -,N/A,	,Haze

3:51 AM,46.0°F,  -,39.0°F,76%,30.13in,5.0mi,Calm,Calm,  -,N/A,	,Haze

4:51 AM,45.0°F,43.5°F,39.0°F,80%,30.14in,5.0mi,ENE,3.5mph,  -,N/A,	,Haze

5:51 AM,45.0°F,  -,39.0°F,80%,30.14in,5.0mi,Calm,Calm,  -,N/A,	,Haze

6:51 AM,45.0°F,43.5°F,39.0°F,80%,30.15in,4.0mi,NE,3.5mph,  -,N/A,	,Haze

7:51 AM,48.9°F,  -,39.9°F,71%,30.15in,5.0mi,Calm,Calm,  -,N/A,	,Haze

8:51 AM,55.0°F,  -,41.0°F,59%,30.14in,5.0mi,Calm,Calm,  -,N/A,	,Haze

9:51 AM,59.0°F,  -,39.0°F,48%,30.13in,6.0mi,Calm,Calm,  -,N/A,	,Haze

10:51 AM,64.9°F,  -,39.0°F,39%,30.10in,5.0mi,Calm,Calm,  -,N/A,	,Haze

11:51 AM,69.1°F,  -,39.9°F,35%,30.08in,4.0mi,North,  -,  -,N/A,	,Haze

12:51 PM,73.9°F,  -,37.9°F,27%,30.04in,8.0mi,Variable,5.8mph,  -,N/A,	,Clear

1:51 PM,75.9°F,  -,39.0°F,26%,30.02in,7.0mi,Variable,5.8mph,  -,N/A,	,Clear

2:51 PM,73.0°F,  -,39.9°F,30%,30.01in,9.0mi,Calm,Calm,  -,N/A,	,Clear

3:51 PM,71.1°F,  -,39.9°F,32%,29.99in,10.0mi,Variable,3.5mph,  -,N/A,	,Clear

4:51 PM,72.0°F,  -,41.0°F,33%,29.99in,10.0mi,Calm,Calm,  -,N/A,	,Clear

5:51 PM,69.1°F,  -,41.0°F,36%,30.00in,10.0mi,Calm,Calm,  -,N/A,	,Clear

6:51 PM,72.0°F,  -,37.9°F,29%,29.99in,10.0mi,Calm,Calm,  -,N/A,	,Clear

7:51 PM,71.1°F,  -,39.0°F,31%,29.99in,10.0mi,Variable,3.5mph,  -,N/A,	,Clear

8:51 PM,72.0°F,  -,36.0°F,27%,30.00in,10.0mi,Variable,5.8mph,17.3mph,N/A,	,Clear

9:51 PM,70.0°F,  -,37.9°F,31%,30.02in,10.0mi,North,  -,  -,N/A,	,Clear

10:51 PM,69.1°F,  -,39.9°F,35%,30.01in,10.0mi,Variable,3.5mph,  -,N/A,	,Clear

11:51 PM,69.1°F,  -,42.1°F,38%,30.00in,10.0mi,WSW,8.1mph,  -,N/A,	,Clear

