20161231
Time (EST),Temp.,Windchill,Dew Point,Humidity,Pressure,Visibility,Wind Dir,Wind Speed,Gust Speed,Precip,Events,Conditions

12:51 AM,33.1°F,30.0°F,18.0°F,54%,29.99in,10.0mi,Variable,3.5mph,  -,N/A,	,Clear

1:51 AM,33.1°F,25.5°F,17.1°F,52%,30.03in,10.0mi,West,9.2mph,18.4mph,N/A,	,Clear

2:51 AM,32.0°F,26.4°F,17.1°F,54%,30.06in,10.0mi,Variable,5.8mph,  -,N/A,	,Clear

3:51 AM,32.0°F,24.2°F,17.1°F,54%,30.08in,10.0mi,SW,9.2mph,19.6mph,N/A,	,Partly Cloudy

4:51 AM,32.0°F,24.8°F,18.0°F,56%,30.09in,10.0mi,WSW,8.1mph,20.7mph,N/A,	,Overcast

5:51 AM,32.0°F,25.6°F,17.1°F,54%,30.12in,10.0mi,Variable,6.9mph,  -,N/A,	,Overcast

6:51 AM,32.0°F,23.0°F,16.0°F,52%,30.13in,10.0mi,WSW,11.5mph,21.9mph,N/A,	,Clear

7:51 AM,32.0°F,25.6°F,16.0°F,52%,30.14in,10.0mi,WSW,6.9mph,  -,N/A,	,Clear

8:51 AM,34.0°F,28.8°F,18.0°F,52%,30.15in,10.0mi,Variable,5.8mph,  -,N/A,	,Clear

9:51 AM,35.1°F,31.0°F,18.0°F,50%,30.15in,10.0mi,WSW,4.6mph,  -,N/A,	,Partly Cloudy

10:51 AM,37.0°F,  -,19.0°F,48%,30.12in,10.0mi,North,  -,  -,N/A,	,Clear

11:51 AM,39.0°F,33.4°F,19.9°F,46%,30.09in,10.0mi,South,8.1mph,  -,N/A,	,Clear

12:51 PM,42.1°F,37.7°F,19.9°F,41%,30.05in,10.0mi,Variable,6.9mph,  -,N/A,	,Clear

1:51 PM,42.1°F,40.2°F,18.0°F,38%,30.02in,10.0mi,Variable,3.5mph,  -,N/A,	,Clear

2:51 PM,43.0°F,  -,17.1°F,35%,29.98in,10.0mi,North,  -,  -,N/A,	,Clear

3:51 PM,43.0°F,  -,23.0°F,45%,29.97in,10.0mi,North,  -,  -,N/A,	,Scattered Clouds

4:51 PM,43.0°F,37.7°F,25.0°F,49%,29.97in,10.0mi,SSW,9.2mph,19.6mph,N/A,	,Scattered Clouds

5:51 PM,43.0°F,  -,26.1°F,51%,29.95in,10.0mi,North,  -,  -,N/A,	,Partly Cloudy

6:51 PM,43.0°F,38.8°F,26.1°F,51%,29.94in,10.0mi,WSW,6.9mph,  -,N/A,	,Overcast

7:51 PM,43.0°F,40.3°F,24.1°F,47%,29.94in,10.0mi,Variable,4.6mph,  -,N/A,	,Overcast

8:51 PM,43.0°F,38.2°F,24.1°F,47%,29.91in,10.0mi,WSW,8.1mph,24.2mph,N/A,	,Overcast

9:51 PM,43.0°F,39.5°F,23.0°F,45%,29.90in,10.0mi,Variable,5.8mph,18.4mph,N/A,	,Overcast

10:51 PM,44.1°F,39.0°F,23.0°F,43%,29.90in,10.0mi,WSW,9.2mph,  -,N/A,	,Overcast

11:51 PM,44.1°F,41.5°F,24.1°F,45%,29.89in,10.0mi,Variable,4.6mph,16.1mph,N/A,	,Overcast

