20161029
Time (EDT),Temp.,Windchill,Dew Point,Humidity,Pressure,Visibility,Wind Dir,Wind Speed,Gust Speed,Precip,Events,Conditions

12:51 AM,42.1°F,  -,32.0°F,67%,30.21in,10.0mi,Calm,Calm,  -,N/A,	,Clear

1:51 AM,42.1°F,  -,32.0°F,67%,30.21in,10.0mi,Calm,Calm,  -,N/A,	,Clear

2:51 AM,41.0°F,  -,33.1°F,73%,30.20in,10.0mi,Calm,Calm,  -,N/A,	,Clear

3:51 AM,41.0°F,  -,32.0°F,70%,30.19in,10.0mi,Calm,Calm,  -,N/A,	,Clear

4:51 AM,41.0°F,39.0°F,32.0°F,70%,30.19in,10.0mi,WNW,3.5mph,  -,N/A,	,Clear

5:51 AM,39.9°F,37.8°F,32.0°F,73%,30.20in,10.0mi,West,3.5mph,  -,N/A,	,Clear

6:51 AM,39.0°F,36.8°F,32.0°F,76%,30.19in,10.0mi,West,3.5mph,  -,N/A,	,Clear

7:51 AM,41.0°F,  -,32.0°F,70%,30.19in,10.0mi,Calm,Calm,  -,N/A,	,Clear

8:51 AM,45.0°F,  -,32.0°F,60%,30.18in,10.0mi,Calm,Calm,  -,N/A,	,Clear

9:51 AM,48.0°F,  -,33.1°F,56%,30.16in,10.0mi,Variable,3.5mph,  -,N/A,	,Clear

10:51 AM,48.9°F,  -,32.0°F,52%,30.12in,10.0mi,Variable,5.8mph,16.1mph,N/A,	,Clear

11:51 AM,52.0°F,  -,35.1°F,53%,30.09in,10.0mi,Variable,4.6mph,  -,N/A,	,Clear

12:51 PM,55.9°F,  -,36.0°F,47%,30.04in,10.0mi,WSW,6.9mph,  -,N/A,	,Clear

1:51 PM,59.0°F,  -,39.0°F,48%,30.00in,10.0mi,North,  -,  -,N/A,	,Clear

2:51 PM,61.0°F,  -,39.9°F,46%,29.96in,10.0mi,Variable,4.6mph,  -,N/A,	,Clear

3:51 PM,62.1°F,  -,43.0°F,50%,29.94in,10.0mi,Variable,5.8mph,  -,N/A,	,Clear

4:51 PM,62.1°F,  -,44.1°F,52%,29.91in,10.0mi,WSW,8.1mph,  -,N/A,	,Clear

5:51 PM,62.1°F,  -,45.0°F,53%,29.90in,10.0mi,Variable,4.6mph,  -,N/A,	,Clear

6:51 PM,61.0°F,  -,46.0°F,58%,29.90in,10.0mi,Variable,4.6mph,  -,N/A,	,Clear

7:51 PM,62.1°F,  -,46.0°F,56%,29.90in,10.0mi,North,  -,  -,N/A,	,Scattered Clouds

8:51 PM,63.0°F,  -,46.9°F,56%,29.91in,10.0mi,Variable,5.8mph,  -,N/A,	,Mostly Cloudy

9:51 PM,64.0°F,  -,48.0°F,56%,29.92in,10.0mi,West,8.1mph,  -,N/A,	,Overcast

10:51 PM,63.0°F,  -,48.9°F,60%,29.91in,10.0mi,Variable,6.9mph,19.6mph,N/A,	,Overcast

11:51 PM,63.0°F,  -,50.0°F,63%,29.90in,10.0mi,Variable,6.9mph,  -,N/A,	,Mostly Cloudy

