20160326
Time (EDT),Temp.,Windchill,Dew Point,Humidity,Pressure,Visibility,Wind Dir,Wind Speed,Gust Speed,Precip,Events,Conditions

12:51 AM,44.1°F,40.1°F,32.0°F,63%,30.08in,10.0mi,Variable,6.9mph,  -,N/A,	,Clear

1:51 AM,43.0°F,38.8°F,30.0°F,60%,30.09in,10.0mi,Variable,6.9mph,  -,N/A,	,Clear

2:51 AM,39.9°F,32.5°F,28.9°F,65%,30.13in,10.0mi,NE,12.7mph,17.3mph,N/A,	,Mostly Cloudy

3:27 AM,41.0°F,35.2°F,28.0°F,60%,30.17in,10.0mi,NE,9.2mph,  -,N/A,	,Overcast

3:51 AM,41.0°F,35.2°F,28.0°F,60%,30.16in,10.0mi,NE,9.2mph,  -,N/A,	,Overcast

4:42 AM,39.9°F,32.9°F,27.0°F,60%,30.20in,10.0mi,NE,11.5mph,19.6mph,N/A,	,Scattered Clouds

4:51 AM,39.9°F,34.5°F,26.1°F,58%,30.18in,10.0mi,NE,8.1mph,19.6mph,N/A,	,Partly Cloudy

5:51 AM,39.0°F,32.8°F,25.0°F,57%,30.21in,10.0mi,NNE,9.2mph,19.6mph,N/A,	,Clear

6:51 AM,37.9°F,30.9°F,25.0°F,60%,30.24in,10.0mi,NE,10.4mph,16.1mph,N/A,	,Clear

7:51 AM,39.0°F,34.0°F,25.0°F,57%,30.27in,10.0mi,Variable,6.9mph,  -,N/A,	,Clear

8:51 AM,41.0°F,35.2°F,26.1°F,55%,30.28in,10.0mi,ENE,9.2mph,  -,N/A,	,Clear

9:51 AM,43.0°F,  -,26.1°F,51%,30.30in,10.0mi,North,  -,  -,N/A,	,Clear

10:51 AM,45.0°F,42.6°F,27.0°F,49%,30.33in,10.0mi,East,4.6mph,  -,N/A,	,Clear

11:51 AM,48.9°F,  -,28.9°F,46%,30.33in,10.0mi,Variable,5.8mph,  -,N/A,	,Clear

12:51 PM,50.0°F,  -,28.9°F,44%,30.33in,10.0mi,ENE,8.1mph,  -,N/A,	,Clear

1:51 PM,54.0°F,  -,30.0°F,40%,30.31in,10.0mi,East,6.9mph,  -,N/A,	,Clear

2:51 PM,54.0°F,  -,30.9°F,41%,30.29in,10.0mi,Variable,6.9mph,  -,N/A,	,Clear

3:51 PM,53.1°F,  -,32.0°F,45%,30.30in,10.0mi,Variable,4.6mph,  -,N/A,	,Mostly Cloudy

4:51 PM,48.9°F,  -,34.0°F,56%,30.33in,10.0mi,SSW,4.6mph,  -,N/A,	,Overcast

5:51 PM,46.9°F,  -,34.0°F,61%,30.36in,10.0mi,Variable,5.8mph,18.4mph,N/A,	,Partly Cloudy

6:51 PM,45.0°F,  -,34.0°F,65%,30.36in,10.0mi,Calm,Calm,  -,N/A,	,Clear

7:51 PM,44.1°F,40.1°F,34.0°F,68%,30.36in,10.0mi,Variable,6.9mph,18.4mph,N/A,	,Clear

8:49 PM,44.6°F,  -,35.6°F,71%,30.40in,10.0mi,North,  -,  -,N/A,	,Mostly Cloudy

8:51 PM,44.1°F,  -,35.1°F,71%,30.38in,10.0mi,North,  -,  -,N/A,	,Mostly Cloudy

9:41 PM,43.0°F,40.3°F,34.0°F,71%,30.42in,10.0mi,South,4.6mph,  -,N/A,	,Scattered Clouds

9:51 PM,43.0°F,  -,34.0°F,71%,30.39in,10.0mi,Calm,Calm,  -,N/A,	,Partly Cloudy

10:51 PM,43.0°F,38.8°F,35.1°F,74%,30.40in,10.0mi,SSE,6.9mph,  -,N/A,	,Clear

11:51 PM,44.1°F,42.5°F,35.1°F,71%,30.39in,10.0mi,Variable,3.5mph,  -,N/A,	,Mostly Cloudy

