20161103
Time (EDT),Temp.,Dew Point,Humidity,Pressure,Visibility,Wind Dir,Wind Speed,Gust Speed,Precip,Events,Conditions

12:51 AM,64.0°F,55.0°F,73%,30.09in,8.0mi,Calm,Calm,  -,N/A,	,Mostly Cloudy

1:51 AM,63.0°F,55.0°F,75%,30.08in,8.0mi,Calm,Calm,  -,N/A,	,Clear

2:51 AM,63.0°F,55.0°F,75%,30.06in,7.0mi,Calm,Calm,  -,N/A,	,Mostly Cloudy

3:51 AM,62.1°F,55.0°F,78%,30.04in,7.0mi,WSW,3.5mph,  -,N/A,	,Clear

4:51 AM,61.0°F,55.0°F,81%,30.02in,6.0mi,Variable,3.5mph,  -,N/A,	,Haze

5:51 AM,62.1°F,55.0°F,78%,29.99in,6.0mi,WSW,5.8mph,  -,N/A,	,Haze

6:51 AM,60.1°F,55.0°F,83%,29.97in,6.0mi,WSW,5.8mph,  -,N/A,	,Haze

7:51 AM,62.1°F,55.9°F,80%,29.96in,5.0mi,WSW,4.6mph,  -,N/A,	,Haze

8:51 AM,64.0°F,55.9°F,75%,29.96in,5.0mi,WSW,5.8mph,  -,N/A,	,Haze

9:51 AM,64.0°F,55.9°F,75%,29.94in,5.0mi,Variable,6.9mph,  -,N/A,	,Haze

10:51 AM,66.0°F,55.0°F,68%,29.91in,6.0mi,West,9.2mph,  -,N/A,	,Haze

11:51 AM,66.9°F,55.0°F,66%,29.90in,6.0mi,Variable,3.5mph,  -,N/A,	,Haze

12:51 PM,68.0°F,55.9°F,65%,29.86in,7.0mi,Variable,6.9mph,  -,N/A,	,Mostly Cloudy

1:51 PM,71.1°F,55.0°F,57%,29.84in,9.0mi,West,10.4mph,24.2mph,N/A,	,Mostly Cloudy

2:51 PM,72.0°F,55.9°F,57%,29.84in,9.0mi,Variable,6.9mph,  -,N/A,	,Scattered Clouds

3:51 PM,72.0°F,55.0°F,55%,29.84in,10.0mi,Variable,4.6mph,  -,N/A,	,Scattered Clouds

4:51 PM,71.1°F,55.0°F,57%,29.85in,10.0mi,Variable,5.8mph,  -,N/A,	,Overcast

5:51 PM,66.9°F,48.9°F,52%,29.89in,10.0mi,Variable,6.9mph,  -,N/A,	,Clear

6:51 PM,64.0°F,46.9°F,54%,29.92in,10.0mi,Calm,Calm,  -,N/A,	,Clear

7:51 PM,63.0°F,46.0°F,54%,29.94in,10.0mi,North,5.8mph,  -,N/A,	,Scattered Clouds

8:51 PM,60.1°F,43.0°F,53%,29.96in,10.0mi,Variable,4.6mph,  -,N/A,	,Clear

9:51 PM,59.0°F,44.1°F,58%,29.96in,10.0mi,North,  -,  -,N/A,	,Clear

10:51 PM,57.9°F,43.0°F,58%,29.97in,10.0mi,Variable,3.5mph,  -,N/A,	,Clear

11:51 PM,57.0°F,44.1°F,62%,29.97in,10.0mi,Variable,6.9mph,  -,N/A,	,Clear

