20160918
Time (EDT),Temp.,Heat Index,Dew Point,Humidity,Pressure,Visibility,Wind Dir,Wind Speed,Gust Speed,Precip,Events,Conditions

12:51 AM,70.0°F,  -,61.0°F,73%,30.09in,10.0mi,Variable,4.6mph,  -,N/A,	,Clear

1:51 AM,70.0°F,  -,61.0°F,73%,30.09in,10.0mi,Variable,3.5mph,  -,N/A,	,Clear

2:51 AM,70.0°F,  -,64.0°F,81%,30.08in,10.0mi,Variable,5.8mph,  -,N/A,	,Clear

3:51 AM,70.0°F,  -,64.0°F,81%,30.06in,10.0mi,Variable,4.6mph,  -,N/A,	,Clear

4:51 AM,70.0°F,  -,64.0°F,81%,30.06in,10.0mi,West,3.5mph,  -,N/A,	,Partly Cloudy

5:51 AM,70.0°F,  -,64.9°F,84%,30.07in,10.0mi,North,  -,  -,N/A,	,Mostly Cloudy

6:36 AM,71.1°F,  -,66.0°F,84%,30.09in,9.0mi,WSW,9.2mph,  -,N/A,	,Mostly Cloudy

6:51 AM,71.1°F,  -,66.0°F,84%,30.07in,9.0mi,Variable,3.5mph,  -,N/A,	,Overcast

7:26 AM,71.1°F,  -,66.9°F,87%,30.10in,7.0mi,Variable,5.8mph,  -,N/A,	,Overcast

7:51 AM,71.1°F,  -,66.9°F,87%,30.07in,7.0mi,North,  -,  -,N/A,	,Overcast

8:51 AM,73.0°F,  -,68.0°F,84%,30.08in,7.0mi,WNW,4.6mph,  -,N/A,	,Overcast

9:06 AM,73.0°F,  -,66.9°F,81%,30.11in,7.0mi,Calm,Calm,  -,N/A,	,Overcast

9:51 AM,73.9°F,  -,68.0°F,82%,30.08in,7.0mi,Calm,Calm,  -,N/A,	,Overcast

10:51 AM,75.9°F,  -,68.0°F,76%,30.08in,8.0mi,West,3.5mph,  -,N/A,	,Overcast

11:04 AM,75.9°F,  -,69.1°F,79%,30.10in,8.0mi,Calm,Calm,  -,N/A,	,Overcast

11:41 AM,77.0°F,  -,68.0°F,74%,30.09in,8.0mi,Calm,Calm,  -,N/A,	,Scattered Clouds

11:51 AM,77.0°F,  -,68.0°F,74%,30.06in,8.0mi,Variable,4.6mph,  -,N/A,	,Scattered Clouds

12:51 PM,79.0°F,  -,69.1°F,72%,30.06in,8.0mi,Variable,3.5mph,  -,N/A,	,Partly Cloudy

1:51 PM,81.0°F,84.1°F,69.1°F,67%,30.04in,8.0mi,North,  -,  -,N/A,	,Partly Cloudy

2:51 PM,81.0°F,84.1°F,69.1°F,67%,30.02in,8.0mi,SSE,3.5mph,  -,N/A,	,Scattered Clouds

3:51 PM,81.0°F,84.1°F,69.1°F,67%,30.01in,9.0mi,SSE,6.9mph,  -,N/A,	,Mostly Cloudy

4:51 PM,80.1°F,83.2°F,70.0°F,71%,30.00in,9.0mi,North,  -,  -,N/A,	,Scattered Clouds

5:51 PM,80.1°F,83.2°F,70.0°F,71%,30.00in,8.0mi,Variable,3.5mph,  -,N/A,	,Clear

6:51 PM,78.1°F,  -,70.0°F,76%,30.00in,8.0mi,Calm,Calm,  -,N/A,	,Clear

7:51 PM,79.0°F,  -,70.0°F,74%,30.02in,9.0mi,Calm,Calm,  -,N/A,	,Mostly Cloudy

8:51 PM,77.0°F,  -,70.0°F,79%,30.02in,9.0mi,Calm,Calm,  -,N/A,	,Partly Cloudy

9:51 PM,77.0°F,  -,70.0°F,79%,30.03in,9.0mi,Variable,3.5mph,  -,N/A,	,Clear

10:51 PM,75.9°F,  -,69.1°F,79%,30.03in,10.0mi,Variable,4.6mph,  -,N/A,	,Scattered Clouds

11:51 PM,75.9°F,  -,69.1°F,79%,30.03in,10.0mi,Variable,5.8mph,  -,N/A,	,Partly Cloudy

