20161214
Time (EST),Temp.,Windchill,Dew Point,Humidity,Pressure,Visibility,Wind Dir,Wind Speed,Gust Speed,Precip,Events,Conditions

12:51 AM,39.9°F,35.8°F,28.0°F,63%,29.99in,10.0mi,West,5.8mph,  -,N/A,	,Overcast

1:51 AM,39.9°F,37.8°F,28.9°F,65%,29.99in,9.0mi,West,3.5mph,  -,N/A,	,Mostly Cloudy

2:51 AM,39.9°F,37.8°F,28.0°F,63%,29.97in,9.0mi,West,3.5mph,  -,N/A,	,Overcast

3:51 AM,39.0°F,36.8°F,27.0°F,62%,29.95in,9.0mi,NW,3.5mph,  -,N/A,	,Partly Cloudy

4:51 AM,37.9°F,35.5°F,27.0°F,65%,29.95in,9.0mi,Variable,3.5mph,  -,N/A,	,Clear

5:51 AM,37.0°F,31.6°F,27.0°F,67%,29.97in,9.0mi,WNW,6.9mph,  -,N/A,	,Clear

6:51 AM,36.0°F,32.1°F,27.0°F,70%,29.99in,9.0mi,Variable,4.6mph,  -,N/A,	,Clear

7:51 AM,36.0°F,  -,27.0°F,70%,30.01in,8.0mi,Calm,Calm,  -,N/A,	,Clear

8:51 AM,37.0°F,31.6°F,26.1°F,65%,30.02in,9.0mi,WNW,6.9mph,  -,N/A,	,Clear

9:51 AM,37.9°F,32.7°F,24.1°F,57%,30.02in,10.0mi,WNW,6.9mph,17.3mph,N/A,	,Clear

10:51 AM,39.0°F,33.4°F,21.9°F,50%,30.00in,10.0mi,WNW,8.1mph,17.3mph,N/A,	,Clear

11:51 AM,41.0°F,35.8°F,21.9°F,47%,29.98in,10.0mi,West,8.1mph,  -,N/A,	,Partly Cloudy

12:51 PM,42.1°F,38.4°F,19.9°F,41%,29.96in,10.0mi,Variable,5.8mph,  -,N/A,	,Clear

1:51 PM,41.0°F,34.3°F,12.9°F,32%,29.96in,10.0mi,WNW,11.5mph,20.7mph,N/A,	,Clear

2:51 PM,41.0°F,36.4°F,12.9°F,32%,29.96in,10.0mi,Variable,6.9mph,19.6mph,N/A,	,Clear

3:51 PM,39.9°F,  -,14.0°F,35%,29.96in,10.0mi,North,  -,  -,N/A,	,Clear

4:51 PM,39.0°F,  -,12.0°F,33%,29.95in,10.0mi,Calm,Calm,  -,N/A,	,Clear

5:51 PM,37.9°F,33.5°F,14.0°F,38%,29.96in,10.0mi,Variable,5.8mph,  -,N/A,	,Clear

6:51 PM,36.0°F,  -,12.0°F,37%,29.96in,10.0mi,North,  -,  -,N/A,	,Clear

7:51 PM,36.0°F,29.0°F,9.0°F,33%,29.96in,10.0mi,WSW,9.2mph,19.6mph,N/A,	,Clear

8:51 PM,34.0°F,28.0°F,10.9°F,38%,29.94in,10.0mi,Variable,6.9mph,  -,N/A,	,Clear

9:51 PM,34.0°F,29.8°F,10.0°F,37%,29.92in,10.0mi,Variable,4.6mph,  -,N/A,	,Scattered Clouds

10:51 PM,34.0°F,  -,8.1°F,34%,29.90in,10.0mi,Calm,Calm,  -,N/A,	,Overcast

11:51 PM,34.0°F,26.0°F,7.0°F,32%,29.88in,10.0mi,West,10.4mph,  -,N/A,	,Overcast

