20160228
Time (EST),Temp.,Windchill,Dew Point,Humidity,Pressure,Visibility,Wind Dir,Wind Speed,Gust Speed,Precip,Events,Conditions

12:51 AM,39.0°F,32.3°F,19.0°F,45%,29.97in,10.0mi,West,10.4mph,16.1mph,N/A,	,Clear

1:51 AM,39.0°F,34.8°F,19.0°F,45%,29.96in,10.0mi,Variable,5.8mph,16.1mph,N/A,	,Clear

2:51 AM,37.9°F,32.1°F,19.9°F,48%,29.95in,10.0mi,West,8.1mph,18.4mph,N/A,	,Clear

3:51 AM,37.9°F,34.4°F,19.9°F,48%,29.95in,10.0mi,Variable,4.6mph,  -,N/A,	,Clear

4:51 AM,37.9°F,32.7°F,21.0°F,51%,29.95in,10.0mi,Variable,6.9mph,  -,N/A,	,Clear

5:51 AM,37.9°F,32.1°F,21.0°F,51%,29.97in,10.0mi,West,8.1mph,  -,N/A,	,Clear

6:51 AM,39.0°F,34.0°F,21.0°F,49%,29.98in,10.0mi,WSW,6.9mph,19.6mph,N/A,	,Clear

7:51 AM,39.0°F,33.4°F,21.0°F,49%,29.99in,10.0mi,WSW,8.1mph,18.4mph,N/A,	,Clear

8:51 AM,41.0°F,36.4°F,21.0°F,45%,29.98in,10.0mi,Variable,6.9mph,16.1mph,N/A,	,Clear

9:51 AM,45.0°F,  -,21.0°F,39%,29.97in,10.0mi,North,  -,  -,N/A,	,Clear

10:51 AM,48.9°F,  -,21.9°F,35%,29.96in,10.0mi,WSW,10.4mph,17.3mph,N/A,	,Clear

11:51 AM,53.1°F,  -,24.1°F,32%,29.92in,10.0mi,WSW,8.1mph,19.6mph,N/A,	,Clear

12:51 PM,57.0°F,  -,26.1°F,30%,29.88in,10.0mi,Variable,3.5mph,  -,N/A,	,Clear

1:51 PM,57.9°F,  -,26.1°F,30%,29.86in,10.0mi,Variable,6.9mph,19.6mph,N/A,	,Clear

2:51 PM,60.1°F,  -,27.0°F,28%,29.84in,10.0mi,SW,8.1mph,18.4mph,N/A,	,Clear

3:51 PM,60.1°F,  -,26.1°F,27%,29.82in,10.0mi,SW,5.8mph,19.6mph,N/A,	,Clear

4:51 PM,60.1°F,  -,27.0°F,28%,29.81in,10.0mi,North,  -,  -,N/A,	,Clear

5:51 PM,59.0°F,  -,26.1°F,28%,29.81in,10.0mi,WSW,9.2mph,23.0mph,N/A,	,Clear

6:51 PM,57.9°F,  -,26.1°F,30%,29.80in,10.0mi,SW,9.2mph,16.1mph,N/A,	,Clear

7:51 PM,57.0°F,  -,25.0°F,29%,29.80in,10.0mi,WSW,8.1mph,18.4mph,N/A,	,Clear

8:51 PM,55.0°F,  -,26.1°F,33%,29.81in,10.0mi,Variable,5.8mph,16.1mph,N/A,	,Clear

9:51 PM,53.1°F,  -,28.9°F,40%,29.79in,10.0mi,South,6.9mph,  -,N/A,	,Clear

10:51 PM,51.1°F,  -,30.9°F,46%,29.77in,10.0mi,Variable,4.6mph,  -,N/A,	,Clear

11:51 PM,52.0°F,  -,30.9°F,45%,29.74in,10.0mi,SSW,8.1mph,  -,N/A,	,Clear

