20160713
Time (EDT),Temp.,Heat Index,Dew Point,Humidity,Pressure,Visibility,Wind Dir,Wind Speed,Gust Speed,Precip,Events,Conditions

12:51 AM,73.0°F,  -,64.0°F,73%,30.07in,10.0mi,SSW,4.6mph,  -,N/A,	,Clear

1:51 AM,72.0°F,  -,63.0°F,73%,30.08in,10.0mi,Variable,4.6mph,  -,N/A,	,Clear

2:51 AM,72.0°F,  -,64.0°F,76%,30.07in,10.0mi,Variable,5.8mph,  -,N/A,	,Clear

3:51 AM,72.0°F,  -,64.9°F,78%,30.06in,10.0mi,Variable,4.6mph,  -,N/A,	,Clear

4:51 AM,71.1°F,  -,64.9°F,81%,30.06in,10.0mi,WSW,5.8mph,  -,N/A,	,Clear

5:51 AM,71.1°F,  -,64.9°F,81%,30.07in,9.0mi,West,4.6mph,  -,N/A,	,Clear

6:51 AM,73.0°F,  -,66.0°F,79%,30.07in,9.0mi,WSW,5.8mph,  -,N/A,	,Clear

7:51 AM,75.0°F,  -,64.9°F,71%,30.07in,9.0mi,Calm,Calm,  -,N/A,	,Mostly Cloudy

8:51 AM,75.9°F,  -,66.0°F,71%,30.08in,9.0mi,WSW,8.1mph,  -,N/A,	,Overcast

9:51 AM,77.0°F,  -,68.0°F,74%,30.07in,9.0mi,Variable,3.5mph,  -,N/A,	,Partly Cloudy

10:51 AM,81.0°F,83.8°F,68.0°F,65%,30.07in,9.0mi,West,3.5mph,  -,N/A,	,Scattered Clouds

11:51 AM,82.9°F,86.5°F,69.1°F,63%,30.07in,9.0mi,Variable,3.5mph,  -,N/A,	,Mostly Cloudy

12:51 PM,82.9°F,85.8°F,68.0°F,60%,30.06in,9.0mi,Variable,5.8mph,  -,N/A,	,Scattered Clouds

1:51 PM,81.0°F,83.8°F,68.0°F,65%,30.05in,9.0mi,Variable,5.8mph,  -,N/A,	,Overcast

2:51 PM,81.0°F,83.8°F,68.0°F,65%,30.05in,9.0mi,Variable,5.8mph,  -,N/A,	,Mostly Cloudy

3:51 PM,80.1°F,82.1°F,66.0°F,62%,30.05in,9.0mi,Variable,5.8mph,16.1mph,N/A,	,Overcast

4:51 PM,80.1°F,82.3°F,66.9°F,64%,30.05in,9.0mi,Calm,Calm,  -,N/A,	,Mostly Cloudy

5:51 PM,79.0°F,  -,66.0°F,64%,30.03in,9.0mi,North,  -,  -,N/A,	,Clear

6:51 PM,78.1°F,  -,66.0°F,66%,30.01in,9.0mi,Variable,5.8mph,  -,N/A,	,Clear

7:51 PM,75.9°F,  -,66.9°F,74%,30.02in,9.0mi,SSE,6.9mph,  -,N/A,	,Scattered Clouds

8:51 PM,75.9°F,  -,66.9°F,74%,30.02in,10.0mi,Calm,Calm,  -,N/A,	,Clear

9:51 PM,75.9°F,  -,68.0°F,76%,30.01in,10.0mi,SSE,6.9mph,  -,N/A,	,Clear

10:51 PM,75.0°F,  -,69.1°F,82%,30.01in,9.0mi,North,  -,  -,N/A,	,Clear

11:51 PM,75.0°F,  -,69.1°F,82%,29.99in,10.0mi,Variable,3.5mph,  -,N/A,	,Clear

