20160611
Time (EDT),Temp.,Heat Index,Dew Point,Humidity,Pressure,Visibility,Wind Dir,Wind Speed,Gust Speed,Precip,Events,Conditions

12:51 AM,63.0°F,  -,41.0°F,45%,30.05in,10.0mi,Calm,Calm,  -,N/A,	,Overcast

1:15 AM,63.0°F,  -,39.0°F,41%,30.06in,10.0mi,Calm,Calm,  -,N/A,	,Unknown

1:51 AM,63.0°F,  -,37.9°F,40%,30.04in,10.0mi,West,3.5mph,  -,N/A,	,Unknown

2:51 AM,62.1°F,  -,39.0°F,43%,30.04in,10.0mi,Calm,Calm,  -,N/A,	,Unknown

3:51 AM,61.0°F,  -,42.1°F,50%,30.04in,10.0mi,Calm,Calm,  -,N/A,	,Unknown

4:51 AM,61.0°F,  -,43.0°F,52%,30.03in,10.0mi,Calm,Calm,  -,N/A,	,Unknown

5:51 AM,60.1°F,  -,44.1°F,55%,30.02in,10.0mi,Calm,Calm,  -,N/A,	,Unknown

6:51 AM,63.0°F,  -,50.0°F,63%,30.00in,10.0mi,Calm,Calm,  -,N/A,	,Unknown

7:51 AM,68.0°F,  -,48.9°F,50%,29.99in,10.0mi,Calm,Calm,  -,N/A,	,Unknown

8:51 AM,70.0°F,  -,46.0°F,42%,29.99in,10.0mi,Variable,3.5mph,  -,N/A,	,Unknown

9:51 AM,71.1°F,  -,50.0°F,47%,29.95in,10.0mi,Variable,3.5mph,  -,N/A,	,Unknown

10:51 AM,73.0°F,  -,54.0°F,51%,29.92in,10.0mi,SSW,4.6mph,  -,N/A,	,Unknown

11:51 AM,75.9°F,  -,57.9°F,54%,29.87in,9.0mi,SW,10.4mph,20.7mph,N/A,	,Unknown

12:51 PM,77.0°F,  -,59.0°F,54%,29.83in,9.0mi,Variable,3.5mph,18.4mph,N/A,	,Unknown

1:51 PM,80.1°F,81.7°F,64.0°F,58%,29.82in,9.0mi,North,  -,  -,N/A,	,Unknown

2:51 PM,82.0°F,83.8°F,64.9°F,56%,29.79in,9.0mi,Variable,6.9mph,  -,N/A,	,Unknown

3:51 PM,82.0°F,83.8°F,64.9°F,56%,29.77in,9.0mi,North,  -,  -,N/A,	,Unknown

4:51 PM,84.9°F,86.6°F,64.9°F,51%,29.74in,9.0mi,Calm,Calm,  -,N/A,	,Unknown

5:51 PM,86.0°F,88.2°F,66.0°F,51%,29.71in,9.0mi,West,5.8mph,  -,N/A,	,Unknown

6:51 PM,87.1°F,89.2°F,66.0°F,49%,29.71in,8.0mi,West,8.1mph,17.3mph,N/A,	,Unknown

7:51 PM,84.9°F,87.1°F,66.0°F,53%,29.70in,9.0mi,Variable,5.8mph,  -,N/A,	,Unknown

8:51 PM,84.9°F,87.1°F,66.0°F,53%,29.70in,10.0mi,West,6.9mph,  -,N/A,	,Unknown

9:51 PM,86.0°F,88.2°F,66.0°F,51%,29.72in,10.0mi,Variable,4.6mph,  -,N/A,	,Unknown

10:51 PM,84.0°F,85.8°F,64.9°F,53%,29.73in,10.0mi,West,4.6mph,  -,N/A,	,Unknown

11:51 PM,81.0°F,82.7°F,64.9°F,58%,29.73in,10.0mi,Calm,Calm,  -,N/A,	,Unknown

