20160129
Time (EST),Temp.,Windchill,Dew Point,Humidity,Pressure,Visibility,Wind Dir,Wind Speed,Gust Speed,Precip,Events,Conditions

12:51 AM,39.0°F,35.7°F,21.0°F,49%,29.62in,10.0mi,Variable,4.6mph,  -,N/A,	,Overcast

1:51 AM,37.9°F,35.5°F,21.9°F,53%,29.58in,10.0mi,Variable,3.5mph,  -,N/A,	,Scattered Clouds

2:51 AM,37.9°F,  -,21.9°F,53%,29.57in,10.0mi,North,  -,  -,N/A,	,Clear

3:51 AM,37.0°F,  -,21.9°F,54%,29.53in,10.0mi,Calm,Calm,  -,N/A,	,Clear

4:51 AM,37.0°F,31.6°F,21.9°F,54%,29.50in,10.0mi,West,6.9mph,  -,N/A,	,Overcast

5:51 AM,37.0°F,33.3°F,21.0°F,52%,29.51in,10.0mi,West,4.6mph,  -,N/A,	,Mostly Cloudy

6:51 AM,35.1°F,31.0°F,21.0°F,57%,29.49in,10.0mi,West,4.6mph,  -,N/A,	,Clear

7:51 AM,35.1°F,29.3°F,21.9°F,59%,29.47in,8.0mi,WNW,6.9mph,  -,N/A,	,Clear

8:51 AM,37.0°F,32.4°F,21.9°F,54%,29.47in,8.0mi,Variable,5.8mph,  -,N/A,	,Mostly Cloudy

9:51 AM,37.9°F,34.4°F,21.9°F,53%,29.47in,8.0mi,Variable,4.6mph,  -,N/A,	,Overcast

10:51 AM,37.9°F,31.5°F,23.0°F,55%,29.48in,7.0mi,West,9.2mph,  -,N/A,	,Overcast

11:51 AM,39.9°F,32.9°F,24.1°F,53%,29.46in,8.0mi,West,11.5mph,16.1mph,N/A,	,Scattered Clouds

12:51 PM,39.9°F,35.1°F,26.1°F,58%,29.46in,10.0mi,Variable,6.9mph,18.4mph,N/A,	,Overcast

1:51 PM,39.9°F,33.4°F,24.1°F,53%,29.47in,10.0mi,WNW,10.4mph,23.0mph,N/A,	,Overcast

2:51 PM,39.9°F,36.7°F,24.1°F,53%,29.49in,10.0mi,Variable,4.6mph,18.4mph,N/A,	,Overcast

3:51 PM,39.9°F,32.9°F,24.1°F,53%,29.53in,10.0mi,NW,11.5mph,20.7mph,N/A,	,Mostly Cloudy

4:51 PM,39.0°F,31.0°F,19.0°F,45%,29.58in,10.0mi,NW,13.8mph,24.2mph,N/A,	,Overcast

5:51 PM,37.9°F,29.6°F,16.0°F,41%,29.63in,10.0mi,NW,13.8mph,25.3mph,N/A,	,Overcast

6:51 PM,36.0°F,29.6°F,18.0°F,48%,29.66in,10.0mi,NW,8.1mph,26.5mph,N/A,	,Partly Cloudy

7:51 PM,35.1°F,27.4°F,18.0°F,50%,29.71in,10.0mi,NW,10.4mph,19.6mph,N/A,	,Partly Cloudy

8:51 PM,34.0°F,25.0°F,18.0°F,52%,29.74in,10.0mi,NW,12.7mph,25.3mph,N/A,	,Clear

9:51 PM,33.1°F,24.9°F,16.0°F,50%,29.79in,10.0mi,NW,10.4mph,20.7mph,N/A,	,Clear

10:51 PM,32.0°F,24.8°F,15.1°F,50%,29.82in,10.0mi,NW,8.1mph,17.3mph,N/A,	,Clear

11:51 PM,30.9°F,22.8°F,15.1°F,52%,29.83in,10.0mi,WNW,9.2mph,  -,N/A,	,Clear

