20160318
Time (EDT),Temp.,Windchill,Dew Point,Humidity,Pressure,Visibility,Wind Dir,Wind Speed,Gust Speed,Precip,Events,Conditions

12:51 AM,52.0°F,  -,32.0°F,47%,29.79in,10.0mi,Variable,3.5mph,  -,N/A,	,Clear

1:51 AM,51.1°F,  -,30.9°F,46%,29.79in,10.0mi,West,4.6mph,  -,N/A,	,Clear

2:51 AM,50.0°F,  -,28.9°F,44%,29.80in,10.0mi,North,  -,  -,N/A,	,Clear

3:51 AM,50.0°F,  -,28.9°F,44%,29.78in,10.0mi,Variable,4.6mph,  -,N/A,	,Clear

4:51 AM,48.9°F,  -,27.0°F,43%,29.79in,10.0mi,West,10.4mph,16.1mph,N/A,	,Clear

5:51 AM,48.0°F,  -,26.1°F,42%,29.79in,10.0mi,Variable,3.5mph,  -,N/A,	,Clear

6:51 AM,48.0°F,  -,24.1°F,39%,29.79in,10.0mi,WNW,8.1mph,17.3mph,N/A,	,Clear

7:51 AM,48.0°F,  -,21.9°F,36%,29.80in,10.0mi,WNW,10.4mph,18.4mph,N/A,	,Clear

8:51 AM,48.9°F,  -,21.0°F,33%,29.81in,10.0mi,West,10.4mph,20.7mph,N/A,	,Clear

9:51 AM,51.1°F,  -,21.0°F,31%,29.81in,10.0mi,WNW,11.5mph,23.0mph,N/A,	,Clear

10:51 AM,52.0°F,  -,21.9°F,31%,29.80in,10.0mi,WNW,10.4mph,27.6mph,N/A,	,Clear

11:51 AM,55.0°F,  -,23.0°F,29%,29.79in,10.0mi,WNW,19.6mph,40.3mph,N/A,	,Scattered Clouds

12:51 PM,55.9°F,  -,21.9°F,27%,29.80in,10.0mi,WNW,15.0mph,31.1mph,N/A,	,Partly Cloudy

1:51 PM,55.9°F,  -,21.0°F,26%,29.79in,10.0mi,WNW,15.0mph,26.5mph,N/A,	,Overcast

2:51 PM,55.0°F,  -,21.9°F,28%,29.80in,10.0mi,Variable,3.5mph,25.3mph,N/A,	,Mostly Cloudy

3:51 PM,55.9°F,  -,23.0°F,28%,29.80in,10.0mi,West,9.2mph,20.7mph,N/A,	,Partly Cloudy

4:51 PM,53.1°F,  -,25.0°F,34%,29.82in,10.0mi,WNW,10.4mph,19.6mph,N/A,	,Overcast

5:51 PM,53.1°F,  -,25.0°F,34%,29.84in,10.0mi,Variable,5.8mph,19.6mph,N/A,	,Overcast

6:51 PM,52.0°F,  -,26.1°F,37%,29.86in,10.0mi,North,  -,  -,N/A,	,Mostly Cloudy

7:51 PM,51.1°F,  -,25.0°F,36%,29.88in,10.0mi,NW,6.9mph,  -,N/A,	,Clear

8:51 PM,48.9°F,  -,25.0°F,39%,29.91in,10.0mi,North,9.2mph,  -,N/A,	,Clear

9:51 PM,48.0°F,  -,25.0°F,41%,29.93in,10.0mi,Variable,3.5mph,  -,N/A,	,Clear

10:51 PM,45.0°F,41.2°F,24.1°F,44%,29.95in,10.0mi,Variable,6.9mph,  -,N/A,	,Clear

11:51 PM,43.0°F,39.5°F,26.1°F,51%,29.97in,10.0mi,WNW,5.8mph,  -,N/A,	,Clear

