20160517
Time (EDT),Temp.,Dew Point,Humidity,Pressure,Visibility,Wind Dir,Wind Speed,Gust Speed,Precip,Events,Conditions

12:51 AM,57.9°F,33.1°F,39%,30.17in,10.0mi,Variable,4.6mph,  -,N/A,	,Clear

1:51 AM,57.0°F,33.1°F,40%,30.17in,10.0mi,Variable,3.5mph,  -,N/A,	,Clear

2:51 AM,55.4°F,35.6°F,47%,		-,  -,North,  -,  -,N/A,	,Unknown

3:51 AM,55.4°F,33.8°F,44%,		-,  -,North,  -,  -,N/A,	,Unknown

4:51 AM,55.4°F,33.8°F,44%,		-,  -,North,  -,  -,N/A,	,Unknown

5:51 AM,55.4°F,35.6°F,47%,		-,  -,North,  -,  -,N/A,	,Unknown

6:51 AM,55.4°F,35.6°F,47%,		-,  -,North,  -,  -,N/A,	,Unknown

7:52 AM,57.2°F,39.2°F,51%,		-,  -,North,  -,  -,N/A,	,Unknown

8:52 AM,59.0°F,39.2°F,48%,		-,  -,North,  -,  -,N/A,	,Unknown

9:52 AM,60.8°F,39.2°F,45%,		-,  -,North,  -,  -,N/A,	,Unknown

10:52 AM,62.6°F,39.2°F,42%,		-,  -,North,  -,  -,N/A,	,Unknown

11:52 AM,60.8°F,41.0°F,48%,		-,  -,North,  -,  -,N/A,	,Unknown

12:52 PM,64.4°F,39.2°F,40%,		-,  -,North,  -,  -,N/A,	,Unknown

1:52 PM,64.4°F,35.6°F,34%,		-,  -,North,  -,  -,N/A,	,Unknown

2:54 PM,62.6°F,33.8°F,34%,		-,  -,North,  -,  -,N/A,	,Unknown

3:51 PM,60.1°F,45.0°F,57%,30.18in,10.0mi,Variable,3.5mph,  -,N/A,	,Overcast

3:52 PM,60.8°F,42.8°F,52%,		-,  -,North,  -,  -,N/A,	,Unknown

4:51 PM,60.1°F,46.0°F,60%,30.16in,10.0mi,North,  -,  -,N/A,	,Overcast

5:51 PM,57.9°F,46.0°F,65%,30.16in,10.0mi,Variable,4.6mph,  -,N/A,	,Overcast

6:51 PM,57.9°F,48.0°F,70%,30.12in,9.0mi,Calm,Calm,  -,N/A,	,Mostly Cloudy

7:51 PM,55.9°F,46.0°F,69%,30.12in,10.0mi,Variable,5.8mph,  -,N/A,	,Overcast

8:51 PM,55.9°F,46.0°F,69%,30.12in,10.0mi,Variable,5.8mph,  -,N/A,	,Partly Cloudy

9:55 PM,55.4°F,48.2°F,77%,		-,  -,North,  -,  -,N/A,	,Unknown

10:55 PM,55.4°F,48.2°F,77%,		-,  -,North,  -,  -,N/A,	,Unknown

11:55 PM,55.4°F,48.2°F,77%,		-,  -,North,  -,  -,N/A,	,Unknown

