20161110
Time (EST),Temp.,Windchill,Dew Point,Humidity,Pressure,Visibility,Wind Dir,Wind Speed,Gust Speed,Precip,Events,Conditions

12:51 AM,46.9°F,  -,37.0°F,68%,29.95in,10.0mi,Variable,3.5mph,  -,N/A,	,Overcast

1:51 AM,46.0°F,44.8°F,36.0°F,68%,29.96in,10.0mi,Variable,3.5mph,  -,N/A,	,Overcast

2:44 AM,44.1°F,  -,33.1°F,65%,30.00in,10.0mi,North,  -,  -,N/A,	,Scattered Clouds

2:51 AM,44.1°F,39.5°F,32.0°F,63%,29.98in,10.0mi,North,8.1mph,  -,N/A,	,Partly Cloudy

3:51 AM,42.1°F,38.4°F,32.0°F,67%,29.98in,10.0mi,Variable,5.8mph,  -,N/A,	,Clear

4:51 AM,41.0°F,36.4°F,30.0°F,65%,30.00in,10.0mi,Variable,6.9mph,  -,N/A,	,Clear

5:51 AM,41.0°F,38.0°F,30.0°F,65%,30.01in,10.0mi,NNW,4.6mph,  -,N/A,	,Clear

6:51 AM,41.0°F,36.4°F,28.9°F,62%,30.04in,10.0mi,Variable,6.9mph,  -,N/A,	,Clear

7:51 AM,41.0°F,37.1°F,28.9°F,62%,30.04in,10.0mi,Variable,5.8mph,  -,N/A,	,Clear

8:51 AM,43.0°F,38.8°F,28.9°F,58%,30.04in,10.0mi,Variable,6.9mph,  -,N/A,	,Clear

9:51 AM,45.0°F,41.8°F,27.0°F,49%,30.03in,10.0mi,WNW,5.8mph,  -,N/A,	,Clear

10:51 AM,48.9°F,  -,27.0°F,43%,30.02in,10.0mi,Variable,3.5mph,  -,N/A,	,Clear

11:51 AM,52.0°F,  -,28.0°F,40%,29.99in,10.0mi,Variable,5.8mph,  -,N/A,	,Clear

12:51 PM,54.0°F,  -,26.1°F,34%,29.95in,10.0mi,Variable,3.5mph,  -,N/A,	,Clear

1:51 PM,54.0°F,  -,25.0°F,33%,29.92in,10.0mi,WNW,8.1mph,  -,N/A,	,Clear

2:51 PM,55.0°F,  -,28.0°F,35%,29.89in,10.0mi,Variable,3.5mph,  -,N/A,	,Clear

3:51 PM,55.0°F,  -,28.9°F,37%,29.88in,10.0mi,Calm,Calm,  -,N/A,	,Clear

4:51 PM,54.0°F,  -,30.9°F,41%,29.87in,10.0mi,North,  -,  -,N/A,	,Clear

5:51 PM,54.0°F,  -,30.9°F,41%,29.85in,10.0mi,Variable,4.6mph,  -,N/A,	,Clear

6:51 PM,54.0°F,  -,33.1°F,45%,29.83in,10.0mi,North,  -,  -,N/A,	,Clear

7:51 PM,54.0°F,  -,34.0°F,47%,29.81in,10.0mi,West,10.4mph,  -,N/A,	,Clear

8:51 PM,54.0°F,  -,35.1°F,49%,29.79in,10.0mi,WSW,8.1mph,  -,N/A,	,Clear

9:51 PM,53.1°F,  -,35.1°F,50%,29.75in,10.0mi,North,  -,  -,N/A,	,Clear

10:51 PM,53.1°F,  -,34.0°F,48%,29.73in,10.0mi,West,12.7mph,27.6mph,N/A,	,Clear

11:51 PM,52.0°F,  -,34.0°F,50%,29.71in,10.0mi,North,  -,  -,N/A,	,Clear

