20160512
Time (EDT),Temp.,Dew Point,Humidity,Pressure,Visibility,Wind Dir,Wind Speed,Gust Speed,Precip,Events,Conditions

12:51 AM,63.0°F,45.0°F,52%,30.12in,10.0mi,WNW,3.5mph,  -,N/A,	,Clear

1:51 AM,61.0°F,46.0°F,58%,30.11in,10.0mi,Calm,Calm,  -,N/A,	,Clear

2:51 AM,62.1°F,45.0°F,53%,30.11in,10.0mi,Calm,Calm,  -,N/A,	,Clear

3:51 AM,59.0°F,46.9°F,64%,30.11in,10.0mi,Calm,Calm,  -,N/A,	,Clear

4:51 AM,59.0°F,46.0°F,62%,30.11in,10.0mi,NE,3.5mph,  -,N/A,	,Clear

5:51 AM,57.0°F,46.0°F,67%,30.14in,10.0mi,Calm,Calm,  -,N/A,	,Clear

6:51 AM,57.9°F,46.9°F,67%,30.14in,10.0mi,Calm,Calm,  -,N/A,	,Clear

7:51 AM,63.0°F,39.0°F,41%,30.15in,10.0mi,Variable,6.9mph,  -,N/A,	,Clear

8:51 AM,64.9°F,30.9°F,28%,30.16in,10.0mi,ENE,9.2mph,  -,N/A,	,Unknown

9:51 AM,66.9°F,33.1°F,28%,30.15in,10.0mi,ENE,8.1mph,  -,N/A,	,Clear

10:51 AM,69.1°F,33.1°F,26%,30.14in,10.0mi,Variable,4.6mph,  -,N/A,	,Clear

11:51 AM,73.9°F,37.0°F,26%,30.12in,10.0mi,ENE,4.6mph,  -,N/A,	,Clear

12:51 PM,77.0°F,35.1°F,22%,30.10in,10.0mi,Variable,3.5mph,  -,N/A,	,Clear

1:51 PM,79.0°F,35.1°F,20%,30.09in,10.0mi,Calm,Calm,  -,N/A,	,Clear

4:51 PM,73.9°F,39.0°F,28%,30.05in,10.0mi,Variable,3.5mph,  -,N/A,	,Clear

5:51 PM,73.9°F,39.0°F,28%,30.03in,10.0mi,Calm,Calm,  -,N/A,	,Clear

6:51 PM,72.0°F,39.0°F,30%,30.01in,10.0mi,SE,8.1mph,  -,N/A,	,Clear

7:51 PM,66.0°F,39.9°F,38%,30.03in,10.0mi,South,4.6mph,  -,N/A,	,Clear

8:51 PM,61.2°F,47.8°F,62%,30.06in,10.0mi,North,  -,  -,N/A,	,Clear

9:51 PM,59.4°F,50.0°F,71%,30.06in,10.0mi,North,  -,  -,N/A,	,Clear

10:51 PM,59.0°F,50.4°F,73%,30.06in,10.0mi,North,  -,  -,N/A,	,Clear

11:51 PM,58.5°F,50.2°F,74%,30.05in,10.0mi,North,  -,  -,N/A,	,Clear

