20161206
Time (EST),Temp.,Windchill,Dew Point,Humidity,Pressure,Visibility,Wind Dir,Wind Speed,Gust Speed,Precip,Events,Conditions

12:51 AM,41.0°F,39.0°F,28.9°F,62%,30.10in,10.0mi,Variable,3.5mph,  -,N/A,	,Clear

1:51 AM,39.9°F,37.8°F,28.9°F,65%,30.12in,10.0mi,Variable,3.5mph,  -,N/A,	,Clear

2:51 AM,39.9°F,37.8°F,28.0°F,63%,30.12in,10.0mi,WNW,3.5mph,  -,N/A,	,Clear

3:51 AM,39.9°F,35.1°F,27.0°F,60%,30.12in,10.0mi,WNW,6.9mph,  -,N/A,	,Clear

4:51 AM,39.9°F,  -,27.0°F,60%,30.12in,10.0mi,Calm,Calm,  -,N/A,	,Clear

5:51 AM,39.0°F,  -,27.0°F,62%,30.13in,10.0mi,Calm,Calm,  -,N/A,	,Clear

6:51 AM,37.9°F,  -,27.0°F,65%,30.14in,10.0mi,Calm,Calm,  -,N/A,	,Clear

7:51 AM,39.0°F,  -,28.0°F,65%,30.13in,10.0mi,Calm,Calm,  -,N/A,	,Clear

8:51 AM,43.0°F,  -,28.9°F,58%,30.14in,10.0mi,Calm,Calm,  -,N/A,	,Clear

9:51 AM,44.1°F,40.1°F,28.9°F,55%,30.14in,10.0mi,Variable,6.9mph,  -,N/A,	,Clear

10:51 AM,46.0°F,43.9°F,30.0°F,54%,30.11in,10.0mi,Variable,4.6mph,  -,N/A,	,Clear

11:51 AM,44.1°F,41.5°F,30.0°F,58%,30.08in,10.0mi,Variable,4.6mph,  -,N/A,	,Clear

12:51 PM,45.0°F,40.6°F,30.9°F,58%,30.05in,10.0mi,ENE,8.1mph,  -,N/A,	,Clear

1:51 PM,45.0°F,40.6°F,30.9°F,58%,30.01in,10.0mi,East,8.1mph,  -,N/A,	,Unknown

2:51 PM,45.0°F,42.6°F,30.0°F,56%,29.99in,10.0mi,ENE,4.6mph,  -,N/A,	,Mostly Cloudy

3:51 PM,45.0°F,42.6°F,28.9°F,53%,29.95in,10.0mi,Variable,4.6mph,  -,N/A,	,Overcast

4:51 PM,45.0°F,41.2°F,30.0°F,56%,29.97in,10.0mi,SE,6.9mph,  -,N/A,	,Overcast

5:51 PM,45.0°F,40.1°F,30.9°F,58%,29.96in,10.0mi,ENE,9.2mph,  -,N/A,	,Overcast

6:17 PM,42.1°F,37.7°F,35.1°F,76%,29.97in,6.0mi,Variable,6.9mph,  -,0.02in,Rain,Light Rain

6:51 PM,41.0°F,35.8°F,35.1°F,79%,29.98in,9.0mi,East,8.1mph,  -,0.04in,Rain,Light Rain

7:51 PM,39.9°F,33.9°F,36.0°F,86%,29.94in,5.0mi,ENE,9.2mph,  -,0.12in,Rain,Light Rain

8:51 PM,39.9°F,33.4°F,36.0°F,86%,29.93in,5.0mi,ENE,10.4mph,16.1mph,0.10in,Rain,Light Rain

10:46 PM,39.2°F,32.5°F,37.4°F,93%,29.90in,8.0mi,East,10.4mph,  -,0.04in,	,Overcast

10:51 PM,39.9°F,33.9°F,37.0°F,89%,29.88in,8.0mi,ENE,9.2mph,17.3mph,0.04in,	,Overcast

11:05 PM,39.9°F,35.1°F,37.0°F,89%,29.90in,7.0mi,East,6.9mph,  -,N/A,	,Overcast

11:51 PM,39.9°F,35.8°F,37.0°F,89%,29.86in,8.0mi,NE,5.8mph,  -,N/A,	,Overcast

