20161023
Time (EDT),Temp.,Windchill,Dew Point,Humidity,Pressure,Visibility,Wind Dir,Wind Speed,Gust Speed,Precip,Events,Conditions

12:51 AM,48.0°F,  -,30.9°F,52%,29.69in,10.0mi,Variable,6.9mph,21.9mph,N/A,	,Clear

1:51 AM,48.0°F,  -,28.9°F,48%,29.70in,10.0mi,West,12.7mph,24.2mph,N/A,	,Clear

2:51 AM,46.9°F,  -,28.9°F,50%,29.72in,10.0mi,West,10.4mph,23.0mph,N/A,	,Clear

3:51 AM,48.0°F,  -,28.0°F,46%,29.73in,10.0mi,West,9.2mph,20.7mph,N/A,	,Clear

4:51 AM,46.9°F,  -,28.0°F,48%,29.75in,10.0mi,West,11.5mph,21.9mph,N/A,	,Partly Cloudy

5:51 AM,46.0°F,42.5°F,28.0°F,50%,29.77in,10.0mi,West,6.9mph,20.7mph,N/A,	,Clear

6:51 AM,46.0°F,41.9°F,28.9°F,51%,29.78in,10.0mi,West,8.1mph,  -,N/A,	,Partly Cloudy

7:51 AM,46.0°F,41.9°F,30.9°F,56%,29.80in,10.0mi,West,8.1mph,  -,N/A,	,Clear

8:51 AM,46.0°F,  -,32.0°F,58%,29.82in,10.0mi,North,  -,  -,N/A,	,Clear

9:51 AM,50.0°F,  -,33.1°F,52%,29.83in,10.0mi,WNW,10.4mph,19.6mph,N/A,	,Clear

10:51 AM,54.0°F,  -,33.1°F,45%,29.81in,10.0mi,WNW,12.7mph,25.3mph,N/A,	,Clear

11:13 AM,55.0°F,  -,33.1°F,43%,29.84in,10.0mi,WNW,10.4mph,35.7mph,N/A,	,Partly Cloudy

11:51 AM,57.9°F,  -,36.0°F,44%,29.82in,10.0mi,Variable,5.8mph,21.9mph,N/A,	,Partly Cloudy

12:31 PM,57.0°F,  -,36.0°F,45%,29.84in,10.0mi,North,  -,  -,N/A,	,Partly Cloudy

12:51 PM,57.9°F,  -,36.0°F,44%,29.82in,10.0mi,WNW,15.0mph,33.4mph,N/A,	,Partly Cloudy

1:05 PM,57.9°F,  -,36.0°F,44%,29.85in,10.0mi,West,10.4mph,32.2mph,N/A,	,Scattered Clouds

1:51 PM,61.0°F,  -,37.0°F,41%,29.83in,10.0mi,WNW,9.2mph,21.9mph,N/A,	,Mostly Cloudy

2:51 PM,60.1°F,  -,35.1°F,39%,29.83in,10.0mi,West,12.7mph,27.6mph,N/A,	,Partly Cloudy

3:51 PM,61.0°F,  -,36.0°F,39%,29.84in,10.0mi,WNW,9.2mph,21.9mph,N/A,	,Partly Cloudy

4:51 PM,60.1°F,  -,36.0°F,41%,29.85in,10.0mi,North,  -,  -,N/A,	,Partly Cloudy

5:51 PM,60.1°F,  -,37.0°F,42%,29.86in,10.0mi,Variable,5.8mph,  -,N/A,	,Overcast

6:51 PM,59.0°F,  -,37.0°F,44%,29.88in,10.0mi,West,5.8mph,  -,N/A,	,Partly Cloudy

7:51 PM,59.0°F,  -,37.0°F,44%,29.89in,10.0mi,Variable,3.5mph,  -,N/A,	,Clear

8:51 PM,57.9°F,  -,37.9°F,47%,29.89in,10.0mi,Variable,3.5mph,  -,N/A,	,Clear

9:51 PM,57.9°F,  -,39.0°F,49%,29.88in,10.0mi,Variable,6.9mph,  -,N/A,	,Clear

10:51 PM,57.0°F,  -,39.9°F,53%,29.87in,10.0mi,West,6.9mph,  -,N/A,	,Partly Cloudy

11:51 PM,55.9°F,  -,42.1°F,60%,29.86in,10.0mi,Variable,4.6mph,  -,N/A,	,Clear

