20160701
Time (EDT),Temp.,Dew Point,Humidity,Pressure,Visibility,Wind Dir,Wind Speed,Gust Speed,Precip,Events,Conditions

12:51 AM,73.9°F,60.1°F,62%,30.02in,10.0mi,Variable,4.6mph,  -,N/A,	,Clear

1:51 AM,73.9°F,60.1°F,62%,30.02in,10.0mi,Variable,3.5mph,  -,N/A,	,Clear

2:51 AM,73.0°F,55.9°F,55%,30.01in,10.0mi,Calm,Calm,  -,N/A,	,Clear

3:51 AM,72.0°F,55.9°F,57%,30.01in,10.0mi,Variable,4.6mph,  -,N/A,	,Clear

4:51 AM,71.1°F,57.0°F,61%,30.01in,10.0mi,Variable,3.5mph,  -,N/A,	,Clear

5:51 AM,71.1°F,60.1°F,68%,30.01in,9.0mi,Calm,Calm,  -,N/A,	,Clear

6:51 AM,73.0°F,63.0°F,71%,30.01in,9.0mi,Calm,Calm,  -,N/A,	,Clear

7:51 AM,73.0°F,64.9°F,76%,30.01in,8.0mi,Calm,Calm,  -,N/A,	,Overcast

8:51 AM,75.0°F,66.0°F,73%,30.00in,8.0mi,South,5.8mph,  -,N/A,	,Scattered Clouds

9:51 AM,77.0°F,66.9°F,71%,29.99in,8.0mi,Variable,4.6mph,  -,N/A,	,Mostly Cloudy

10:51 AM,77.0°F,66.9°F,71%,29.97in,8.0mi,Variable,6.9mph,  -,N/A,	,Mostly Cloudy

11:51 AM,77.0°F,68.0°F,74%,29.97in,8.0mi,South,6.9mph,  -,N/A,	,Overcast

12:36 PM,78.1°F,68.0°F,71%,29.98in,9.0mi,Variable,5.8mph,  -,N/A,	,Scattered Clouds

12:51 PM,78.1°F,68.0°F,71%,29.95in,9.0mi,SSE,6.9mph,  -,N/A,	,Partly Cloudy

1:08 PM,78.1°F,68.0°F,71%,29.98in,9.0mi,South,9.2mph,  -,N/A,	,Mostly Cloudy

1:51 PM,77.0°F,69.1°F,76%,29.94in,8.0mi,SSE,6.9mph,  -,N/A,	,Overcast

2:21 PM,77.0°F,69.1°F,76%,29.96in,8.0mi,Variable,5.8mph,  -,N/A,	,Overcast

2:51 PM,78.1°F,70.0°F,76%,29.90in,8.0mi,North,  -,  -,N/A,	,Mostly Cloudy

3:51 PM,75.0°F,70.0°F,84%,29.89in,4.0mi,North,  -,  -,0.00in,Rain,Light Rain

4:35 PM,75.0°F,70.0°F,84%,29.88in,7.0mi,South,4.6mph,  -,0.00in,	,Scattered Clouds

4:51 PM,73.9°F,70.0°F,87%,29.88in,7.0mi,North,  -,  -,0.00in,	,Clear

5:34 PM,72.0°F,66.9°F,84%,29.90in,1.8mi,Variable,4.6mph,  -,0.01in,Rain,Light Rain

5:51 PM,70.0°F,66.9°F,90%,29.91in,0.2mi,WNW,8.1mph,  -,0.08in,Fog,	,

Rain,Heavy Rain,6:08 PM,70.0°F,68.0°F,93%,29.91in,2.0mi,Variable,4.6mph,  -,0.20in

Rain,Light Rain,6:14 PM,70.0°F,68.0°F,93%,29.92in,0.5mi,Variable,3.5mph,  -,0.20in

Fog,	,,Rain,Heavy Rain,6:26 PM,71.1°F,69.1°F,93%,29.90in,2.0mi,Variable,3.5mph

  -,0.31in,Rain,Light Rain,6:34 PM,71.1°F,69.1°F,93%,29.89in,4.0mi,Variable,3.5mph

  -,0.31in,	,Overcast,6:51 PM,72.0°F,69.1°F,91%,29.87in,4.0mi,Calm,Calm

  -,0.31in,	,Scattered Clouds,7:51 PM,71.1°F,68.0°F,90%,29.88in,4.0mi,Variable,4.6mph

  -,N/A,	,Clear,8:51 PM,70.0°F,68.0°F,93%,29.86in,6.0mi,Calm,Calm

  -,0.00in,	,Partly Cloudy,9:32 PM,70.0°F,66.0°F,87%,29.91in,9.0mi,North,10.4mph

16.1mph,N/A,	,Mostly Cloudy,9:51 PM,69.1°F,66.9°F,93%,29.89in,7.0mi,West,3.5mph

  -,N/A,	,Overcast,10:09 PM,68.0°F,66.0°F,93%,29.95in,0.8mi,Calm,Calm

  -,0.02in,Rain,Heavy Rain,10:25 PM,66.9°F,64.9°F,93%,29.90in,2.5mi,Calm,Calm

  -,0.44in,Rain,Light Rain,10:29 PM,66.9°F,64.9°F,93%,29.90in,5.0mi,Calm,Calm

  -,0.44in,Rain,Light Rain,10:38 PM,66.0°F,64.0°F,93%,29.90in,9.0mi,West,3.5mph

  -,0.44in,	,Mostly Cloudy,10:51 PM,66.9°F,64.9°F,93%,29.88in,8.0mi,Variable,3.5mph

  -,0.44in,	,Scattered Clouds,11:51 PM,66.9°F,64.9°F,93%,29.86in,4.0mi,Calm,Calm

