20161114
Time (EST),Temp.,Dew Point,Humidity,Pressure,Visibility,Wind Dir,Wind Speed,Gust Speed,Precip,Events,Conditions

12:51 AM,51.1°F,19.9°F,29%,30.05in,10.0mi,West,9.2mph,19.6mph,N/A,	,Clear

1:51 AM,50.0°F,19.9°F,31%,30.05in,10.0mi,West,10.4mph,  -,N/A,	,Clear

2:51 AM,50.0°F,19.9°F,31%,30.05in,10.0mi,West,5.8mph,  -,N/A,	,Clear

3:51 AM,48.9°F,19.0°F,31%,30.04in,10.0mi,Variable,4.6mph,  -,N/A,	,Clear

4:51 AM,48.0°F,19.0°F,32%,30.04in,10.0mi,WNW,5.8mph,  -,N/A,	,Clear

5:51 AM,46.9°F,19.9°F,34%,30.02in,10.0mi,WNW,5.8mph,  -,N/A,	,Clear

6:51 AM,46.9°F,19.9°F,34%,30.04in,10.0mi,West,3.5mph,  -,N/A,	,Clear

7:51 AM,48.0°F,19.9°F,33%,30.04in,10.0mi,WSW,3.5mph,  -,N/A,	,Clear

8:51 AM,50.0°F,21.0°F,32%,30.05in,10.0mi,Variable,3.5mph,  -,N/A,	,Clear

9:51 AM,52.0°F,21.9°F,31%,30.05in,10.0mi,Variable,3.5mph,  -,N/A,	,Clear

10:51 AM,57.0°F,19.0°F,23%,30.05in,10.0mi,Calm,Calm,  -,N/A,	,Clear

11:51 AM,59.0°F,19.0°F,21%,30.02in,10.0mi,Calm,Calm,  -,N/A,	,Clear

12:51 PM,61.0°F,19.0°F,20%,30.00in,10.0mi,Variable,3.5mph,  -,N/A,	,Clear

1:51 PM,62.1°F,24.1°F,23%,29.99in,10.0mi,Variable,3.5mph,  -,N/A,	,Clear

2:51 PM,60.1°F,21.9°F,23%,30.00in,10.0mi,WSW,4.6mph,  -,N/A,	,Clear

3:51 PM,59.0°F,23.0°F,25%,30.01in,10.0mi,Calm,Calm,  -,N/A,	,Clear

4:51 PM,59.0°F,21.0°F,23%,30.01in,10.0mi,Calm,Calm,  -,N/A,	,Clear

5:51 PM,57.9°F,19.9°F,23%,30.01in,10.0mi,Variable,3.5mph,  -,N/A,	,Clear

6:51 PM,57.9°F,21.0°F,24%,30.02in,10.0mi,SW,4.6mph,  -,N/A,	,Clear

7:51 PM,57.9°F,23.0°F,26%,30.01in,10.0mi,West,4.6mph,  -,N/A,	,Partly Cloudy

8:51 PM,57.0°F,24.1°F,28%,30.02in,10.0mi,Variable,4.6mph,  -,N/A,	,Scattered Clouds

9:51 PM,57.9°F,24.1°F,27%,30.00in,10.0mi,WSW,3.5mph,  -,N/A,	,Overcast

10:51 PM,57.0°F,27.0°F,32%,29.99in,10.0mi,Calm,Calm,  -,N/A,	,Overcast

11:51 PM,55.9°F,30.0°F,37%,29.97in,10.0mi,Calm,Calm,  -,N/A,	,Overcast

