20160523
Time (EDT),Temp.,Dew Point,Humidity,Pressure,Visibility,Wind Dir,Wind Speed,Gust Speed,Precip,Events,Conditions

12:51 AM,57.9°F,51.1°F,78%,29.90in,10.0mi,Calm,Calm,  -,N/A,	,Clear

1:51 AM,57.9°F,51.1°F,78%,29.89in,10.0mi,Calm,Calm,  -,N/A,	,Partly Cloudy

2:51 AM,57.0°F,50.0°F,77%,29.89in,10.0mi,Calm,Calm,  -,N/A,	,Clear

3:51 AM,57.0°F,50.0°F,77%,29.89in,10.0mi,Calm,Calm,  -,N/A,	,Clear

4:51 AM,57.0°F,51.1°F,81%,29.88in,10.0mi,Calm,Calm,  -,N/A,	,Clear

5:51 AM,55.9°F,51.1°F,84%,29.91in,8.0mi,Calm,Calm,  -,N/A,	,Clear

6:51 AM,57.9°F,52.0°F,81%,29.92in,7.0mi,Calm,Calm,  -,N/A,	,Clear

7:51 AM,61.0°F,52.0°F,72%,29.93in,7.0mi,Calm,Calm,  -,N/A,	,Clear

8:51 AM,64.0°F,51.1°F,63%,29.94in,7.0mi,Variable,3.5mph,  -,N/A,	,Clear

9:51 AM,66.0°F,50.0°F,56%,29.93in,9.0mi,Variable,3.5mph,  -,N/A,	,Clear

10:51 AM,70.0°F,51.1°F,51%,29.91in,8.0mi,NNW,4.6mph,  -,N/A,	,Clear

11:51 AM,73.9°F,51.1°F,45%,29.92in,9.0mi,NE,6.9mph,  -,N/A,	,Clear

12:51 PM,75.9°F,51.1°F,42%,29.90in,10.0mi,Calm,Calm,  -,N/A,	,Clear

1:51 PM,77.0°F,50.0°F,39%,29.89in,10.0mi,Variable,5.8mph,  -,N/A,	,Clear

2:51 PM,75.0°F,51.1°F,43%,29.87in,10.0mi,Calm,Calm,  -,N/A,	,Clear

3:51 PM,73.9°F,51.1°F,45%,29.86in,10.0mi,Variable,4.6mph,  -,N/A,	,Clear

4:51 PM,72.0°F,50.0°F,46%,29.86in,10.0mi,Variable,4.6mph,  -,N/A,	,Partly Cloudy

5:51 PM,64.0°F,53.1°F,67%,29.86in,5.0mi,South,5.8mph,  -,0.01in,Rain,Light Rain

6:51 PM,62.1°F,51.1°F,67%,29.87in,10.0mi,WSW,3.5mph,  -,0.01in,	,Clear

7:51 PM,63.0°F,46.9°F,56%,29.88in,10.0mi,Calm,Calm,  -,N/A,	,Mostly Cloudy

8:51 PM,64.0°F,43.0°F,46%,29.89in,10.0mi,Variable,4.6mph,  -,N/A,	,Scattered Clouds

9:51 PM,64.0°F,44.1°F,48%,29.90in,10.0mi,SSW,4.6mph,  -,N/A,	,Overcast

10:51 PM,63.0°F,45.0°F,52%,29.92in,10.0mi,Calm,Calm,  -,0.00in,	,Overcast

11:51 PM,63.0°F,46.0°F,54%,29.93in,10.0mi,Variable,5.8mph,  -,N/A,	,Overcast

