20160328
Time (EDT),Temp.,Windchill,Dew Point,Humidity,Pressure,Visibility,Wind Dir,Wind Speed,Gust Speed,Precip,Events,Conditions

12:51 AM,44.1°F,38.6°F,33.1°F,65%,30.10in,10.0mi,SE,10.4mph,17.3mph,N/A,	,Overcast

1:51 AM,45.0°F,41.2°F,34.0°F,65%,30.06in,10.0mi,Variable,6.9mph,  -,N/A,	,Overcast

2:51 AM,44.1°F,39.0°F,36.0°F,73%,30.01in,10.0mi,ENE,9.2mph,  -,N/A,	,Overcast

3:34 AM,42.1°F,36.1°F,37.9°F,85%,30.00in,4.0mi,East,10.4mph,  -,0.03in,Rain,Light Rain

3:51 AM,42.1°F,38.4°F,37.9°F,85%,29.98in,6.0mi,Variable,5.8mph,  -,0.04in,Rain,Light Rain

3:57 AM,42.1°F,36.6°F,37.9°F,85%,29.99in,5.0mi,East,9.2mph,  -,0.00in,Rain,Light Rain

4:51 AM,42.1°F,36.6°F,39.0°F,89%,29.92in,5.0mi,ENE,9.2mph,  -,0.01in,	,Overcast

5:31 AM,42.1°F,36.6°F,39.0°F,89%,29.92in,2.0mi,East,9.2mph,  -,0.01in,Rain,Light Rain

5:47 AM,42.8°F,37.5°F,39.2°F,87%,29.91in,3.0mi,ENE,9.2mph,  -,0.02in,Rain,Light Rain

5:51 AM,42.1°F,35.2°F,39.0°F,89%,29.88in,3.0mi,ENE,12.7mph,17.3mph,0.02in,Rain,Light Rain

6:07 AM,42.1°F,37.7°F,39.0°F,89%,29.89in,2.5mi,ENE,6.9mph,16.1mph,0.00in,Rain,Light Rain

6:26 AM,42.1°F,35.7°F,39.0°F,89%,29.87in,3.0mi,ENE,11.5mph,  -,0.01in,Rain,Light Rain

6:51 AM,42.1°F,35.2°F,39.0°F,89%,29.83in,3.0mi,ENE,12.7mph,19.6mph,0.02in,	,Overcast

6:58 AM,42.1°F,37.7°F,39.0°F,89%,29.85in,2.5mi,Variable,6.9mph,  -,N/A,	,Overcast

7:10 AM,42.1°F,35.2°F,39.0°F,89%,29.84in,4.0mi,East,12.7mph,16.1mph,N/A,	,Overcast

7:17 AM,42.1°F,35.2°F,39.0°F,89%,29.84in,2.5mi,East,12.7mph,  -,0.00in,Rain,Light Rain

7:28 AM,42.1°F,35.7°F,39.0°F,89%,29.84in,3.0mi,East,11.5mph,18.4mph,0.02in,Rain,Light Rain

7:41 AM,43.0°F,38.8°F,39.0°F,86%,29.83in,1.8mi,Variable,6.9mph,19.6mph,0.03in,Rain,Rain

7:51 AM,43.0°F,39.5°F,39.9°F,89%,29.79in,2.5mi,Variable,5.8mph,19.6mph,0.05in,Rain,Light Rain

8:24 AM,43.0°F,40.3°F,39.9°F,89%,29.80in,6.0mi,Variable,4.6mph,17.3mph,0.07in,Rain,Light Rain

8:51 AM,43.0°F,  -,39.9°F,89%,29.77in,3.0mi,North,  -,  -,0.07in,Rain,Light Rain

8:57 AM,44.1°F,39.5°F,41.0°F,89%,29.79in,1.8mi,ENE,8.1mph,  -,0.03in,Rain,Rain

9:06 AM,43.0°F,38.2°F,41.0°F,93%,29.78in,2.5mi,ENE,8.1mph,  -,0.04in,Rain,Rain

9:24 AM,44.1°F,42.5°F,41.0°F,89%,29.76in,5.0mi,Variable,3.5mph,  -,0.06in,Rain,Light Rain

9:48 AM,44.6°F,42.2°F,41.0°F,87%,29.74in,1.8mi,ENE,4.6mph,  -,0.08in,Rain,Light Rain

9:51 AM,44.1°F,40.8°F,41.0°F,89%,29.71in,1.8mi,ENE,5.8mph,  -,0.08in,Rain,Light Rain

10:28 AM,44.1°F,41.5°F,42.1°F,93%,29.71in,2.5mi,ENE,4.6mph,  -,0.05in,Rain,Light Rain

10:41 AM,45.0°F,41.2°F,41.0°F,86%,29.70in,4.0mi,Variable,6.9mph,  -,0.05in,Rain,Light Rain

10:51 AM,45.0°F,40.6°F,42.1°F,90%,29.68in,3.0mi,East,8.1mph,  -,0.07in,Rain,Rain

11:51 AM,45.0°F,41.8°F,42.1°F,90%,29.61in,8.0mi,Variable,5.8mph,  -,0.02in,Rain,Light Rain

12:51 PM,46.9°F,  -,43.0°F,86%,29.61in,3.0mi,NE,4.6mph,  -,0.00in,	,Overcast

1:09 PM,46.9°F,  -,44.1°F,90%,29.62in,2.5mi,Variable,4.6mph,  -,N/A,	,Overcast

1:19 PM,46.9°F,  -,44.1°F,90%,29.62in,3.0mi,NNW,5.8mph,  -,N/A,	,Overcast

1:51 PM,46.0°F,44.8°F,43.0°F,89%,29.60in,3.0mi,Variable,3.5mph,  -,N/A,	,Overcast

2:48 PM,48.2°F,  -,44.6°F,87%,29.59in,5.0mi,WNW,5.8mph,  -,N/A,	,Overcast

2:51 PM,48.9°F,  -,45.0°F,86%,29.57in,5.0mi,WNW,3.5mph,  -,N/A,	,Overcast

3:17 PM,53.1°F,  -,46.0°F,77%,29.57in,7.0mi,Calm,Calm,  -,N/A,	,Scattered Clouds

3:51 PM,57.0°F,  -,46.9°F,69%,29.53in,9.0mi,Calm,Calm,  -,N/A,	,Scattered Clouds

4:51 PM,60.1°F,  -,43.0°F,53%,29.51in,10.0mi,North,  -,  -,N/A,	,Mostly Cloudy

5:51 PM,60.1°F,  -,35.1°F,39%,29.52in,10.0mi,West,13.8mph,34.5mph,N/A,	,Mostly Cloudy

6:51 PM,57.0°F,  -,34.0°F,42%,29.53in,10.0mi,West,11.5mph,25.3mph,N/A,	,Mostly Cloudy

7:51 PM,55.9°F,  -,34.0°F,44%,29.55in,10.0mi,West,12.7mph,26.5mph,N/A,	,Overcast

8:51 PM,55.0°F,  -,33.1°F,43%,29.58in,10.0mi,WNW,11.5mph,34.5mph,N/A,	,Overcast

9:51 PM,52.0°F,  -,35.1°F,53%,29.62in,10.0mi,WNW,16.1mph,25.3mph,N/A,	,Overcast

10:51 PM,51.1°F,  -,28.9°F,43%,29.65in,10.0mi,West,16.1mph,39.1mph,N/A,	,Overcast

11:51 PM,50.0°F,  -,28.0°F,43%,29.67in,10.0mi,WNW,25.3mph,36.8mph,N/A,	,Mostly Cloudy

