20160211
Time (EST),Temp.,Windchill,Dew Point,Humidity,Pressure,Visibility,Wind Dir,Wind Speed,Gust Speed,Precip,Events,Conditions

12:51 AM,30.0°F,24.1°F,14.0°F,51%,29.75in,10.0mi,West,5.8mph,21.9mph,N/A,	,Overcast

1:51 AM,28.0°F,17.5°F,17.1°F,63%,29.76in,6.0mi,West,12.7mph,21.9mph,0.00in,Snow,Light Snow

2:00 AM,27.0°F,16.1°F,17.1°F,66%,29.78in,6.0mi,West,12.7mph,23.0mph,0.00in,	,Haze

2:44 AM,26.1°F,16.2°F,15.1°F,63%,29.79in,2.0mi,WNW,10.4mph,27.6mph,0.00in,Snow,Light Snow

2:51 AM,26.1°F,18.4°F,17.1°F,69%,29.77in,2.5mi,Variable,6.9mph,19.6mph,0.00in,Snow,Light Snow

2:57 AM,26.1°F,17.6°F,17.1°F,69%,29.79in,5.0mi,NW,8.1mph,18.4mph,0.00in,	,Haze

3:51 AM,26.1°F,15.6°F,3.9°F,39%,29.78in,10.0mi,WNW,11.5mph,23.0mph,0.00in,	,Overcast

4:51 AM,25.0°F,  -,-0.0°F,34%,29.80in,10.0mi,North,  -,  -,N/A,	,Overcast

5:51 AM,24.1°F,14.4°F,-0.0°F,35%,29.83in,10.0mi,West,9.2mph,  -,N/A,	,Mostly Cloudy

6:51 AM,23.0°F,13.9°F,-0.0°F,37%,29.86in,10.0mi,NW,8.1mph,18.4mph,N/A,	,Clear

7:51 AM,23.0°F,13.1°F,1.0°F,39%,29.88in,10.0mi,WNW,9.2mph,23.0mph,N/A,	,Clear

8:51 AM,23.0°F,10.6°F,-0.9°F,35%,29.90in,10.0mi,West,13.8mph,28.8mph,N/A,	,Clear

9:51 AM,24.1°F,11.5°F,-2.0°F,32%,29.89in,10.0mi,West,15.0mph,26.5mph,N/A,	,Partly Cloudy

10:51 AM,24.1°F,12.0°F,-2.9°F,31%,29.91in,10.0mi,WNW,13.8mph,29.9mph,N/A,	,Mostly Cloudy

11:51 AM,26.1°F,18.4°F,-0.0°F,32%,29.90in,10.0mi,WNW,6.9mph,  -,N/A,	,Overcast

12:51 PM,24.1°F,15.2°F,-2.9°F,31%,29.89in,10.0mi,WNW,8.1mph,33.4mph,N/A,	,Mostly Cloudy

1:51 PM,25.0°F,14.2°F,-0.9°F,33%,29.90in,10.0mi,WNW,11.5mph,25.3mph,N/A,	,Overcast

2:51 PM,24.1°F,14.4°F,-0.0°F,35%,29.91in,10.0mi,NW,9.2mph,25.3mph,N/A,	,Overcast

3:51 PM,24.1°F,13.7°F,1.0°F,37%,29.95in,10.0mi,West,10.4mph,24.2mph,N/A,	,Overcast

4:51 PM,23.0°F,  -,-2.9°F,32%,29.98in,10.0mi,North,  -,  -,N/A,	,Partly Cloudy

5:51 PM,23.0°F,13.9°F,-4.0°F,31%,30.03in,10.0mi,WNW,8.1mph,23.0mph,N/A,	,Partly Cloudy

6:51 PM,21.9°F,10.4°F,-6.0°F,29%,30.07in,10.0mi,NW,11.5mph,25.3mph,N/A,	,Clear

7:51 PM,21.0°F,  -,-6.0°F,30%,30.09in,10.0mi,North,  -,  -,N/A,	,Clear

8:51 PM,19.9°F,6.7°F,-5.1°F,33%,30.12in,10.0mi,WNW,13.8mph,28.8mph,N/A,	,Clear

9:51 PM,19.9°F,10.1°F,-4.0°F,35%,30.15in,10.0mi,WNW,8.1mph,19.6mph,N/A,	,Clear

10:51 PM,19.0°F,8.2°F,-2.9°F,38%,30.17in,10.0mi,WNW,9.2mph,21.9mph,N/A,	,Clear

11:51 PM,18.0°F,6.1°F,-2.9°F,40%,30.19in,10.0mi,WNW,10.4mph,24.2mph,N/A,	,Clear

