20161115
Time (EST),Temp.,Dew Point,Humidity,Pressure,Visibility,Wind Dir,Wind Speed,Gust Speed,Precip,Events,Conditions

12:51 AM,55.0°F,30.9°F,40%,29.96in,10.0mi,Calm,Calm,  -,N/A,	,Overcast

1:51 AM,54.0°F,34.0°F,47%,29.95in,10.0mi,Calm,Calm,  -,0.00in,Rain,Light Rain

2:51 AM,54.0°F,34.0°F,47%,29.95in,10.0mi,Calm,Calm,  -,0.00in,	,Overcast

3:51 AM,52.0°F,45.0°F,77%,29.95in,3.0mi,Calm,Calm,  -,0.00in,Rain,Light Rain

4:01 AM,50.0°F,46.0°F,86%,29.98in,2.5mi,NE,3.5mph,  -,0.02in,Rain,Light Rain

4:28 AM,50.0°F,48.0°F,93%,29.97in,5.0mi,Calm,Calm,  -,0.07in,	,Overcast

4:51 AM,50.0°F,48.0°F,93%,29.94in,7.0mi,NE,3.5mph,  -,0.07in,	,Overcast

5:43 AM,51.1°F,48.9°F,92%,29.95in,5.0mi,NE,5.8mph,  -,0.00in,Rain,Light Rain

5:51 AM,51.1°F,48.0°F,89%,29.93in,4.0mi,NE,6.9mph,  -,0.01in,Rain,Rain

6:51 AM,50.0°F,48.0°F,93%,29.91in,5.0mi,Variable,5.8mph,  -,0.10in,Rain,Light Rain

7:12 AM,50.0°F,46.9°F,89%,29.94in,2.5mi,ENE,6.9mph,  -,0.06in,Rain,Rain

7:20 AM,48.9°F,46.9°F,93%,29.94in,2.0mi,Variable,4.6mph,  -,0.10in,Rain,Heavy Rain

7:51 AM,48.0°F,46.0°F,93%,29.92in,1.8mi,ENE,12.7mph,  -,0.20in,Rain,Heavy Rain

8:18 AM,46.9°F,45.0°F,93%,29.92in,3.0mi,Variable,6.9mph,17.3mph,0.15in,Rain,Light Rain

8:40 AM,48.0°F,45.0°F,89%,29.91in,3.0mi,NE,8.1mph,  -,0.18in,Rain,Light Rain

8:51 AM,48.0°F,45.0°F,89%,29.88in,5.0mi,Variable,6.9mph,  -,0.19in,	,Overcast

9:10 AM,48.9°F,46.0°F,90%,29.90in,1.8mi,Variable,5.8mph,17.3mph,0.01in,Rain,Heavy Rain

9:25 AM,48.0°F,46.0°F,93%,29.90in,2.0mi,NNE,9.2mph,17.3mph,0.11in,Rain,Rain

9:39 AM,48.0°F,46.0°F,93%,29.89in,1.2mi,North,11.5mph,  -,0.20in,Rain,Heavy Rain

9:49 AM,48.2°F,46.4°F,93%,29.88in,1.8mi,NNE,9.2mph,17.3mph,0.29in,Rain,Heavy Rain

9:51 AM,48.0°F,46.0°F,93%,29.86in,2.0mi,NNE,9.2mph,17.3mph,0.29in,Rain,Rain

10:31 AM,48.0°F,45.0°F,89%,29.86in,1.0mi,NNE,15.0mph,28.8mph,0.19in,Rain,Heavy Rain

10:35 AM,48.0°F,45.0°F,89%,29.85in,0.5mi,NNE,16.1mph,28.8mph,0.23in,Fog,	,

Rain,Heavy Rain,10:46 AM,48.2°F,46.4°F,93%,29.85in,2.0mi,Variable,6.9mph,19.6mph,0.32in

Rain,Light Rain,10:51 AM,48.0°F,45.0°F,89%,29.83in,1.5mi,Variable,6.9mph,16.1mph,0.33in

Rain,Light Rain,11:11 AM,48.0°F,46.0°F,93%,29.84in,1.2mi,Variable,4.6mph,  -,0.11in

Rain,Rain,11:34 AM,46.9°F,45.0°F,93%,29.84in,0.5mi,NNW,10.4mph,  -,0.24in

Fog,	,,Rain,Heavy Rain,11:44 AM,46.9°F,45.0°F,93%,29.82in,1.5mi,Variable,4.6mph

  -,0.28in,Rain,Heavy Rain,11:51 AM,46.9°F,45.0°F,93%,29.79in,0.8mi,Variable,5.8mph

  -,0.32in,Rain,Heavy Rain,12:03 PM,46.9°F,45.0°F,93%,29.82in,1.8mi,Variable,4.6mph

  -,0.05in,Rain,Rain,12:13 PM,48.0°F,46.0°F,93%,29.81in,0.2mi,NNW,10.4mph

23.0mph,0.18in,Fog,	,,Rain,Heavy Rain,12:27 PM,48.0°F,46.0°F,93%,29.80in,2.0mi

NNW,9.2mph,18.4mph,0.29in,Rain,Light Rain,12:35 PM,48.0°F,46.0°F,93%,29.79in,5.0mi

North,9.2mph,19.6mph,0.29in,Rain,Light Rain,12:51 PM,48.9°F,46.0°F,90%,29.77in,9.0mi

Variable,6.9mph,  -,0.29in,	,Overcast,1:18 PM,48.9°F,46.0°F,90%,29.78in,10.0mi

North,9.2mph,19.6mph,N/A,	,Overcast,1:51 PM,50.0°F,46.0°F,86%,29.74in,10.0mi

NNE,9.2mph,19.6mph,N/A,	,Overcast,2:36 PM,50.0°F,46.0°F,86%,29.76in,4.0mi

Variable,6.9mph,  -,N/A,	,Overcast,2:51 PM,50.0°F,46.9°F,89%,29.73in,4.0mi

NNE,8.1mph,  -,N/A,	,Overcast,3:44 PM,48.9°F,46.0°F,90%,29.76in,10.0mi

Variable,3.5mph,  -,N/A,	,Overcast,3:51 PM,48.0°F,45.0°F,89%,29.74in,10.0mi

WNW,6.9mph,  -,N/A,	,Overcast,4:35 PM,48.0°F,44.1°F,86%,29.77in,6.0mi

Variable,3.5mph,  -,N/A,	,Overcast,4:51 PM,48.0°F,45.0°F,89%,29.75in,6.0mi

Variable,3.5mph,  -,0.01in,	,Overcast,5:51 PM,48.9°F,44.1°F,83%,29.75in,10.0mi

NW,6.9mph,  -,N/A,	,Overcast,6:51 PM,48.9°F,43.0°F,80%,29.76in,10.0mi

Variable,5.8mph,  -,N/A,	,Overcast,7:51 PM,48.9°F,44.1°F,83%,29.75in,10.0mi

NW,5.8mph,  -,N/A,	,Overcast,8:51 PM,48.9°F,44.1°F,83%,29.75in,10.0mi

Variable,5.8mph,  -,N/A,	,Overcast,9:29 PM,48.9°F,44.1°F,83%,29.77in,10.0mi

Calm,Calm,  -,N/A,	,Overcast,9:51 PM,48.9°F,43.0°F,80%,29.75in,10.0mi

WNW,8.1mph,  -,N/A,	,Mostly Cloudy,10:51 PM,46.9°F,42.1°F,83%,29.75in,10.0mi

WNW,6.9mph,  -,N/A,	,Overcast,11:51 PM,48.0°F,42.1°F,80%,29.75in,10.0mi

