20161211
Time (EST),Temp.,Windchill,Dew Point,Humidity,Pressure,Visibility,Wind Dir,Wind Speed,Gust Speed,Precip,Events,Conditions

12:52 AM,28.9°F,  -,16.0°F,58%,30.46in,  -,Calm,Calm,  -,N/A,	,Unknown

1:51 AM,28.9°F,21.9°F,16.0°F,58%,30.47in,10.0mi,Variable,6.9mph,  -,N/A,	,Clear

2:51 AM,28.9°F,23.9°F,16.0°F,58%,30.48in,10.0mi,Variable,4.6mph,  -,N/A,	,Clear

3:51 AM,28.0°F,24.2°F,15.1°F,58%,30.49in,10.0mi,NW,3.5mph,  -,N/A,	,Clear

4:51 AM,28.0°F,21.7°F,14.0°F,56%,30.49in,10.0mi,West,5.8mph,  -,N/A,	,Clear

5:51 AM,28.0°F,24.2°F,15.1°F,58%,30.51in,10.0mi,West,3.5mph,  -,N/A,	,Clear

6:51 AM,28.9°F,  -,15.1°F,56%,30.52in,10.0mi,Calm,Calm,  -,N/A,	,Clear

7:51 AM,28.9°F,22.8°F,15.1°F,56%,30.54in,10.0mi,West,5.8mph,  -,N/A,	,Scattered Clouds

8:51 AM,30.0°F,26.5°F,16.0°F,56%,30.56in,10.0mi,West,3.5mph,  -,N/A,	,Partly Cloudy

9:51 AM,30.9°F,24.3°F,16.0°F,54%,30.57in,10.0mi,West,6.9mph,  -,N/A,	,Partly Cloudy

10:51 AM,33.1°F,27.7°F,17.1°F,52%,30.54in,10.0mi,WNW,5.8mph,  -,N/A,	,Overcast

11:51 AM,34.0°F,28.8°F,12.0°F,40%,30.50in,10.0mi,Variable,5.8mph,  -,N/A,	,Overcast

12:51 PM,34.0°F,29.8°F,12.9°F,42%,30.46in,10.0mi,SSW,4.6mph,  -,N/A,	,Overcast

1:51 PM,34.0°F,28.8°F,12.9°F,42%,30.44in,10.0mi,Variable,5.8mph,  -,N/A,	,Overcast

2:51 PM,34.0°F,29.8°F,14.0°F,44%,30.44in,10.0mi,WSW,4.6mph,  -,N/A,	,Overcast

3:51 PM,33.1°F,28.7°F,18.0°F,54%,30.44in,10.0mi,Variable,4.6mph,  -,N/A,	,Overcast

4:51 PM,32.0°F,  -,21.9°F,66%,30.43in,8.0mi,Calm,Calm,  -,0.00in,	,Overcast

5:10 PM,30.9°F,27.5°F,24.1°F,76%,30.45in,2.5mi,SSW,3.5mph,  -,0.00in,Snow,Light Snow

5:18 PM,30.9°F,26.2°F,25.0°F,79%,30.45in,1.8mi,South,4.6mph,  -,0.00in,Snow,Light Snow

5:35 PM,30.9°F,  -,26.1°F,82%,30.45in,1.2mi,Calm,Calm,  -,0.00in,Snow,Light Snow

5:51 PM,30.0°F,  -,27.0°F,88%,30.43in,1.0mi,Calm,Calm,  -,0.01in,Snow,Light Snow

6:45 PM,30.2°F,  -,26.6°F,86%,30.42in,2.0mi,Calm,Calm,  -,0.02in,Snow,Light Snow

6:51 PM,30.9°F,24.3°F,27.0°F,85%,30.40in,1.8mi,SSE,6.9mph,  -,0.02in,Snow,Light Snow

7:00 PM,30.9°F,24.3°F,27.0°F,85%,30.41in,2.0mi,Variable,6.9mph,  -,0.00in,Snow,Light Snow

7:08 PM,30.9°F,25.2°F,27.0°F,85%,30.41in,2.5mi,SE,5.8mph,  -,0.00in,	,Overcast

7:15 PM,30.9°F,25.2°F,27.0°F,85%,30.40in,4.0mi,Variable,5.8mph,  -,0.00in,	,Overcast

7:24 PM,30.9°F,24.3°F,27.0°F,85%,30.40in,7.0mi,SSE,6.9mph,  -,0.00in,	,Overcast

7:51 PM,32.0°F,  -,26.1°F,79%,30.37in,9.0mi,Calm,Calm,  -,0.00in,	,Overcast

8:51 PM,32.0°F,27.5°F,27.0°F,82%,30.33in,9.0mi,SSE,4.6mph,  -,N/A,	,Overcast

9:51 PM,33.1°F,28.7°F,27.0°F,78%,30.31in,10.0mi,SSE,4.6mph,  -,N/A,	,Overcast

10:51 PM,34.0°F,29.8°F,28.9°F,82%,30.27in,9.0mi,ENE,4.6mph,  -,N/A,	,Overcast

11:51 PM,34.0°F,29.8°F,30.0°F,85%,30.22in,6.0mi,ENE,4.6mph,  -,N/A,	,Overcast

