20160721
Time (EDT),Temp.,Heat Index,Dew Point,Humidity,Pressure,Visibility,Wind Dir,Wind Speed,Gust Speed,Precip,Events,Conditions

12:51 AM,73.0°F,  -,59.0°F,61%,30.17in,10.0mi,Calm,Calm,  -,N/A,	,Clear

1:51 AM,72.0°F,  -,60.1°F,66%,30.17in,10.0mi,North,  -,  -,N/A,	,Clear

2:51 AM,73.0°F,  -,61.0°F,66%,30.16in,10.0mi,Variable,3.5mph,  -,N/A,	,Clear

3:51 AM,72.0°F,  -,62.1°F,71%,30.15in,10.0mi,WSW,9.2mph,  -,N/A,	,Clear

4:51 AM,71.1°F,  -,62.1°F,73%,30.15in,10.0mi,West,3.5mph,  -,N/A,	,Clear

5:51 AM,72.0°F,  -,63.0°F,73%,30.16in,9.0mi,West,5.8mph,  -,N/A,	,Clear

6:51 AM,72.0°F,  -,64.0°F,76%,30.18in,8.0mi,Variable,6.9mph,  -,N/A,	,Clear

7:51 AM,73.9°F,  -,63.0°F,68%,30.17in,8.0mi,West,6.9mph,  -,N/A,	,Clear

8:51 AM,75.9°F,  -,62.1°F,62%,30.16in,8.0mi,Variable,5.8mph,  -,N/A,	,Clear

9:51 AM,79.0°F,  -,61.0°F,54%,30.15in,8.0mi,Variable,3.5mph,  -,N/A,	,Clear

10:51 AM,82.0°F,82.4°F,60.1°F,47%,30.15in,8.0mi,WSW,5.8mph,  -,N/A,	,Clear

11:51 AM,86.0°F,85.7°F,60.1°F,41%,30.14in,9.0mi,North,  -,  -,N/A,	,Clear

12:51 PM,89.1°F,87.7°F,57.0°F,34%,30.12in,8.0mi,Calm,Calm,  -,N/A,	,Clear

1:51 PM,88.0°F,87.1°F,59.0°F,37%,30.10in,8.0mi,Calm,Calm,  -,N/A,	,Clear

2:51 PM,86.0°F,86.1°F,61.0°F,43%,30.09in,8.0mi,South,3.5mph,  -,N/A,	,Clear

3:51 PM,84.9°F,86.1°F,64.0°F,49%,30.07in,8.0mi,South,8.1mph,  -,N/A,	,Clear

4:51 PM,84.0°F,84.9°F,63.0°F,49%,30.07in,8.0mi,Variable,3.5mph,  -,N/A,	,Clear

5:51 PM,82.9°F,84.0°F,63.0°F,51%,30.06in,8.0mi,South,5.8mph,  -,N/A,	,Clear

6:51 PM,82.0°F,83.8°F,64.9°F,56%,30.04in,8.0mi,Variable,6.9mph,  -,N/A,	,Clear

7:51 PM,81.0°F,82.7°F,64.9°F,58%,30.04in,8.0mi,Variable,5.8mph,  -,N/A,	,Clear

8:51 PM,80.1°F,81.9°F,64.9°F,60%,30.04in,9.0mi,South,8.1mph,  -,N/A,	,Clear

9:51 PM,79.0°F,  -,64.9°F,62%,30.06in,9.0mi,Variable,3.5mph,  -,N/A,	,Clear

10:51 PM,78.1°F,  -,64.0°F,62%,30.05in,9.0mi,Variable,6.9mph,  -,N/A,	,Clear

11:51 PM,78.1°F,  -,64.0°F,62%,30.04in,9.0mi,North,  -,  -,N/A,	,Clear

