20160902
Time (EDT),Temp.,Heat Index,Dew Point,Humidity,Pressure,Visibility,Wind Dir,Wind Speed,Gust Speed,Precip,Events,Conditions

12:51 AM,69.1°F,  -,57.0°F,65%,29.97in,10.0mi,Variable,3.5mph,  -,N/A,	,Overcast

1:51 AM,68.0°F,  -,57.0°F,68%,29.97in,10.0mi,Variable,4.6mph,  -,N/A,	,Mostly Cloudy

2:51 AM,68.0°F,  -,55.9°F,65%,29.97in,10.0mi,Variable,4.6mph,  -,N/A,	,Scattered Clouds

3:51 AM,66.9°F,  -,55.9°F,68%,29.98in,10.0mi,Variable,3.5mph,  -,N/A,	,Clear

4:51 AM,66.9°F,  -,55.0°F,66%,29.99in,10.0mi,Variable,4.6mph,  -,N/A,	,Clear

5:51 AM,66.9°F,  -,55.0°F,66%,30.02in,10.0mi,North,  -,  -,N/A,	,Mostly Cloudy

6:51 AM,66.0°F,  -,55.9°F,70%,30.04in,10.0mi,Variable,3.5mph,  -,N/A,	,Mostly Cloudy

7:51 AM,66.9°F,  -,55.9°F,68%,30.06in,10.0mi,NNE,5.8mph,  -,N/A,	,Partly Cloudy

8:51 AM,68.0°F,  -,55.9°F,65%,30.06in,10.0mi,North,10.4mph,  -,N/A,	,Clear

9:51 AM,71.1°F,  -,55.9°F,59%,30.07in,10.0mi,Variable,4.6mph,  -,N/A,	,Clear

10:51 AM,73.0°F,  -,55.0°F,53%,30.08in,10.0mi,Variable,6.9mph,  -,N/A,	,Clear

11:51 AM,77.0°F,  -,55.0°F,47%,30.09in,10.0mi,North,8.1mph,  -,N/A,	,Clear

12:51 PM,79.0°F,  -,55.9°F,45%,30.09in,10.0mi,Variable,4.6mph,  -,N/A,	,Clear

1:51 PM,80.1°F,80.0°F,54.0°F,40%,30.08in,10.0mi,Variable,6.9mph,  -,N/A,	,Clear

2:51 PM,80.1°F,80.1°F,55.0°F,42%,30.09in,10.0mi,Variable,5.8mph,  -,N/A,	,Clear

3:51 PM,79.0°F,  -,55.0°F,44%,30.08in,10.0mi,Variable,6.9mph,  -,N/A,	,Partly Cloudy

4:51 PM,79.0°F,  -,54.0°F,42%,30.07in,10.0mi,Variable,6.9mph,  -,N/A,	,Clear

5:51 PM,78.1°F,  -,54.0°F,43%,30.08in,10.0mi,Variable,6.9mph,  -,N/A,	,Clear

6:51 PM,77.0°F,  -,52.0°F,42%,30.09in,10.0mi,Variable,6.9mph,  -,N/A,	,Clear

7:51 PM,75.9°F,  -,53.1°F,45%,30.09in,10.0mi,NNE,4.6mph,  -,N/A,	,Clear

8:51 PM,75.9°F,  -,50.0°F,40%,30.12in,10.0mi,Variable,6.9mph,  -,N/A,	,Clear

9:51 PM,75.0°F,  -,51.1°F,43%,30.13in,10.0mi,NE,6.9mph,  -,N/A,	,Clear

10:51 PM,72.0°F,  -,51.1°F,48%,30.14in,10.0mi,Variable,4.6mph,  -,N/A,	,Scattered Clouds

11:51 PM,72.0°F,  -,51.1°F,48%,30.14in,10.0mi,Variable,5.8mph,  -,N/A,	,Clear

