20160216
Time (EST),Temp.,Windchill,Dew Point,Humidity,Pressure,Visibility,Wind Dir,Wind Speed,Gust Speed,Precip,Events,Conditions

12:18 AM,35.1°F,31.0°F,32.0°F,89%,30.09in,2.5mi,NE,4.6mph,  -,0.01in,	,Overcast

12:51 AM,35.1°F,31.0°F,32.0°F,89%,30.06in,1.8mi,NE,4.6mph,  -,0.01in,	,Overcast

1:32 AM,37.9°F,35.5°F,34.0°F,86%,30.07in,1.2mi,Variable,3.5mph,  -,0.00in,	,Overcast

1:51 AM,37.9°F,  -,36.0°F,93%,30.04in,1.0mi,Calm,Calm,  -,0.00in,	,Overcast

2:31 AM,39.0°F,35.7°F,37.0°F,93%,30.05in,2.0mi,Variable,4.6mph,  -,N/A,	,Overcast

2:46 AM,42.8°F,40.1°F,41.0°F,93%,30.05in,5.0mi,SSE,4.6mph,  -,0.00in,	,Overcast

2:51 AM,44.1°F,41.5°F,41.0°F,89%,30.03in,5.0mi,SSE,4.6mph,  -,0.00in,	,Overcast

3:51 AM,46.9°F,  -,44.1°F,90%,30.00in,7.0mi,Variable,6.9mph,  -,0.01in,	,Overcast

4:44 AM,48.0°F,  -,44.1°F,86%,29.99in,7.0mi,SSE,10.4mph,19.6mph,N/A,	,Overcast

4:51 AM,48.0°F,  -,44.1°F,86%,29.96in,7.0mi,South,9.2mph,18.4mph,N/A,	,Overcast

5:10 AM,48.0°F,  -,44.1°F,86%,29.98in,6.0mi,SSE,8.1mph,19.6mph,N/A,	,Overcast

5:21 AM,46.9°F,  -,43.0°F,86%,29.97in,6.0mi,South,9.2mph,19.6mph,N/A,	,Overcast

5:51 AM,48.0°F,  -,44.1°F,86%,29.94in,7.0mi,Variable,5.8mph,19.6mph,N/A,	,Overcast

6:07 AM,48.0°F,  -,44.1°F,86%,29.95in,7.0mi,North,  -,  -,N/A,	,Overcast

6:51 AM,48.9°F,  -,44.1°F,83%,29.90in,7.0mi,Variable,6.9mph,  -,N/A,	,Overcast

6:54 AM,48.9°F,  -,44.1°F,83%,29.92in,7.0mi,Variable,4.6mph,  -,N/A,	,Overcast

7:28 AM,50.0°F,  -,46.0°F,86%,29.91in,7.0mi,Variable,6.9mph,17.3mph,N/A,	,Overcast

7:51 AM,51.1°F,  -,46.0°F,83%,29.88in,6.0mi,South,8.1mph,25.3mph,N/A,	,Haze

8:25 AM,52.0°F,  -,46.9°F,83%,29.88in,6.0mi,Variable,6.9mph,  -,N/A,	,Haze

8:51 AM,52.0°F,  -,46.9°F,83%,29.85in,6.0mi,Variable,6.9mph,23.0mph,N/A,	,Haze

9:03 AM,52.0°F,  -,46.9°F,83%,29.86in,2.5mi,Variable,5.8mph,21.9mph,0.00in,Rain,Light Rain

9:18 AM,53.1°F,  -,48.0°F,83%,29.85in,6.0mi,Variable,4.6mph,19.6mph,0.01in,	,Haze

9:33 AM,52.0°F,  -,48.0°F,86%,29.83in,1.8mi,South,8.1mph,  -,0.01in,Rain,Rain

9:46 AM,51.8°F,  -,48.2°F,88%,29.82in,0.8mi,South,12.7mph,24.2mph,0.09in,Rain,Rain

9:51 AM,51.1°F,  -,48.0°F,89%,29.79in,1.2mi,South,17.3mph,28.8mph,0.10in,Rain,Light Rain

9:55 AM,52.0°F,  -,48.0°F,86%,29.81in,3.0mi,North,  -,  -,0.00in,Rain,Light Rain

10:31 AM,53.1°F,  -,48.0°F,83%,29.78in,5.0mi,SSE,9.2mph,  -,0.01in,	,Haze

10:51 AM,53.1°F,  -,48.0°F,83%,29.74in,6.0mi,North,  -,  -,0.01in,	,Haze

11:34 AM,53.1°F,  -,48.0°F,83%,29.69in,3.0mi,Variable,6.9mph,  -,0.00in,Rain,Light Rain

11:51 AM,53.1°F,  -,48.0°F,83%,29.65in,4.0mi,North,  -,  -,0.01in,Rain,Light Rain

12:01 PM,53.1°F,  -,48.9°F,86%,29.65in,2.5mi,SSE,12.7mph,21.9mph,0.00in,Rain,Light Rain

12:07 PM,53.1°F,  -,48.9°F,86%,29.64in,3.0mi,SSE,13.8mph,23.0mph,0.01in,	,Overcast

12:14 PM,52.0°F,  -,48.9°F,89%,29.63in,3.0mi,South,10.4mph,25.3mph,0.01in,	,Overcast

12:21 PM,53.1°F,  -,48.0°F,83%,29.61in,3.0mi,North,  -,  -,0.01in,Rain,Light Rain

12:39 PM,52.0°F,  -,48.0°F,86%,29.58in,4.0mi,South,12.7mph,23.0mph,0.01in,	,Overcast

12:48 PM,51.8°F,  -,48.2°F,88%,29.57in,1.2mi,SSE,15.0mph,28.8mph,0.04in,Rain,Light Rain

12:51 PM,52.0°F,  -,48.0°F,86%,29.55in,1.5mi,South,9.2mph,40.3mph,0.04in,Rain,Light Rain

12:55 PM,52.0°F,  -,48.0°F,86%,29.56in,3.0mi,SSE,16.1mph,40.3mph,0.01in,Rain,Light Rain

1:21 PM,53.1°F,  -,50.0°F,89%,29.54in,1.5mi,South,12.7mph,29.9mph,0.03in,Rain,Light Rain

1:51 PM,53.1°F,  -,50.0°F,89%,29.47in,1.5mi,SSE,8.1mph,28.8mph,0.18in,Rain,Light Rain

2:51 PM,52.0°F,  -,50.0°F,93%,29.43in,0.2mi,Variable,6.9mph,18.4mph,0.58in,Fog,	,

Rain,Rain,2:56 PM,52.0°F,  -,48.9°F,89%,29.44in,2.0mi,South,6.9mph,18.4mph,0.01in

Rain,Light Rain,3:06 PM,52.0°F,  -,48.9°F,89%,29.44in,4.0mi,Calm,Calm,  -,0.03in

Rain,Light Rain,3:20 PM,52.0°F,  -,48.9°F,89%,29.46in,2.5mi,Variable,3.5mph,  -,0.04in

Rain,Rain,3:24 PM,52.0°F,  -,48.9°F,89%,29.45in,1.8mi,Variable,3.5mph,  -,0.05in

Rain,Rain,3:32 PM,53.1°F,  -,50.0°F,89%,29.46in,3.0mi,North,  -,  -,0.06in

Rain,Light Rain,3:51 PM,53.1°F,  -,48.9°F,86%,29.44in,10.0mi,Variable,5.8mph,18.4mph,0.06in

	,Mostly Cloudy,4:32 PM,53.1°F,  -,48.0°F,83%,29.48in,10.0mi,Variable,6.9mph,19.6mph,0.01in

	,Mostly Cloudy,4:48 PM,53.6°F,  -,48.2°F,82%,29.50in,10.0mi,WSW,12.7mph,21.9mph,0.01in

	,Overcast,4:51 PM,53.1°F,  -,48.0°F,83%,29.47in,10.0mi,Variable,6.9mph,21.9mph,0.01in

	,Overcast,5:51 PM,51.1°F,  -,45.0°F,80%,29.51in,10.0mi,WSW,10.4mph,29.9mph,N/A

	,Overcast,6:51 PM,48.0°F,  -,39.0°F,71%,29.55in,10.0mi,West,10.4mph,20.7mph,N/A

	,Overcast,7:27 PM,46.9°F,  -,37.0°F,68%,29.60in,10.0mi,Variable,6.9mph,  -,N/A

	,Overcast,7:51 PM,46.0°F,40.6°F,37.0°F,71%,29.60in,10.0mi,West,11.5mph,16.1mph,N/A

	,Overcast,8:47 PM,44.6°F,40.2°F,35.6°F,71%,29.66in,10.0mi,WNW,8.1mph,  -,N/A

	,Mostly Cloudy,8:51 PM,45.0°F,41.8°F,35.1°F,68%,29.65in,10.0mi,West,5.8mph,  -,N/A

	,Mostly Cloudy,9:17 PM,43.0°F,40.3°F,32.0°F,65%,29.68in,10.0mi,Variable,4.6mph,20.7mph,N/A

	,Scattered Clouds,9:51 PM,42.1°F,37.7°F,30.0°F,62%,29.73in,10.0mi,Variable,6.9mph,  -,N/A

	,Partly Cloudy,10:51 PM,39.0°F,32.8°F,28.9°F,67%,29.77in,10.0mi,NW,9.2mph,17.3mph,N/A

	,Partly Cloudy,11:51 PM,37.9°F,32.1°F,25.0°F,60%,29.81in,10.0mi,WNW,8.1mph,  -,N/A

