20161207
Time (EST),Temp.,Windchill,Dew Point,Humidity,Pressure,Visibility,Wind Dir,Wind Speed,Gust Speed,Precip,Events,Conditions

1:51 AM,41.0°F,33.9°F,37.9°F,89%,29.84in,8.0mi,ENE,12.7mph,18.4mph,0.01in,	,Overcast

2:00 AM,41.0°F,35.8°F,37.9°F,89%,29.87in,6.0mi,ENE,8.1mph,19.6mph,N/A,	,Overcast

2:24 AM,41.0°F,37.1°F,37.9°F,89%,29.88in,4.0mi,NE,5.8mph,  -,0.00in,	,Overcast

2:49 AM,39.2°F,35.9°F,37.4°F,93%,29.89in,2.5mi,Variable,4.6mph,  -,0.01in,Rain,Light Rain

2:51 AM,39.9°F,35.8°F,37.9°F,93%,29.86in,2.5mi,NE,5.8mph,  -,0.01in,Rain,Light Rain

3:51 AM,39.9°F,35.1°F,37.9°F,93%,29.89in,3.0mi,Variable,6.9mph,  -,0.06in,Rain,Light Rain

4:51 AM,39.9°F,35.1°F,37.0°F,89%,29.90in,6.0mi,Variable,6.9mph,  -,0.00in,	,Overcast

6:51 AM,39.9°F,35.8°F,37.0°F,89%,29.93in,10.0mi,Variable,5.8mph,  -,N/A,	,Overcast

7:51 AM,39.9°F,35.8°F,37.0°F,89%,29.96in,8.0mi,NE,5.8mph,  -,N/A,	,Overcast

8:51 AM,39.9°F,36.7°F,37.0°F,89%,29.99in,3.0mi,NE,4.6mph,  -,0.00in,Rain,Light Rain

8:59 AM,39.9°F,  -,37.9°F,93%,30.02in,2.5mi,Calm,Calm,  -,0.00in,	,Overcast

9:10 AM,41.0°F,39.0°F,37.9°F,89%,30.02in,3.0mi,Variable,3.5mph,  -,0.00in,	,Overcast

9:51 AM,41.0°F,38.0°F,37.9°F,89%,30.00in,5.0mi,North,4.6mph,  -,0.00in,	,Overcast

10:51 AM,41.0°F,  -,37.0°F,86%,29.99in,6.0mi,Calm,Calm,  -,N/A,	,Overcast

11:51 AM,42.1°F,40.2°F,37.9°F,85%,29.97in,6.0mi,Variable,3.5mph,  -,N/A,	,Overcast

12:51 PM,42.1°F,40.2°F,37.9°F,85%,29.96in,4.0mi,Variable,3.5mph,  -,N/A,	,Overcast

1:51 PM,43.0°F,41.3°F,37.9°F,82%,29.97in,8.0mi,WNW,3.5mph,  -,N/A,	,Overcast

2:51 PM,44.1°F,41.5°F,37.9°F,79%,29.98in,9.0mi,West,4.6mph,  -,N/A,	,Overcast

3:51 PM,45.0°F,  -,37.9°F,76%,29.98in,10.0mi,Calm,Calm,  -,N/A,	,Overcast

4:27 PM,45.0°F,43.5°F,37.9°F,76%,30.04in,10.0mi,NW,3.5mph,  -,N/A,	,Overcast

4:51 PM,45.0°F,  -,35.1°F,68%,30.02in,10.0mi,Calm,Calm,  -,N/A,	,Overcast

5:51 PM,45.0°F,  -,34.0°F,65%,30.03in,10.0mi,Calm,Calm,  -,N/A,	,Mostly Cloudy

6:51 PM,44.1°F,  -,33.1°F,65%,30.04in,10.0mi,Calm,Calm,  -,N/A,	,Mostly Cloudy

7:51 PM,44.1°F,41.5°F,33.1°F,65%,30.03in,10.0mi,WNW,4.6mph,  -,N/A,	,Mostly Cloudy

8:51 PM,45.0°F,  -,33.1°F,63%,30.03in,10.0mi,Calm,Calm,  -,N/A,	,Clear

9:51 PM,44.1°F,40.8°F,34.0°F,68%,30.02in,10.0mi,West,5.8mph,  -,N/A,	,Clear

10:51 PM,44.1°F,40.8°F,33.1°F,65%,30.02in,10.0mi,West,5.8mph,  -,N/A,	,Clear

11:51 PM,43.0°F,41.3°F,33.1°F,68%,30.01in,10.0mi,Variable,3.5mph,  -,N/A,	,Clear

