20160117
Time (EST),Temp.,Windchill,Dew Point,Humidity,Pressure,Visibility,Wind Dir,Wind Speed,Gust Speed,Precip,Events,Conditions

12:51 AM,42.1°F,38.4°F,28.0°F,58%,29.77in,10.0mi,West,5.8mph,17.3mph,N/A,	,Overcast

1:25 AM,41.0°F,34.3°F,28.0°F,60%,29.81in,10.0mi,NW,11.5mph,18.4mph,N/A,	,Overcast

1:46 AM,41.0°F,36.4°F,28.4°F,61%,29.81in,10.0mi,WNW,6.9mph,  -,N/A,	,Overcast

1:51 AM,41.0°F,35.8°F,28.0°F,60%,29.79in,10.0mi,WNW,8.1mph,  -,N/A,	,Overcast

2:49 AM,41.0°F,38.0°F,28.4°F,61%,29.84in,10.0mi,Variable,4.6mph,  -,N/A,	,Overcast

2:51 AM,41.0°F,38.0°F,28.0°F,60%,29.81in,10.0mi,WNW,4.6mph,  -,N/A,	,Overcast

3:15 AM,39.9°F,  -,26.1°F,58%,29.85in,10.0mi,North,  -,  -,N/A,	,Overcast

3:51 AM,39.0°F,34.8°F,24.1°F,55%,29.83in,10.0mi,Variable,5.8mph,  -,N/A,	,Overcast

4:51 AM,37.0°F,31.6°F,19.9°F,50%,29.84in,10.0mi,Variable,6.9mph,  -,N/A,	,Partly Cloudy

5:51 AM,36.0°F,30.3°F,19.0°F,50%,29.83in,10.0mi,NNW,6.9mph,  -,N/A,	,Clear

6:51 AM,35.1°F,28.6°F,19.0°F,52%,29.84in,10.0mi,North,8.1mph,  -,N/A,	,Clear

7:51 AM,35.1°F,27.9°F,18.0°F,50%,29.86in,10.0mi,NNE,9.2mph,  -,N/A,	,Clear

8:51 AM,35.1°F,28.6°F,19.0°F,52%,29.87in,10.0mi,ENE,8.1mph,  -,N/A,	,Clear

9:51 AM,35.1°F,29.3°F,18.0°F,50%,29.89in,10.0mi,NNE,6.9mph,  -,N/A,	,Clear

10:51 AM,35.1°F,27.9°F,18.0°F,50%,29.86in,10.0mi,ENE,9.2mph,16.1mph,N/A,	,Partly Cloudy

11:51 AM,36.0°F,32.1°F,18.0°F,48%,29.85in,10.0mi,Variable,4.6mph,  -,N/A,	,Overcast

12:51 PM,36.0°F,31.1°F,18.0°F,48%,29.80in,10.0mi,Variable,5.8mph,  -,N/A,	,Overcast

1:51 PM,35.1°F,28.6°F,17.1°F,48%,29.78in,10.0mi,North,8.1mph,  -,N/A,	,Overcast

2:51 PM,34.0°F,28.0°F,19.0°F,54%,29.76in,10.0mi,Variable,6.9mph,  -,N/A,	,Overcast

3:51 PM,30.9°F,24.3°F,24.1°F,76%,29.73in,0.8mi,Variable,6.9mph,  -,0.00in,Snow,Light Snow

4:51 PM,30.0°F,26.5°F,26.1°F,85%,29.74in,0.5mi,Variable,3.5mph,  -,0.02in,Fog,	,

Snow,Snow,5:51 PM,30.0°F,  -,26.1°F,85%,29.74in,1.0mi,Calm,Calm,  -,0.02in

Snow,Light Snow,6:29 PM,30.0°F,25.2°F,25.0°F,82%,29.75in,2.0mi,Variable,4.6mph,  -,0.00in

Snow,Light Snow,6:40 PM,30.0°F,24.1°F,25.0°F,82%,29.75in,2.5mi,ENE,5.8mph,  -,0.01in

Snow,Light Snow,6:51 PM,30.0°F,24.1°F,25.0°F,82%,29.73in,2.5mi,North,5.8mph,  -,0.01in

Snow,Light Snow,7:07 PM,30.0°F,  -,25.0°F,82%,29.74in,3.0mi,Calm,Calm,  -,0.00in

Snow,Light Snow,7:51 PM,30.0°F,26.5°F,25.0°F,82%,29.72in,7.0mi,Variable,3.5mph,  -,0.00in

	,Overcast,8:10 PM,30.0°F,  -,25.0°F,82%,29.74in,9.0mi,Calm,Calm,  -,N/A

	,Overcast,8:36 PM,30.0°F,24.1°F,25.0°F,82%,29.74in,8.0mi,NW,5.8mph,  -,N/A

	,Overcast,8:51 PM,30.0°F,25.2°F,24.1°F,79%,29.72in,8.0mi,Variable,4.6mph,  -,N/A

	,Mostly Cloudy,9:33 PM,30.0°F,  -,24.1°F,79%,29.73in,9.0mi,Calm,Calm,  -,N/A

	,Scattered Clouds,9:51 PM,30.0°F,26.5°F,24.1°F,79%,29.70in,9.0mi,WNW,3.5mph,  -,N/A

	,Clear,10:51 PM,30.9°F,  -,24.1°F,76%,29.70in,10.0mi,Calm,Calm,  -,N/A

	,Overcast,11:51 PM,30.9°F,  -,24.1°F,76%,29.69in,10.0mi,Calm,Calm,  -,N/A

