20160409
Time (EDT),Temp.,Windchill,Dew Point,Humidity,Pressure,Visibility,Wind Dir,Wind Speed,Gust Speed,Precip,Events,Conditions

12:51 AM,39.9°F,36.7°F,21.0°F,47%,29.78in,10.0mi,Variable,4.6mph,  -,N/A,	,Clear

1:51 AM,39.0°F,35.7°F,19.0°F,45%,29.77in,10.0mi,Variable,4.6mph,  -,N/A,	,Clear

2:51 AM,39.0°F,36.8°F,18.0°F,43%,29.76in,10.0mi,NE,3.5mph,  -,N/A,	,Clear

3:51 AM,37.9°F,35.5°F,17.1°F,43%,29.76in,10.0mi,Variable,3.5mph,  -,N/A,	,Partly Cloudy

5:51 AM,37.9°F,35.5°F,18.0°F,45%,29.74in,10.0mi,NE,3.5mph,  -,N/A,	,Partly Cloudy

6:51 AM,37.9°F,34.4°F,19.9°F,48%,29.75in,10.0mi,Variable,4.6mph,  -,N/A,	,Clear

7:51 AM,39.9°F,35.1°F,21.0°F,47%,29.76in,10.0mi,SE,6.9mph,17.3mph,N/A,	,Clear

8:51 AM,42.1°F,37.7°F,21.9°F,45%,29.75in,10.0mi,Variable,6.9mph,  -,N/A,	,Overcast

9:51 AM,42.1°F,36.1°F,24.1°F,49%,29.73in,10.0mi,ENE,10.4mph,  -,N/A,	,Mostly Cloudy

10:51 AM,42.1°F,37.7°F,27.0°F,55%,29.73in,10.0mi,ENE,6.9mph,  -,N/A,	,Overcast

11:51 AM,43.0°F,37.7°F,26.1°F,51%,29.72in,10.0mi,ENE,9.2mph,  -,N/A,	,Overcast

12:51 PM,39.0°F,35.7°F,30.9°F,73%,29.73in,7.0mi,Variable,4.6mph,  -,0.00in,Rain,Light Rain

1:51 PM,37.9°F,19.6°F,33.1°F,83%,29.73in,4.0mi,NE,85.2mph,  -,0.04in,Rain,Light Rain

2:51 PM,37.9°F,32.1°F,33.1°F,83%,29.74in,5.0mi,ENE,8.1mph,  -,0.02in,Rain,Light Rain

3:51 PM,37.9°F,32.7°F,33.1°F,83%,29.75in,4.0mi,Variable,6.9mph,  -,0.03in,Rain,Light Rain

4:51 PM,37.9°F,34.4°F,33.1°F,83%,29.77in,7.0mi,Variable,4.6mph,  -,0.01in,	,Overcast

5:51 PM,39.0°F,33.4°F,33.1°F,79%,29.77in,10.0mi,NNE,8.1mph,  -,0.01in,	,Overcast

6:51 PM,39.9°F,34.5°F,33.1°F,77%,29.79in,10.0mi,WNW,8.1mph,  -,N/A,	,Overcast

7:51 PM,41.0°F,36.4°F,30.0°F,65%,29.83in,10.0mi,NW,6.9mph,  -,N/A,	,Overcast

8:51 PM,42.1°F,40.2°F,28.9°F,60%,29.87in,10.0mi,Variable,3.5mph,  -,N/A,	,Overcast

9:51 PM,42.1°F,37.1°F,23.0°F,47%,29.91in,10.0mi,WNW,8.1mph,19.6mph,N/A,	,Overcast

10:51 PM,39.9°F,37.8°F,19.0°F,43%,29.95in,10.0mi,Variable,3.5mph,  -,N/A,	,Overcast

11:51 PM,37.9°F,31.5°F,18.0°F,45%,30.00in,10.0mi,NW,9.2mph,  -,N/A,	,Partly Cloudy

