20160323
Time (EDT),Temp.,Dew Point,Humidity,Pressure,Visibility,Wind Dir,Wind Speed,Gust Speed,Precip,Events,Conditions

12:51 AM,48.9°F,30.0°F,48%,29.98in,10.0mi,North,  -,  -,N/A,	,Clear

1:51 AM,50.0°F,30.0°F,46%,29.97in,10.0mi,WSW,8.1mph,25.3mph,N/A,	,Clear

2:51 AM,48.9°F,30.9°F,50%,29.97in,10.0mi,Variable,6.9mph,  -,N/A,	,Clear

3:51 AM,48.9°F,30.9°F,50%,29.94in,10.0mi,WSW,11.5mph,19.6mph,N/A,	,Clear

4:51 AM,50.0°F,32.0°F,50%,29.92in,10.0mi,WSW,6.9mph,16.1mph,N/A,	,Clear

5:51 AM,50.0°F,32.0°F,50%,29.92in,10.0mi,West,8.1mph,18.4mph,N/A,	,Clear

6:51 AM,50.0°F,33.1°F,52%,29.92in,10.0mi,North,  -,  -,N/A,	,Clear

7:51 AM,51.1°F,33.1°F,50%,29.94in,10.0mi,Variable,6.9mph,  -,N/A,	,Clear

8:51 AM,52.0°F,32.0°F,47%,29.94in,10.0mi,WSW,8.1mph,  -,N/A,	,Clear

9:51 AM,55.0°F,32.0°F,42%,29.95in,10.0mi,WSW,10.4mph,18.4mph,N/A,	,Clear

10:51 AM,57.9°F,30.9°F,36%,29.95in,10.0mi,Variable,3.5mph,  -,N/A,	,Clear

11:51 AM,60.1°F,30.0°F,32%,29.94in,10.0mi,West,6.9mph,  -,N/A,	,Clear

12:51 PM,62.1°F,28.0°F,28%,29.94in,10.0mi,WSW,9.2mph,  -,N/A,	,Clear

1:51 PM,64.9°F,27.0°F,24%,29.94in,10.0mi,Variable,4.6mph,  -,N/A,	,Clear

2:51 PM,66.9°F,28.0°F,23%,29.94in,10.0mi,West,8.1mph,  -,N/A,	,Clear

3:51 PM,69.1°F,28.0°F,22%,29.93in,10.0mi,Variable,6.9mph,  -,N/A,	,Clear

4:51 PM,71.1°F,28.0°F,20%,29.93in,10.0mi,West,6.9mph,  -,N/A,	,Clear

5:51 PM,70.0°F,28.0°F,21%,29.94in,10.0mi,North,  -,  -,N/A,	,Clear

6:51 PM,69.1°F,28.0°F,22%,29.95in,10.0mi,Calm,Calm,  -,N/A,	,Clear

7:51 PM,66.0°F,28.0°F,24%,29.97in,10.0mi,Calm,Calm,  -,N/A,	,Clear

8:51 PM,63.0°F,32.0°F,31%,29.99in,10.0mi,SSE,4.6mph,  -,N/A,	,Clear

9:51 PM,60.1°F,33.1°F,36%,30.01in,10.0mi,NNE,3.5mph,  -,N/A,	,Clear

10:51 PM,57.9°F,35.1°F,42%,30.04in,10.0mi,NE,4.6mph,  -,N/A,	,Clear

11:51 PM,54.0°F,35.1°F,49%,30.06in,10.0mi,Variable,3.5mph,  -,N/A,	,Clear

