20161222
Time (EST),Temp.,Windchill,Dew Point,Humidity,Pressure,Visibility,Wind Dir,Wind Speed,Gust Speed,Precip,Events,Conditions

12:51 AM,39.0°F,  -,19.9°F,46%,30.14in,10.0mi,Calm,Calm,  -,N/A,	,Clear

1:51 AM,37.9°F,  -,21.0°F,51%,30.14in,10.0mi,North,  -,  -,N/A,	,Clear

2:51 AM,37.9°F,35.5°F,19.9°F,48%,30.12in,10.0mi,Variable,3.5mph,  -,N/A,	,Clear

3:51 AM,37.9°F,35.5°F,21.9°F,53%,30.08in,10.0mi,NE,3.5mph,  -,N/A,	,Clear

4:51 AM,39.0°F,36.8°F,21.9°F,50%,30.09in,10.0mi,Variable,3.5mph,  -,N/A,	,Overcast

5:51 AM,39.0°F,34.0°F,23.0°F,53%,30.05in,10.0mi,SSE,6.9mph,  -,N/A,	,Overcast

6:51 AM,39.9°F,36.7°F,24.1°F,53%,30.04in,10.0mi,SSE,4.6mph,  -,N/A,	,Overcast

7:51 AM,42.1°F,38.4°F,25.0°F,51%,30.01in,10.0mi,South,5.8mph,  -,N/A,	,Overcast

8:51 AM,44.1°F,41.5°F,26.1°F,49%,29.98in,10.0mi,South,4.6mph,  -,N/A,	,Overcast

9:51 AM,45.0°F,42.6°F,25.0°F,46%,29.97in,10.0mi,WSW,4.6mph,18.4mph,N/A,	,Partly Cloudy

10:51 AM,44.1°F,40.8°F,26.1°F,49%,29.96in,10.0mi,Variable,5.8mph,  -,N/A,	,Overcast

11:51 AM,42.1°F,38.4°F,25.0°F,51%,29.92in,10.0mi,Variable,5.8mph,  -,N/A,	,Mostly Cloudy

12:51 PM,44.1°F,40.8°F,24.1°F,45%,29.90in,10.0mi,West,5.8mph,  -,N/A,	,Mostly Cloudy

1:51 PM,46.0°F,  -,24.1°F,42%,29.90in,10.0mi,Calm,Calm,  -,N/A,	,Clear

2:51 PM,48.9°F,  -,21.9°F,35%,29.93in,10.0mi,WNW,8.1mph,  -,N/A,	,Clear

3:51 PM,46.9°F,  -,21.9°F,37%,29.97in,10.0mi,NW,13.8mph,23.0mph,N/A,	,Clear

4:51 PM,44.1°F,39.5°F,24.1°F,45%,30.01in,10.0mi,WNW,8.1mph,24.2mph,N/A,	,Overcast

5:51 PM,43.0°F,38.2°F,25.0°F,49%,30.04in,10.0mi,WNW,8.1mph,24.2mph,N/A,	,Overcast

6:51 PM,42.1°F,35.2°F,25.0°F,51%,30.07in,10.0mi,WNW,12.7mph,18.4mph,N/A,	,Scattered Clouds

7:51 PM,41.0°F,34.7°F,25.0°F,53%,30.09in,10.0mi,WNW,10.4mph,17.3mph,N/A,	,Clear

8:51 PM,41.0°F,36.4°F,26.1°F,55%,30.11in,10.0mi,Variable,6.9mph,  -,N/A,	,Partly Cloudy

9:51 PM,39.9°F,  -,27.0°F,60%,30.14in,10.0mi,North,  -,  -,N/A,	,Partly Cloudy

10:51 PM,39.9°F,33.9°F,27.0°F,60%,30.17in,10.0mi,WNW,9.2mph,  -,N/A,	,Partly Cloudy

11:51 PM,39.9°F,35.8°F,26.1°F,58%,30.20in,10.0mi,Variable,5.8mph,  -,N/A,	,Partly Cloudy

