20160308
Time (EST),Temp.,Dew Point,Humidity,Pressure,Visibility,Wind Dir,Wind Speed,Gust Speed,Precip,Events,Conditions

12:51 AM,53.1°F,34.0°F,48%,30.06in,10.0mi,Variable,4.6mph,  -,N/A,	,Clear

1:51 AM,53.1°F,34.0°F,48%,30.07in,10.0mi,Calm,Calm,  -,N/A,	,Clear

2:51 AM,51.1°F,35.1°F,54%,30.08in,10.0mi,Calm,Calm,  -,N/A,	,Clear

3:51 AM,52.0°F,34.0°F,50%,30.08in,10.0mi,West,3.5mph,  -,N/A,	,Overcast

4:51 AM,50.0°F,32.0°F,50%,30.10in,10.0mi,Calm,Calm,  -,N/A,	,Partly Cloudy

5:51 AM,48.0°F,33.1°F,56%,30.12in,10.0mi,Calm,Calm,  -,N/A,	,Clear

6:51 AM,48.9°F,34.0°F,56%,30.13in,10.0mi,WNW,3.5mph,  -,N/A,	,Mostly Cloudy

7:51 AM,50.0°F,32.0°F,50%,30.14in,10.0mi,Calm,Calm,  -,N/A,	,Scattered Clouds

8:51 AM,54.0°F,33.1°F,45%,30.15in,10.0mi,Calm,Calm,  -,N/A,	,Clear

9:51 AM,57.9°F,33.1°F,39%,30.15in,10.0mi,NE,4.6mph,  -,N/A,	,Mostly Cloudy

10:51 AM,62.1°F,35.1°F,37%,30.16in,7.0mi,NE,3.5mph,  -,N/A,	,Overcast

11:51 AM,64.9°F,35.1°F,33%,30.15in,8.0mi,Calm,Calm,  -,N/A,	,Mostly Cloudy

12:51 PM,62.1°F,32.0°F,32%,30.13in,10.0mi,South,8.1mph,18.4mph,N/A,	,Clear

1:51 PM,62.1°F,34.0°F,35%,30.12in,9.0mi,SSE,11.5mph,16.1mph,N/A,	,Clear

2:51 PM,60.1°F,34.0°F,38%,30.11in,10.0mi,South,9.2mph,  -,N/A,	,Clear

3:51 PM,55.9°F,36.0°F,47%,30.12in,7.0mi,Variable,4.6mph,  -,N/A,	,Clear

4:51 PM,55.0°F,37.0°F,51%,30.12in,6.0mi,Variable,3.5mph,  -,N/A,	,Haze

5:51 PM,53.1°F,37.9°F,57%,30.12in,6.0mi,Variable,3.5mph,  -,N/A,	,Haze

6:51 PM,51.1°F,37.9°F,61%,30.14in,7.0mi,Calm,Calm,  -,N/A,	,Clear

7:51 PM,51.1°F,37.9°F,61%,30.14in,7.0mi,Variable,3.5mph,  -,N/A,	,Clear

8:51 PM,50.0°F,39.0°F,66%,30.14in,7.0mi,SE,4.6mph,  -,N/A,	,Clear

9:51 PM,50.0°F,39.0°F,66%,30.16in,7.0mi,SE,3.5mph,  -,N/A,	,Clear

10:51 PM,48.9°F,39.0°F,69%,30.14in,7.0mi,SSE,3.5mph,  -,N/A,	,Clear

11:51 PM,48.0°F,39.9°F,74%,30.14in,6.0mi,SE,4.6mph,  -,N/A,	,Haze

