20160403
Time (EDT),Temp.,Windchill,Dew Point,Humidity,Pressure,Visibility,Wind Dir,Wind Speed,Gust Speed,Precip,Events,Conditions

12:51 AM,50.0°F,  -,44.1°F,80%,29.24in,8.0mi,North,  -,  -,0.00in,Rain,Light Rain

1:51 AM,43.0°F,  -,37.9°F,82%,29.27in,10.0mi,North,  -,  -,0.09in,	,Overcast

2:51 AM,41.0°F,35.2°F,35.1°F,79%,29.29in,10.0mi,NW,9.2mph,18.4mph,0.00in,	,Overcast

3:51 AM,42.1°F,36.6°F,30.0°F,62%,29.29in,10.0mi,West,9.2mph,24.2mph,N/A,	,Overcast

4:51 AM,41.0°F,34.3°F,28.0°F,60%,29.29in,10.0mi,West,11.5mph,26.5mph,N/A,	,Overcast

5:51 AM,37.0°F,28.1°F,30.0°F,76%,29.39in,10.0mi,NW,15.0mph,38.0mph,0.01in,	,Overcast

6:51 AM,37.0°F,27.0°F,21.9°F,54%,29.50in,10.0mi,WNW,18.4mph,33.4mph,N/A,	,Overcast

7:51 AM,35.1°F,24.5°F,16.0°F,46%,29.59in,10.0mi,WNW,18.4mph,44.9mph,N/A,	,Scattered Clouds

8:51 AM,34.0°F,23.8°F,12.0°F,40%,29.67in,10.0mi,WNW,16.1mph,35.7mph,N/A,	,Scattered Clouds

9:51 AM,34.0°F,23.4°F,10.9°F,38%,29.70in,10.0mi,WNW,17.3mph,33.4mph,N/A,	,Scattered Clouds

10:51 AM,35.1°F,23.8°F,9.0°F,34%,29.76in,10.0mi,West,20.7mph,35.7mph,N/A,	,Scattered Clouds

11:51 AM,36.0°F,26.0°F,7.0°F,30%,29.79in,10.0mi,WNW,17.3mph,38.0mph,N/A,	,Scattered Clouds

12:51 PM,37.9°F,30.5°F,9.0°F,30%,29.83in,10.0mi,WNW,11.5mph,32.2mph,N/A,	,Scattered Clouds

1:51 PM,37.9°F,29.2°F,5.0°F,25%,29.83in,10.0mi,WNW,15.0mph,32.2mph,N/A,	,Partly Cloudy

2:51 PM,39.0°F,32.3°F,6.1°F,26%,29.86in,10.0mi,WNW,10.4mph,29.9mph,N/A,	,Clear

3:51 PM,39.9°F,32.5°F,5.0°F,23%,29.88in,10.0mi,NW,12.7mph,26.5mph,N/A,	,Clear

4:51 PM,39.9°F,32.1°F,6.1°F,25%,29.90in,10.0mi,NW,13.8mph,23.0mph,N/A,	,Clear

5:51 PM,39.9°F,36.7°F,7.0°F,26%,29.93in,10.0mi,Variable,4.6mph,20.7mph,N/A,	,Clear

6:51 PM,39.9°F,36.7°F,7.0°F,26%,29.95in,10.0mi,Variable,4.6mph,18.4mph,N/A,	,Clear

7:51 PM,39.0°F,  -,8.1°F,28%,29.98in,10.0mi,North,  -,  -,N/A,	,Clear

8:51 PM,37.9°F,  -,9.0°F,30%,30.01in,10.0mi,Calm,Calm,  -,N/A,	,Partly Cloudy

9:51 PM,37.9°F,34.4°F,9.0°F,30%,30.03in,10.0mi,NW,4.6mph,  -,N/A,	,Mostly Cloudy

11:51 PM,37.9°F,34.4°F,10.0°F,32%,30.04in,10.0mi,Variable,4.6mph,  -,N/A,	,Overcast

