20160320
Time (EDT),Temp.,Windchill,Dew Point,Humidity,Pressure,Visibility,Wind Dir,Wind Speed,Gust Speed,Precip,Events,Conditions

12:51 AM,39.0°F,31.4°F,8.1°F,28%,30.12in,10.0mi,NE,12.7mph,18.4mph,N/A,	,Clear

1:51 AM,37.9°F,31.5°F,8.1°F,29%,30.12in,10.0mi,NE,9.2mph,  -,N/A,	,Clear

2:51 AM,37.0°F,29.8°F,8.1°F,30%,30.11in,10.0mi,NE,10.4mph,  -,N/A,	,Clear

3:51 AM,36.0°F,28.0°F,9.0°F,33%,30.12in,10.0mi,NE,11.5mph,18.4mph,N/A,	,Scattered Clouds

4:51 AM,35.1°F,27.4°F,9.0°F,34%,30.12in,10.0mi,NE,10.4mph,19.6mph,N/A,	,Scattered Clouds

5:51 AM,34.0°F,24.6°F,9.0°F,35%,30.13in,10.0mi,NE,13.8mph,20.7mph,N/A,	,Clear

6:51 AM,33.1°F,25.5°F,9.0°F,37%,30.15in,10.0mi,ENE,9.2mph,21.9mph,N/A,	,Overcast

7:51 AM,32.0°F,23.6°F,7.0°F,35%,30.17in,10.0mi,ENE,10.4mph,  -,N/A,	,Partly Cloudy

8:51 AM,34.0°F,25.5°F,7.0°F,32%,30.16in,10.0mi,ENE,11.5mph,19.6mph,N/A,	,Mostly Cloudy

9:51 AM,34.0°F,24.2°F,12.0°F,40%,30.17in,10.0mi,ENE,15.0mph,24.2mph,N/A,	,Mostly Cloudy

10:51 AM,34.0°F,23.8°F,14.0°F,44%,30.16in,10.0mi,ENE,16.1mph,  -,N/A,	,Overcast

11:51 AM,36.0°F,29.6°F,17.1°F,46%,30.17in,10.0mi,ENE,8.1mph,  -,N/A,	,Overcast

12:51 PM,37.0°F,32.4°F,19.0°F,48%,30.14in,10.0mi,Variable,5.8mph,  -,N/A,	,Overcast

1:51 PM,39.0°F,32.3°F,19.9°F,46%,30.11in,10.0mi,ENE,10.4mph,19.6mph,N/A,	,Overcast

2:51 PM,41.0°F,34.7°F,21.0°F,45%,30.07in,10.0mi,ENE,10.4mph,17.3mph,N/A,	,Scattered Clouds

3:51 PM,39.9°F,33.9°F,21.9°F,49%,30.04in,10.0mi,ENE,9.2mph,19.6mph,N/A,	,Mostly Cloudy

4:51 PM,39.0°F,32.3°F,24.1°F,55%,30.02in,10.0mi,East,10.4mph,18.4mph,N/A,	,Mostly Cloudy

5:51 PM,39.0°F,32.3°F,23.0°F,53%,30.03in,10.0mi,NE,10.4mph,  -,N/A,	,Overcast

6:51 PM,39.0°F,31.8°F,15.1°F,38%,30.02in,10.0mi,ENE,11.5mph,  -,N/A,	,Overcast

7:51 PM,39.0°F,34.8°F,17.1°F,41%,30.00in,10.0mi,Variable,5.8mph,  -,N/A,	,Overcast

8:44 PM,36.0°F,32.1°F,24.1°F,62%,30.03in,2.0mi,Variable,4.6mph,  -,0.00in,Snow,Light Snow

8:51 PM,35.1°F,29.3°F,25.0°F,67%,30.02in,2.0mi,SE,6.9mph,  -,0.00in,Snow,Light Snow

8:59 PM,35.1°F,28.6°F,26.1°F,70%,30.03in,1.5mi,East,8.1mph,  -,0.00in,Snow,Light Snow

9:08 PM,34.0°F,28.0°F,27.0°F,75%,30.03in,2.0mi,Variable,6.9mph,  -,0.00in,Snow,Light Snow

9:17 PM,34.0°F,29.8°F,27.0°F,75%,30.03in,3.0mi,Variable,4.6mph,  -,0.00in,Snow,Light Snow

9:21 PM,34.0°F,28.8°F,27.0°F,75%,30.03in,2.5mi,East,5.8mph,  -,0.00in,Snow,Light Snow

9:34 PM,34.0°F,27.2°F,28.0°F,79%,30.03in,1.8mi,ENE,8.1mph,  -,0.01in,Snow,Light Snow

9:51 PM,34.0°F,29.8°F,28.9°F,82%,30.00in,1.2mi,Variable,4.6mph,  -,0.02in,Snow,Light Snow

9:58 PM,33.1°F,25.5°F,28.9°F,85%,30.01in,1.5mi,NE,9.2mph,  -,0.00in,Snow,Light Snow

10:10 PM,33.1°F,26.1°F,28.9°F,85%,30.01in,1.2mi,NE,8.1mph,  -,0.01in,Snow,Light Snow

10:29 PM,34.0°F,29.8°F,28.9°F,82%,30.00in,2.5mi,NE,4.6mph,  -,0.01in,Snow,Light Snow

10:51 PM,33.1°F,27.7°F,30.0°F,89%,29.97in,2.5mi,NE,5.8mph,  -,0.01in,Snow,Light Snow

10:58 PM,33.1°F,26.1°F,30.0°F,89%,29.98in,3.0mi,NE,8.1mph,  -,0.00in,Snow,Light Snow

11:35 PM,34.0°F,28.0°F,28.9°F,82%,29.98in,2.5mi,Variable,6.9mph,  -,0.01in,Snow,Light Snow

11:42 PM,34.0°F,28.8°F,28.9°F,82%,29.97in,2.5mi,NNE,5.8mph,  -,0.01in,Snow,Light Snow

11:51 PM,34.0°F,27.2°F,28.9°F,82%,29.95in,1.8mi,NE,8.1mph,  -,0.01in,Snow,Light Snow

11:59 PM,34.0°F,31.0°F,30.0°F,85%,29.97in,1.8mi,Variable,3.5mph,  -,0.01in,Snow,Light Snow

