20160101
Time (EST),Temp.,Windchill,Dew Point,Humidity,Pressure,Visibility,Wind Dir,Wind Speed,Gust Speed,Precip,Events,Conditions

12:51 AM,42.1°F,39.2°F,25.0°F,51%,30.06in,10.0mi,Variable,4.6mph,  -,N/A,	,Overcast

1:51 AM,41.0°F,39.0°F,25.0°F,53%,30.06in,10.0mi,Variable,3.5mph,  -,N/A,	,Overcast

2:51 AM,41.0°F,38.0°F,26.1°F,55%,30.06in,10.0mi,West,4.6mph,  -,N/A,	,Overcast

3:51 AM,41.0°F,35.2°F,26.1°F,55%,30.06in,10.0mi,West,9.2mph,  -,N/A,	,Overcast

4:51 AM,39.9°F,33.4°F,26.1°F,58%,30.04in,10.0mi,West,10.4mph,16.1mph,N/A,	,Overcast

5:51 AM,39.9°F,35.1°F,26.1°F,58%,30.05in,10.0mi,WNW,6.9mph,  -,N/A,	,Overcast

6:51 AM,39.0°F,  -,26.1°F,60%,30.06in,10.0mi,Calm,Calm,  -,N/A,	,Overcast

7:51 AM,39.0°F,34.0°F,25.0°F,57%,30.05in,10.0mi,West,6.9mph,  -,N/A,	,Overcast

8:51 AM,39.0°F,34.0°F,24.1°F,55%,30.06in,10.0mi,West,6.9mph,  -,N/A,	,Partly Cloudy

9:51 AM,39.9°F,36.7°F,25.0°F,55%,30.06in,10.0mi,WNW,4.6mph,  -,N/A,	,Overcast

10:51 AM,39.9°F,35.8°F,24.1°F,53%,30.05in,10.0mi,Variable,5.8mph,19.6mph,N/A,	,Overcast

11:51 AM,39.9°F,33.9°F,23.0°F,51%,30.02in,10.0mi,West,9.2mph,  -,N/A,	,Overcast

12:51 PM,39.9°F,32.1°F,23.0°F,51%,29.99in,10.0mi,West,13.8mph,19.6mph,N/A,	,Overcast

1:51 PM,39.9°F,35.1°F,23.0°F,51%,29.97in,10.0mi,Variable,6.9mph,21.9mph,N/A,	,Overcast

2:51 PM,39.0°F,31.8°F,21.0°F,49%,29.98in,10.0mi,WNW,11.5mph,26.5mph,N/A,	,Overcast

3:51 PM,39.0°F,  -,19.9°F,46%,29.97in,10.0mi,North,  -,  -,N/A,	,Overcast

4:51 PM,37.9°F,30.5°F,19.9°F,48%,29.97in,10.0mi,West,11.5mph,18.4mph,N/A,	,Clear

5:51 PM,37.9°F,32.1°F,19.9°F,48%,29.99in,10.0mi,WNW,8.1mph,19.6mph,N/A,	,Clear

6:51 PM,37.0°F,28.9°F,19.9°F,50%,30.00in,10.0mi,WNW,12.7mph,18.4mph,N/A,	,Partly Cloudy

7:51 PM,37.0°F,30.4°F,19.0°F,48%,30.02in,10.0mi,West,9.2mph,16.1mph,N/A,	,Clear

8:51 PM,36.0°F,30.3°F,19.0°F,50%,30.03in,10.0mi,WNW,6.9mph,  -,N/A,	,Clear

9:51 PM,35.1°F,  -,19.9°F,54%,30.02in,10.0mi,North,  -,  -,N/A,	,Clear

10:51 PM,35.1°F,30.1°F,19.0°F,52%,30.03in,10.0mi,Variable,5.8mph,  -,N/A,	,Clear

11:51 PM,35.1°F,27.9°F,16.0°F,46%,30.03in,10.0mi,West,9.2mph,19.6mph,N/A,	,Clear

