20161012
Time (EDT),Temp.,Dew Point,Humidity,Pressure,Visibility,Wind Dir,Wind Speed,Gust Speed,Precip,Events,Conditions

12:12 AM,55.0°F,48.0°F,77%,30.42in,10.0mi,Calm,Calm,  -,N/A,	,Mostly Cloudy

12:40 AM,54.0°F,48.0°F,80%,30.42in,10.0mi,ESE,3.5mph,  -,N/A,	,Scattered Clouds

12:51 AM,54.0°F,48.0°F,80%,30.39in,10.0mi,Variable,3.5mph,  -,N/A,	,Partly Cloudy

1:51 AM,54.0°F,48.0°F,80%,30.39in,10.0mi,Calm,Calm,  -,N/A,	,Clear

2:21 AM,55.0°F,48.0°F,77%,30.42in,10.0mi,Calm,Calm,  -,N/A,	,Mostly Cloudy

2:43 AM,55.9°F,48.0°F,75%,30.42in,10.0mi,Calm,Calm,  -,N/A,	,Overcast

2:51 AM,55.0°F,48.9°F,80%,30.39in,10.0mi,Calm,Calm,  -,N/A,	,Overcast

3:51 AM,53.1°F,48.9°F,86%,30.38in,10.0mi,Calm,Calm,  -,N/A,	,Scattered Clouds

4:51 AM,53.1°F,48.9°F,86%,30.37in,10.0mi,Calm,Calm,  -,N/A,	,Partly Cloudy

5:51 AM,53.1°F,48.9°F,86%,30.37in,10.0mi,NNE,3.5mph,  -,N/A,	,Clear

6:51 AM,53.1°F,50.0°F,89%,30.36in,9.0mi,Calm,Calm,  -,N/A,	,Clear

7:51 AM,54.0°F,50.0°F,86%,30.36in,8.0mi,Calm,Calm,  -,N/A,	,Clear

8:51 AM,57.9°F,50.0°F,75%,30.37in,10.0mi,East,4.6mph,  -,N/A,	,Clear

9:51 AM,60.1°F,48.9°F,67%,30.38in,9.0mi,Calm,Calm,  -,N/A,	,Partly Cloudy

10:51 AM,61.0°F,48.9°F,64%,30.37in,10.0mi,Calm,Calm,  -,N/A,	,Mostly Cloudy

11:51 AM,63.0°F,50.0°F,63%,30.36in,10.0mi,Calm,Calm,  -,N/A,	,Overcast

12:51 PM,64.0°F,50.0°F,60%,30.33in,10.0mi,Variable,3.5mph,  -,N/A,	,Overcast

1:51 PM,64.0°F,48.9°F,58%,30.30in,10.0mi,Calm,Calm,  -,N/A,	,Mostly Cloudy

2:51 PM,63.0°F,50.0°F,63%,30.28in,10.0mi,Calm,Calm,  -,N/A,	,Scattered Clouds

3:51 PM,64.0°F,48.0°F,56%,30.26in,10.0mi,Variable,3.5mph,  -,N/A,	,Clear

4:51 PM,63.0°F,48.9°F,60%,30.25in,10.0mi,SSW,5.8mph,  -,N/A,	,Clear

5:51 PM,61.0°F,50.0°F,67%,30.24in,10.0mi,Calm,Calm,  -,N/A,	,Clear

6:51 PM,59.0°F,50.0°F,72%,30.24in,10.0mi,Variable,5.8mph,  -,N/A,	,Clear

7:51 PM,59.0°F,52.0°F,78%,30.24in,10.0mi,Calm,Calm,  -,N/A,	,Clear

8:51 PM,59.0°F,52.0°F,78%,30.24in,10.0mi,North,  -,  -,N/A,	,Clear

9:51 PM,59.0°F,53.1°F,81%,30.22in,10.0mi,Calm,Calm,  -,N/A,	,Clear

10:51 PM,57.9°F,53.1°F,84%,30.22in,10.0mi,Calm,Calm,  -,N/A,	,Clear

11:51 PM,57.9°F,54.0°F,87%,30.19in,10.0mi,Calm,Calm,  -,N/A,	,Clear

