20160314
Time (EDT),Temp.,Windchill,Dew Point,Humidity,Pressure,Visibility,Wind Dir,Wind Speed,Gust Speed,Precip,Events,Conditions

12:51 AM,50.0°F,  -,34.0°F,54%,30.13in,10.0mi,Variable,5.8mph,  -,0.00in,Rain,Light Rain

1:51 AM,51.1°F,  -,28.0°F,41%,30.11in,10.0mi,SE,9.2mph,17.3mph,0.00in,	,Overcast

2:51 AM,51.1°F,  -,28.9°F,43%,30.11in,10.0mi,Variable,5.8mph,17.3mph,N/A,	,Overcast

3:51 AM,51.1°F,  -,30.0°F,44%,30.11in,10.0mi,Variable,4.6mph,  -,N/A,	,Overcast

4:51 AM,50.0°F,  -,34.0°F,54%,30.11in,10.0mi,ESE,11.5mph,  -,0.00in,Rain,Light Rain

5:51 AM,48.0°F,  -,36.0°F,63%,30.09in,10.0mi,East,9.2mph,  -,0.01in,	,Overcast

6:51 AM,46.9°F,  -,34.0°F,61%,30.10in,10.0mi,ENE,11.5mph,  -,0.00in,	,Overcast

7:51 AM,46.0°F,41.4°F,35.1°F,66%,30.11in,10.0mi,ENE,9.2mph,18.4mph,0.01in,	,Overcast

8:42 AM,43.0°F,36.0°F,36.0°F,76%,30.15in,2.5mi,East,13.8mph,18.4mph,0.03in,Rain,Rain

8:51 AM,43.0°F,37.2°F,37.0°F,80%,30.13in,5.0mi,ENE,10.4mph,18.4mph,0.04in,Rain,Light Rain

9:09 AM,43.0°F,38.2°F,37.0°F,80%,30.15in,1.8mi,East,8.1mph,20.7mph,0.02in,Rain,Rain

9:22 AM,43.0°F,36.8°F,37.9°F,82%,30.16in,2.5mi,ENE,11.5mph,  -,0.06in,Rain,Light Rain

9:29 AM,43.0°F,37.7°F,37.9°F,82%,30.15in,5.0mi,East,9.2mph,  -,0.06in,Rain,Light Rain

9:51 AM,43.0°F,36.4°F,37.9°F,82%,30.13in,7.0mi,ENE,12.7mph,19.6mph,0.06in,Rain,Light Rain

10:51 AM,44.1°F,38.6°F,37.0°F,76%,30.12in,10.0mi,East,10.4mph,  -,0.01in,	,Overcast

11:51 AM,43.0°F,36.4°F,37.0°F,80%,30.12in,7.0mi,ENE,12.7mph,18.4mph,0.00in,Rain,Light Rain

12:51 PM,43.0°F,35.4°F,36.0°F,76%,30.10in,6.0mi,ENE,16.1mph,24.2mph,0.00in,	,Haze

1:15 PM,42.1°F,34.5°F,37.0°F,82%,30.12in,1.8mi,ENE,15.0mph,25.3mph,0.00in,Rain,Rain

1:29 PM,41.0°F,33.9°F,37.0°F,86%,30.12in,2.5mi,ENE,12.7mph,21.9mph,0.03in,Rain,Light Rain

1:51 PM,42.1°F,33.6°F,37.0°F,82%,30.08in,3.0mi,ENE,18.4mph,26.5mph,0.04in,Rain,Light Rain

2:06 PM,41.0°F,33.1°F,37.0°F,86%,30.10in,4.0mi,ENE,15.0mph,29.9mph,0.00in,	,Overcast

2:39 PM,41.0°F,32.5°F,37.0°F,86%,30.09in,2.5mi,ENE,17.3mph,28.8mph,0.01in,Rain,Light Rain

2:49 PM,41.0°F,33.1°F,37.4°F,87%,30.08in,3.0mi,ENE,15.0mph,27.6mph,0.01in,Rain,Light Rain

2:51 PM,41.0°F,32.2°F,37.0°F,86%,30.06in,4.0mi,ENE,18.4mph,27.6mph,0.01in,Rain,Light Rain

3:51 PM,39.9°F,31.1°F,36.0°F,86%,30.05in,5.0mi,ENE,17.3mph,35.7mph,0.01in,	,Overcast

4:07 PM,39.9°F,29.7°F,36.0°F,86%,30.06in,4.0mi,ENE,23.0mph,34.5mph,N/A,	,Overcast

4:51 PM,39.9°F,30.2°F,36.0°F,86%,30.02in,5.0mi,ENE,20.7mph,32.2mph,0.01in,	,Overcast

5:51 PM,41.0°F,33.5°F,37.0°F,86%,30.00in,8.0mi,East,13.8mph,26.5mph,0.00in,	,Overcast

6:51 PM,42.1°F,33.3°F,37.9°F,85%,29.98in,3.0mi,East,19.6mph,31.1mph,0.01in,	,Overcast

7:51 PM,42.1°F,33.3°F,37.9°F,85%,29.96in,5.0mi,ENE,19.6mph,28.8mph,0.01in,	,Overcast

8:51 PM,42.1°F,34.5°F,39.0°F,89%,29.96in,4.0mi,ENE,15.0mph,33.4mph,0.03in,	,Overcast

9:51 PM,42.1°F,33.3°F,39.0°F,89%,29.94in,3.0mi,East,19.6mph,35.7mph,0.03in,Rain,Light Rain

10:51 PM,43.0°F,34.8°F,39.0°F,86%,29.92in,6.0mi,ENE,18.4mph,32.2mph,0.01in,	,Overcast

11:51 PM,44.1°F,35.9°F,39.9°F,85%,29.90in,7.0mi,East,19.6mph,32.2mph,N/A,	,Overcast

