20160727
Time (EDT),Temp.,Heat Index,Dew Point,Humidity,Pressure,Visibility,Wind Dir,Wind Speed,Gust Speed,Precip,Events,Conditions

12:51 AM,80.1°F,81.1°F,61.0°F,52%,29.92in,10.0mi,NE,5.8mph,  -,N/A,	,Clear

1:51 AM,80.1°F,80.9°F,60.1°F,50%,29.93in,10.0mi,Variable,4.6mph,  -,N/A,	,Clear

2:51 AM,77.0°F,  -,61.0°F,58%,29.93in,10.0mi,Calm,Calm,  -,N/A,	,Clear

3:51 AM,75.9°F,  -,61.0°F,60%,29.94in,10.0mi,Calm,Calm,  -,N/A,	,Scattered Clouds

4:51 AM,75.0°F,  -,63.0°F,66%,29.94in,10.0mi,Calm,Calm,  -,N/A,	,Clear

5:51 AM,75.0°F,  -,62.1°F,64%,29.95in,9.0mi,NNE,3.5mph,  -,N/A,	,Clear

6:51 AM,77.0°F,  -,62.1°F,60%,29.95in,9.0mi,NE,4.6mph,  -,N/A,	,Clear

7:51 AM,78.1°F,  -,60.1°F,54%,29.96in,9.0mi,NNE,4.6mph,  -,N/A,	,Clear

8:51 AM,80.1°F,80.9°F,60.1°F,50%,29.96in,9.0mi,Variable,3.5mph,  -,N/A,	,Clear

9:51 AM,82.0°F,82.7°F,61.0°F,49%,29.96in,9.0mi,Variable,4.6mph,  -,N/A,	,Clear

10:51 AM,84.0°F,84.0°F,60.1°F,44%,29.95in,9.0mi,West,4.6mph,  -,N/A,	,Clear

11:51 AM,88.0°F,88.7°F,63.0°F,43%,29.94in,9.0mi,Variable,4.6mph,  -,N/A,	,Clear

12:51 PM,90.0°F,90.0°F,61.0°F,38%,29.94in,9.0mi,Calm,Calm,  -,N/A,	,Clear

1:51 PM,90.0°F,90.6°F,63.0°F,40%,29.92in,9.0mi,Calm,Calm,  -,N/A,	,Scattered Clouds

2:51 PM,88.0°F,87.6°F,60.1°F,39%,29.92in,9.0mi,West,3.5mph,  -,N/A,	,Mostly Cloudy

3:51 PM,89.1°F,89.3°F,62.1°F,40%,29.90in,9.0mi,Calm,Calm,  -,N/A,	,Mostly Cloudy

4:51 PM,87.1°F,87.8°F,63.0°F,44%,29.89in,9.0mi,West,4.6mph,  -,N/A,	,Scattered Clouds

5:51 PM,87.1°F,87.8°F,63.0°F,44%,29.88in,9.0mi,WSW,4.6mph,  -,N/A,	,Clear

6:51 PM,86.0°F,87.3°F,64.0°F,48%,29.88in,9.0mi,Calm,Calm,  -,N/A,	,Clear

7:51 PM,84.0°F,85.8°F,64.9°F,53%,29.88in,8.0mi,Calm,Calm,  -,N/A,	,Clear

8:51 PM,82.9°F,84.6°F,64.9°F,54%,29.90in,10.0mi,Calm,Calm,  -,N/A,	,Clear

9:51 PM,82.9°F,85.0°F,66.0°F,56%,29.91in,10.0mi,Variable,3.5mph,  -,N/A,	,Overcast

10:51 PM,81.0°F,83.0°F,66.0°F,60%,29.91in,10.0mi,Calm,Calm,  -,N/A,	,Clear

11:51 PM,80.1°F,82.7°F,68.0°F,67%,29.91in,9.0mi,Calm,Calm,  -,N/A,	,Clear

