20160824
Time (EDT),Temp.,Heat Index,Dew Point,Humidity,Pressure,Visibility,Wind Dir,Wind Speed,Gust Speed,Precip,Events,Conditions

12:51 AM,71.1°F,  -,57.9°F,63%,30.28in,10.0mi,Variable,3.5mph,  -,N/A,	,Unknown

2:51 AM,70.0°F,  -,57.0°F,63%,30.26in,10.0mi,West,3.5mph,  -,N/A,	,Clear

3:51 AM,69.1°F,  -,57.0°F,65%,30.26in,10.0mi,Calm,Calm,  -,N/A,	,Clear

4:51 AM,68.0°F,  -,57.9°F,70%,30.26in,10.0mi,Calm,Calm,  -,N/A,	,Clear

5:51 AM,68.0°F,  -,57.9°F,70%,30.27in,  -,WNW,3.5mph,  -,N/A,	,Unknown

6:51 AM,68.0°F,  -,57.9°F,70%,30.28in,9.0mi,WNW,4.6mph,  -,N/A,	,Clear

7:51 AM,70.0°F,  -,59.0°F,68%,30.30in,8.0mi,West,4.6mph,  -,N/A,	,Clear

8:51 AM,73.0°F,  -,59.0°F,61%,30.29in,8.0mi,Variable,3.5mph,  -,N/A,	,Clear

9:51 AM,75.0°F,  -,60.1°F,60%,30.28in,9.0mi,Variable,3.5mph,  -,N/A,	,Clear

10:51 AM,80.1°F,80.9°F,60.1°F,50%,30.27in,9.0mi,Calm,Calm,  -,N/A,	,Unknown

11:51 AM,82.9°F,82.8°F,59.0°F,44%,30.25in,9.0mi,West,5.8mph,  -,N/A,	,Clear

12:51 PM,84.9°F,84.2°F,57.9°F,40%,30.23in,9.0mi,Variable,3.5mph,  -,N/A,	,Clear

1:51 PM,86.0°F,85.4°F,59.0°F,40%,30.21in,9.0mi,Calm,Calm,  -,N/A,	,Clear

2:51 PM,87.8°F,86.1°F,55.4°F,33%,		-,  -,North,  -,  -,N/A,	,Unknown

3:51 PM,86.0°F,85.4°F,59.0°F,40%,		-,  -,North,  -,  -,N/A,	,Unknown

4:51 PM,84.2°F,85.0°F,62.6°F,48%,		-,  -,North,  -,  -,N/A,	,Unknown

5:51 PM,84.2°F,84.4°F,60.8°F,45%,		-,  -,North,  -,  -,N/A,	,Unknown

6:51 PM,82.4°F,83.4°F,62.6°F,51%,		-,  -,North,  -,  -,N/A,	,Unknown

7:51 PM,80.6°F,81.8°F,62.6°F,54%,		-,  -,North,  -,  -,N/A,	,Unknown

8:51 PM,78.8°F,  -,64.4°F,61%,		-,  -,North,  -,  -,N/A,	,Unknown

9:51 PM,77.0°F,  -,62.6°F,61%,		-,  -,North,  -,  -,N/A,	,Unknown

10:51 PM,77.0°F,  -,62.6°F,61%,		-,  -,North,  -,  -,N/A,	,Unknown

11:51 PM,75.2°F,  -,60.8°F,61%,		-,  -,North,  -,  -,N/A,	,Unknown

