20160816
Time (EDT),Temp.,Heat Index,Dew Point,Humidity,Pressure,Visibility,Wind Dir,Wind Speed,Gust Speed,Precip,Events,Conditions

12:51 AM,81.0°F,84.9°F,71.1°F,72%,30.18in,9.0mi,Calm,Calm,  -,N/A,	,Clear

1:51 AM,81.0°F,84.9°F,71.1°F,72%,30.18in,9.0mi,West,3.5mph,  -,N/A,	,Mostly Cloudy

2:51 AM,81.0°F,84.9°F,71.1°F,72%,30.18in,9.0mi,WSW,3.5mph,  -,N/A,	,Partly Cloudy

3:51 AM,80.1°F,83.2°F,70.0°F,71%,30.17in,9.0mi,West,3.5mph,  -,N/A,	,Partly Cloudy

4:51 AM,80.1°F,83.6°F,71.1°F,74%,30.17in,9.0mi,West,4.6mph,  -,N/A,	,Scattered Clouds

5:51 AM,79.0°F,  -,72.0°F,79%,30.17in,8.0mi,Calm,Calm,  -,N/A,	,Clear

6:51 AM,78.1°F,  -,73.0°F,84%,30.17in,7.0mi,Calm,Calm,  -,N/A,	,Clear

7:51 AM,80.1°F,83.8°F,72.0°F,76%,30.18in,7.0mi,ESE,5.8mph,  -,N/A,	,Partly Cloudy

8:51 AM,81.0°F,85.2°F,72.0°F,74%,30.19in,7.0mi,ENE,3.5mph,  -,N/A,	,Partly Cloudy

9:51 AM,82.9°F,88.0°F,72.0°F,69%,30.18in,8.0mi,Calm,Calm,  -,N/A,	,Scattered Clouds

10:51 AM,84.0°F,89.0°F,71.1°F,65%,30.17in,8.0mi,SW,5.8mph,  -,N/A,	,Mostly Cloudy

11:51 AM,86.0°F,91.5°F,71.1°F,61%,30.15in,8.0mi,Calm,Calm,  -,N/A,	,Mostly Cloudy

12:51 PM,87.1°F,92.8°F,71.1°F,59%,30.14in,9.0mi,Variable,3.5mph,  -,N/A,	,Overcast

1:51 PM,84.9°F,90.7°F,72.0°F,65%,30.13in,9.0mi,Variable,4.6mph,  -,N/A,	,Overcast

2:51 PM,87.1°F,93.6°F,72.0°F,61%,30.10in,8.0mi,Variable,3.5mph,  -,N/A,	,Mostly Cloudy

3:51 PM,87.1°F,95.4°F,73.9°F,65%,30.07in,8.0mi,North,  -,  -,N/A,	,Scattered Clouds

4:36 PM,82.9°F,91.8°F,77.0°F,82%,30.09in,2.0mi,South,6.9mph,  -,0.02in,Rain,Light Rain

4:44 PM,82.0°F,90.2°F,77.0°F,85%,30.09in,7.0mi,South,9.2mph,  -,0.02in,	,Scattered Clouds

4:51 PM,81.0°F,87.3°F,75.9°F,85%,30.06in,5.0mi,South,5.8mph,  -,0.02in,Rain,Light Rain

5:51 PM,84.0°F,92.6°F,75.9°F,76%,30.04in,8.0mi,Variable,5.8mph,  -,0.00in,	,Clear

6:51 PM,84.0°F,92.6°F,75.9°F,76%,30.01in,8.0mi,Variable,5.8mph,  -,N/A,	,Clear

7:51 PM,84.0°F,93.7°F,77.0°F,79%,30.00in,9.0mi,Variable,4.6mph,  -,N/A,	,Partly Cloudy

8:23 PM,84.0°F,93.7°F,77.0°F,79%,30.03in,1.8mi,Variable,4.6mph,17.3mph,0.00in,Rain,Light Rain

8:33 PM,81.0°F,88.6°F,78.1°F,91%,30.03in,3.0mi,WNW,9.2mph,  -,0.09in,Rain,Light Rain

8:51 PM,81.0°F,88.6°F,78.1°F,91%,30.01in,6.0mi,Calm,Calm,  -,0.09in,	,Mostly Cloudy

9:03 PM,80.1°F,86.4°F,78.1°F,94%,30.04in,5.0mi,Variable,3.5mph,  -,N/A,	,Mostly Cloudy

9:51 PM,81.0°F,88.6°F,78.1°F,91%,30.00in,7.0mi,Variable,4.6mph,  -,N/A,	,Clear

10:51 PM,82.0°F,90.2°F,77.0°F,85%,30.00in,8.0mi,SSW,8.1mph,17.3mph,N/A,	,Clear

11:51 PM,82.9°F,90.8°F,75.9°F,79%,29.99in,9.0mi,Variable,6.9mph,17.3mph,N/A,	,Clear

