20160907
Time (EDT),Temp.,Heat Index,Dew Point,Humidity,Pressure,Visibility,Wind Dir,Wind Speed,Gust Speed,Precip,Events,Conditions

12:10 AM,71.1°F,  -,66.9°F,87%,30.01in,10.0mi,Variable,5.8mph,  -,N/A,	,Overcast

12:48 AM,71.6°F,  -,66.2°F,83%,30.01in,8.0mi,NNE,8.1mph,  -,N/A,	,Overcast

12:51 AM,72.0°F,  -,66.9°F,84%,29.99in,5.0mi,NE,9.2mph,  -,N/A,	,Haze

12:59 AM,71.1°F,  -,66.9°F,87%,30.01in,6.0mi,NNE,8.1mph,  -,N/A,	,Overcast

1:17 AM,71.1°F,  -,66.0°F,84%,30.01in,10.0mi,Variable,6.9mph,18.4mph,N/A,	,Overcast

1:28 AM,71.1°F,  -,66.0°F,84%,30.01in,10.0mi,ENE,10.4mph,18.4mph,N/A,	,Overcast

1:35 AM,72.0°F,  -,66.0°F,81%,30.01in,10.0mi,NE,6.9mph,18.4mph,N/A,	,Overcast

1:51 AM,72.0°F,  -,66.0°F,81%,29.98in,7.0mi,NE,8.1mph,17.3mph,N/A,	,Overcast

2:19 AM,72.0°F,  -,66.0°F,81%,30.00in,10.0mi,Variable,6.9mph,  -,N/A,	,Overcast

2:51 AM,71.1°F,  -,66.0°F,84%,29.97in,10.0mi,NE,8.1mph,  -,N/A,	,Overcast

3:01 AM,71.1°F,  -,66.0°F,84%,29.99in,10.0mi,NE,6.9mph,  -,N/A,	,Overcast

3:22 AM,72.0°F,  -,66.0°F,81%,30.00in,10.0mi,Variable,6.9mph,  -,N/A,	,Overcast

3:51 AM,72.0°F,  -,66.0°F,81%,29.96in,10.0mi,Variable,4.6mph,  -,N/A,	,Mostly Cloudy

4:20 AM,72.0°F,  -,66.0°F,81%,29.99in,10.0mi,Variable,6.9mph,  -,N/A,	,Overcast

4:51 AM,71.1°F,  -,66.0°F,84%,29.96in,10.0mi,Variable,5.8mph,  -,N/A,	,Mostly Cloudy

5:51 AM,72.0°F,  -,66.0°F,81%,29.97in,10.0mi,NE,6.9mph,  -,N/A,	,Mostly Cloudy

6:51 AM,72.0°F,  -,66.0°F,81%,29.99in,10.0mi,Variable,4.6mph,  -,N/A,	,Overcast

7:42 AM,73.0°F,  -,66.0°F,79%,30.03in,10.0mi,Variable,3.5mph,  -,N/A,	,Mostly Cloudy

7:51 AM,73.0°F,  -,66.0°F,79%,30.00in,9.0mi,Variable,5.8mph,  -,N/A,	,Overcast

8:51 AM,73.0°F,  -,66.0°F,79%,30.00in,9.0mi,NE,8.1mph,  -,N/A,	,Overcast

9:51 AM,73.9°F,  -,66.0°F,76%,30.00in,10.0mi,NE,12.7mph,18.4mph,N/A,	,Overcast

10:51 AM,77.0°F,  -,66.0°F,69%,30.00in,9.0mi,ENE,9.2mph,20.7mph,N/A,	,Mostly Cloudy

11:51 AM,81.0°F,83.0°F,66.0°F,60%,29.99in,9.0mi,NE,11.5mph,19.6mph,N/A,	,Clear

12:51 PM,82.0°F,83.8°F,64.9°F,56%,29.98in,10.0mi,ENE,12.7mph,18.4mph,N/A,	,Mostly Cloudy

1:51 PM,82.0°F,83.8°F,64.9°F,56%,29.99in,10.0mi,Variable,6.9mph,  -,N/A,	,Overcast

2:51 PM,82.9°F,85.0°F,66.0°F,56%,29.97in,10.0mi,NNE,9.2mph,  -,N/A,	,Mostly Cloudy

3:51 PM,82.9°F,84.6°F,64.9°F,54%,29.96in,10.0mi,Variable,6.9mph,  -,N/A,	,Scattered Clouds

4:51 PM,82.9°F,84.4°F,64.0°F,53%,29.94in,10.0mi,ENE,9.2mph,17.3mph,N/A,	,Partly Cloudy

5:51 PM,82.0°F,84.1°F,66.0°F,58%,29.93in,10.0mi,ENE,6.9mph,  -,N/A,	,Mostly Cloudy

6:51 PM,79.0°F,  -,66.0°F,64%,29.94in,9.0mi,Variable,5.8mph,  -,N/A,	,Clear

7:51 PM,78.1°F,  -,64.9°F,64%,29.96in,10.0mi,Variable,3.5mph,  -,N/A,	,Scattered Clouds

8:51 PM,77.0°F,  -,66.0°F,69%,29.97in,10.0mi,Variable,4.6mph,  -,N/A,	,Mostly Cloudy

9:51 PM,75.0°F,  -,66.9°F,76%,29.95in,9.0mi,ENE,3.5mph,  -,N/A,	,Scattered Clouds

10:51 PM,73.0°F,  -,66.9°F,81%,29.96in,9.0mi,Calm,Calm,  -,N/A,	,Clear

11:51 PM,73.0°F,  -,68.0°F,84%,29.95in,9.0mi,Calm,Calm,  -,N/A,	,Clear

