20160312
Time (EST),Temp.,Windchill,Dew Point,Humidity,Pressure,Visibility,Wind Dir,Wind Speed,Gust Speed,Precip,Events,Conditions

12:51 AM,46.9°F,  -,28.0°F,48%,30.35in,10.0mi,NE,6.9mph,  -,N/A,	,Clear

1:51 AM,46.0°F,41.9°F,27.0°F,47%,30.36in,10.0mi,NNE,8.1mph,  -,N/A,	,Clear

2:51 AM,44.1°F,40.1°F,25.0°F,47%,30.36in,10.0mi,North,6.9mph,  -,N/A,	,Clear

3:51 AM,43.0°F,40.3°F,26.1°F,51%,30.35in,10.0mi,Variable,4.6mph,  -,N/A,	,Clear

4:51 AM,41.0°F,38.0°F,26.1°F,55%,30.35in,10.0mi,NNE,4.6mph,  -,N/A,	,Clear

5:51 AM,39.9°F,  -,25.0°F,55%,30.35in,10.0mi,Calm,Calm,  -,N/A,	,Clear

6:51 AM,41.0°F,38.0°F,27.0°F,57%,30.35in,10.0mi,Variable,4.6mph,  -,N/A,	,Clear

7:51 AM,43.0°F,41.3°F,27.0°F,53%,30.34in,10.0mi,Variable,3.5mph,  -,N/A,	,Clear

8:51 AM,46.9°F,  -,28.0°F,48%,30.33in,10.0mi,Calm,Calm,  -,N/A,	,Clear

9:51 AM,48.9°F,  -,28.0°F,44%,30.32in,10.0mi,Variable,4.6mph,  -,N/A,	,Clear

10:51 AM,53.1°F,  -,28.9°F,40%,30.29in,10.0mi,North,  -,  -,N/A,	,Clear

11:51 AM,55.9°F,  -,28.0°F,34%,30.26in,10.0mi,Variable,3.5mph,  -,N/A,	,Clear

12:51 PM,57.0°F,  -,27.0°F,32%,30.22in,10.0mi,Variable,3.5mph,  -,N/A,	,Clear

1:51 PM,57.9°F,  -,30.9°F,36%,30.17in,10.0mi,SSE,5.8mph,  -,N/A,	,Clear

2:51 PM,55.9°F,  -,34.0°F,44%,30.13in,10.0mi,Variable,5.8mph,  -,N/A,	,Clear

3:51 PM,55.0°F,  -,35.1°F,47%,30.11in,10.0mi,SSE,5.8mph,  -,N/A,	,Scattered Clouds

4:51 PM,55.9°F,  -,35.1°F,45%,30.08in,10.0mi,South,6.9mph,  -,N/A,	,Mostly Cloudy

5:51 PM,55.9°F,  -,36.0°F,47%,30.06in,10.0mi,Variable,4.6mph,  -,N/A,	,Clear

6:51 PM,57.0°F,  -,37.0°F,47%,30.05in,10.0mi,WSW,9.2mph,  -,N/A,	,Clear

7:51 PM,55.9°F,  -,37.9°F,51%,30.04in,10.0mi,Variable,4.6mph,  -,N/A,	,Clear

8:51 PM,55.9°F,  -,37.9°F,51%,30.04in,10.0mi,Variable,6.9mph,21.9mph,N/A,	,Clear

9:51 PM,55.0°F,  -,37.9°F,53%,30.02in,10.0mi,Variable,6.9mph,17.3mph,N/A,	,Clear

10:51 PM,54.0°F,  -,37.9°F,55%,30.01in,10.0mi,West,8.1mph,  -,N/A,	,Clear

11:51 PM,53.1°F,  -,37.9°F,57%,30.00in,10.0mi,Variable,3.5mph,  -,N/A,	,Clear

