20161217
Time (EST),Temp.,Windchill,Dew Point,Humidity,Pressure,Visibility,Wind Dir,Wind Speed,Gust Speed,Precip,Events,Conditions

12:51 AM,27.0°F,21.6°F,10.0°F,49%,30.35in,10.0mi,West,4.6mph,  -,N/A,	,Overcast

1:51 AM,28.0°F,  -,12.0°F,51%,30.32in,10.0mi,Calm,Calm,  -,N/A,	,Overcast

2:51 AM,28.9°F,25.2°F,12.9°F,51%,30.30in,10.0mi,West,3.5mph,  -,N/A,	,Overcast

3:09 AM,27.0°F,15.2°F,16.0°F,63%,30.33in,1.8mi,WSW,15.0mph,21.9mph,0.00in,Snow,Light Snow

3:16 AM,26.1°F,  -,18.0°F,71%,30.33in,0.8mi,North,  -,  -,0.01in,Snow,Light Snow

3:43 AM,24.1°F,18.2°F,19.9°F,84%,30.31in,0.8mi,Variable,4.6mph,  -,0.03in,Snow,Light Snow

3:51 AM,25.0°F,18.1°F,21.0°F,85%,30.29in,0.8mi,West,5.8mph,  -,0.04in,Snow,Light Snow

4:29 AM,25.0°F,20.7°F,21.9°F,88%,30.26in,1.0mi,West,3.5mph,  -,0.03in,Snow,Light Snow

4:51 AM,26.1°F,  -,23.0°F,88%,30.20in,1.2mi,Calm,Calm,  -,0.04in,Snow,Light Snow

5:26 AM,27.0°F,23.0°F,24.1°F,89%,30.18in,0.8mi,Variable,3.5mph,  -,0.02in,Snow,Light Snow

5:49 AM,26.6°F,22.6°F,24.8°F,93%,30.17in,0.8mi,Variable,3.5mph,  -,0.03in,Snow,Light Snow

5:51 AM,27.0°F,  -,25.0°F,92%,30.15in,0.8mi,Calm,Calm,  -,0.03in,Snow,Light Snow

6:10 AM,27.0°F,21.6°F,24.1°F,89%,30.16in,0.8mi,SE,4.6mph,  -,0.02in,Snow,Light Snow

6:51 AM,27.0°F,21.6°F,25.0°F,92%,30.11in,0.8mi,Variable,4.6mph,  -,0.07in,Snow,Light Snow

7:38 AM,28.0°F,21.7°F,26.1°F,92%,30.09in,0.8mi,SE,5.8mph,  -,0.07in,Snow,Light Snow

7:51 AM,28.0°F,  -,26.1°F,92%,30.06in,0.8mi,Calm,Calm,  -,0.09in,Snow,Light Snow

8:41 AM,28.9°F,  -,27.0°F,92%,30.04in,1.8mi,Calm,Calm,  -,0.11in,Snow,Light Snow

8:51 AM,30.0°F,25.2°F,28.0°F,92%,30.03in,1.5mi,ESE,4.6mph,  -,0.13in,Rain,Light Freezing Rain

9:25 AM,32.0°F,  -,30.0°F,92%,30.04in,1.5mi,Calm,Calm,  -,0.10in,Rain,Light Freezing Rain

9:49 AM,32.0°F,27.5°F,30.2°F,93%,30.02in,1.2mi,Variable,4.6mph,  -,0.18in,Rain,Light Freezing Rain

9:51 AM,32.0°F,24.8°F,30.9°F,96%,29.99in,1.0mi,ENE,8.1mph,  -,0.18in,Rain,Light Freezing Rain

10:37 AM,32.0°F,  -,32.0°F,100%,30.01in,1.5mi,Calm,Calm,  -,0.11in,Rain,Light Freezing Rain

10:51 AM,32.0°F,28.7°F,32.0°F,100%,29.97in,1.5mi,NE,3.5mph,  -,0.13in,	,Overcast

11:59 AM,33.1°F,  -,32.0°F,96%,29.94in,2.0mi,Calm,Calm,  -,N/A,	,Overcast

12:51 PM,34.0°F,31.0°F,33.1°F,96%,29.90in,2.5mi,WNW,3.5mph,  -,N/A,	,Overcast

1:25 PM,35.1°F,31.0°F,33.1°F,92%,29.92in,4.0mi,West,4.6mph,  -,N/A,	,Overcast

1:51 PM,35.1°F,30.1°F,32.0°F,89%,29.89in,4.0mi,West,5.8mph,  -,N/A,	,Overcast

2:12 PM,36.0°F,29.6°F,33.1°F,89%,29.91in,4.0mi,WSW,8.1mph,  -,N/A,	,Overcast

2:51 PM,35.1°F,27.9°F,33.1°F,92%,29.90in,5.0mi,West,9.2mph,  -,N/A,	,Overcast

3:51 PM,35.1°F,27.9°F,32.0°F,89%,29.90in,7.0mi,WSW,9.2mph,  -,N/A,	,Overcast

4:11 PM,35.1°F,30.1°F,32.0°F,89%,29.92in,8.0mi,West,5.8mph,  -,N/A,	,Overcast

4:51 PM,36.0°F,30.3°F,33.1°F,89%,29.92in,9.0mi,Variable,6.9mph,18.4mph,N/A,	,Overcast

5:51 PM,36.0°F,30.3°F,33.1°F,89%,29.92in,8.0mi,West,6.9mph,  -,N/A,	,Overcast

6:51 PM,36.0°F,32.1°F,33.1°F,89%,29.94in,8.0mi,West,4.6mph,  -,N/A,	,Overcast

7:29 PM,37.0°F,  -,33.1°F,86%,29.95in,8.0mi,Calm,Calm,  -,N/A,	,Overcast

7:51 PM,37.0°F,31.0°F,33.1°F,86%,29.94in,8.0mi,West,8.1mph,  -,N/A,	,Overcast

8:51 PM,37.0°F,34.5°F,34.0°F,89%,29.94in,7.0mi,WSW,3.5mph,  -,N/A,	,Mostly Cloudy

9:51 PM,37.0°F,33.3°F,34.0°F,89%,29.92in,7.0mi,West,4.6mph,  -,N/A,	,Mostly Cloudy

10:17 PM,37.9°F,  -,35.1°F,89%,29.94in,7.0mi,Calm,Calm,  -,N/A,	,Mostly Cloudy

10:51 PM,39.0°F,36.8°F,35.1°F,86%,29.92in,7.0mi,NE,3.5mph,  -,N/A,	,Overcast

11:51 PM,39.0°F,  -,36.0°F,89%,29.91in,7.0mi,Calm,Calm,  -,N/A,	,Overcast

